fuck,date,organization,address,license,licenseYear,licenseCode,latitude,longitude
1,1992/10/22,八里山水管理委員會,八里鄉中華路二段208巷5號,83八使字第1680號83八使字第1729號,83,1680,25.030242,121.504264
1,1996/10/04,八里鄉鴻運管理委員會,八里鄉中山路171巷3號,84八使字第 0144 號,84,0144,25.13875,121.511799
1,1996/10/08,八里鄉關渡夏威夷管理委員會,八里鄉中山路125號,65八使字第 2307 號,65,2307,25.138722,121.511585
1,1996/11/07,台北設計家管理委員會,八里鄉中山路2段255巷,83八使字第 0817 號,83,0817,25.017852,121.477123
1,1996/12/16,八里鄉麗景山水管理委員會,八里鄉中山路28之13號11樓,83八使字第 0799 號,83,0799,25.137267,121.510318
1,1996/12/16,麗景山水管理委員會,八里鄉中山路28號,83八使字第 0799 號,83,0799,25.137342,121.510217
1,1997/03/16,海艷華廈管理委員會,八里鄉中山路一段65巷15號,84八使字第 1049 號,84,1049,25.138722,121.511585
1,1997/03/22,富林美景管理委員會,八里鄉龍米路二段115號,85八使字第 0499 號,85,0499,25.143042,121.447115
1,1997/04/01,福星管理委員會,八里鄉中華路二段160號6樓,83八使字第 1573 號,83,1573,25.031013,121.50425
1,1997/05/07,台北上海管理委員會,八里鄉中山路245號,84八使字第 1043 號,84,1043,25.138722,121.511585
1,1997/05/20,愛琴海管理委員會,八里鄉中山路70之20號7樓,84八使字第 1543 號,84,1543,25.138667,121.511667
1,1997/06/06,陽明山水管理委員會,八里鄉龍源村4鄰頂寮二街33號,84八使字第 1289 號,84,1289,25.125029,121.450258
1,1997/07/05,早安八里管理委員會,八里鄉中山路30之8號2樓,85八使字第 0358 號,85,0358,25.137484,121.510741
1,1997/07/22,鶴馨居管理委員會,八里鄉中山路2之66號,84八使字第 0144 號,84,0144,25.136724,121.506511
1,1997/08/08,地中海管理委員會,八里鄉龍米路一段442號,85八使字第 1337 號,85,1337,25.134205,121.450891
1,1997/10/08,海岸新都管理委員會,八里鄉龍米路2段200巷12號,83八使字第 1043 號,83,1043,25.159483,121.433293
1,1997/12/18,山水雲莊管理委員會,八里鄉龍形三街21號,85八使字第 1181 號,85,1181,25.131397,121.449245
1,1998/01/21,巴黎風情管理委員會,八里鄉中華路二段172號,84八使字第 0189 號,84,0189,25.030595,121.504271
1,1998/01/21,萊茵風情管理委員會,八里鄉中山路50號,86八使字第 0224 號,86,0224,25.138722,121.511585
1,1998/03/23,黃金海岸管理委員會,八里鄉中華路二段288號,84八使字第 1627 號,84,1627,25.029734,121.504451
1,1998/03/25,八里山河戀NO1管理委員會,八里鄉中華路366號,82八使字第 1418 號,82,1418,25.15067,121.73611
1,1998/05/28,法拉麗管理委員會,八里鄉頂寮二街28號5樓,83八使字第 0847 號,83,0847,25.125298,121.450653
1,1998/06/03,河畔新都管理委員會,八里鄉龍米路二段31號,85八使字第 1314 號,85,1314,25.139804,121.448342
1,1998/06/30,山水緣管理委員會,八里鄉中山路2之60號,83八使字第 0216 號,83,0216,25.136724,121.506511
1,1998/09/07,台北鄉管理委員會城,八里鄉中山路78之3號,82八使字第 1350 號,82,1350,25.138847,121.511636
1,1998/09/23,山河戀二期管理委員會,八里鄉中華路二段376號,84八使字第 1326 號,84,1326,24.203372,120.538126
1,1998/10/20,虹橋豪景大廈管理委員會,八里鄉龍米路二段69-75號,86八使字第 1255 號,86,1255,25.141036,121.447891
1,1998/11/20,關渡小城管理委員會,八里鄉中華路二段308巷9號1樓,82八使字第 0307 號,82,0307,25.148834,121.403524
1,1998/12/14,淡水芳鄰管理委員會,八里鄉中山路二段303巷8號,83八使字第 1609 號,83,1609,25.138722,121.511585
1,1998/12/29,八里風情NO.2管理委員會,八里鄉中山路17之13號,82八使字第 0073 號,82,0073,25.138007,121.509604
1,1998/12/29,山海觀管理委員會,八里鄉中山路二段79號1樓,84八使字第 0468 號,84,0468,25.138722,121.511585
1,1999/05/28,波詩灣管理委員會,八里鄉龍米路一段358號,87八使字第 0756 號,87,0756,25.131229,121.451607
1,1999/06/22,日光大道管理委員會,八里鄉中華路二段400號,84八使字第 0143 號,84,0143,24.252044,120.556167
1,1999/07/07,在水一方江水藍特區管理委員會,八里鄉頂寮五街22號,83八使字第 1666 號,83,1666,25.126266,121.451223
1,1999/09/30,巴黎春天管理委員會,八里鄉中山路9之27號,86八使字第 0679 號,86,0679,25.138007,121.509604
1,1999/12/21,加勒比海管理委員會,八里鄉龍米路二段18號,87八使字第 0714 號,87,0714,25.139101,121.449212
1,2000/01/27,喜來登管理委員會,八里鄉中華路390號,87八使字第 0839 號,87,0839,25.026237,121.507875
1,2000/06/29,龍行大地管理委員會,八里鄉龍米路二段90號,87八使字第 0867 號,87,0867,25.143418,121.44726
1,2000/07/13,關渡夏威夷管理委員會,八里鄉中山路125之18號,82八使字第 0043 號,82,0043,25.138667,121.511667
1,2000/08/01,一品公爵管理委員會,八里鄉龍形一街29號,82八使字第 0406 號,82,0406,25.130216,121.449655
1,2000/08/21,遊山玩水管理委員會,八里鄉龍米路一段245號,88八使字第 0875 號,88,0875,25.133194,121.451029
1,2000/12/18,關渡風情管理委員會,八里鄉頂寮二街13號,85八使字第 0567 號,85,0567,25.124324,121.450647
1,2001/02/15,山河戀第三期管理委員會,八里鄉中華路二段246號8樓,87八使字第 0928 號,87,0928,25.030242,121.504264
1,2001/08/06,摩登原始人管理委員會,八里鄉頂寮三街46號,84八使字第 1320 號,84,1320,25.125744,121.451091
1,2001/10/26,巴黎假期管理委員會,八里鄉龍米路一段221號,89八使字第 0943 號,89,0943,25.131837,121.451327
1,2001/12/11,初戀八里管理委員會,八里鄉中山路一段129巷15號,83八使字第 0769 號,83,0769,25.138722,121.511585
1,2001/12/19,關渡山水管理委員會,八里鄉頂寮二街89至99號,88八使字第 0229 號,88,0229,25.125506,121.449461
1,2002/01/17,小聖心第六期管理委員會,八里鄉龍形一街12巷2號,85八使字第 0129 號,85,0129,25.130554,121.450008
1,2002/04/17,香榭大道管理委員會,八里鄉中華路二段280號,82八使字第 1161 號,82,1161,25.030242,121.504264
1,2002/12/05,在水一方管理委員會,八里鄉頂寮三街10號B1,84八使字第 0464 號,84,0464,25.125872,121.451838
1,2003/03/24,麗池海岸管理委員會,八里鄉龍米路一段238-260號,90八使字第 0335 號,90,0335,25.128899,121.451952
1,2003/12/31,中山華廈管理委員會,八里鄉中山路二段408~412號,88八使字第 1074 號,88,1074,25.138722,121.511585
1,2004/02/06,富貴麗園管理委員會,八里鄉中山路二段447巷23號7樓,91八使字第 0253 號,91,0253,25.138722,121.511585
1,2005/04/07,龍霆企業股份有限公司管理負責人,八里鄉忠孝路298.300號,94八使字第0297號,94,0297,23.019749,120.243746
1,2005/06/22,忠孝雅築,八里鄉中山路一段376號2樓,94八使字第0238號,94,0238,25.138722,121.511585
1,2005/10/13,名家公寓大廈,八里鄉文昌路112號,94八使字第0257 號,94,0257,25.096927,121.521001
1,2006/03/23,高賓建設股份有限公司,八里鄉賢三街176號,94八使字第0412號,94,0412,25.15671,121.414337
1,2006/03/23,王派精密企業有限公司,八里鄉仁愛路205號,94八使字第0511號,94,0511,25.03817,121.552283
1,2006/05/03,葉金印住宅公寓大廈,八里鄉忠六街2.6號,95八使字第0090號,95,0090,25.159399,121.42272
1,2006/07/11,春天戀人社區,八里鄉龍米路一段198.200號,94八使字第0587號,94,0587,25.138007,121.449637
1,2006/08/18,永嘉鐵工廠工程有限公司,八里鄉博物館路165號,95八使字第0317號,95,0317,25.157415,121.406722
1,2006/09/27,左岸觀海雅築,八里鄉觀海大道63號,95八使字第0297號,95,0297,25.161663,121.427777
1,2006/10/12,巴黎左岸管理委員會,八里鄉頂寮二街87號7樓,95八使字第0192號,95,0192,25.125543,121.449851
1,2006/10/31,張財旺公寓大廈管理負責人,八里鄉舊城村21鄰松子腳2號,95八使字第0499號,95,0499,25.144812,121.403435
1,2007/03/21,正揚雷射公寓大廈,八里鄉忠孝路430號,95八使字第0528號,95,0528,24.833749,121.076984
1,2007/03/12,富貴天下管理委員會,八里鄉商港路12-2號11樓,95八使字第0043號,95,0043,25.144904,121.397152
1,2007/06/15,左岸麗緻公寓大廈,八里鄉中華路一段126-136號,96八使字第0239號,96,0239,25.043602,121.508289
1,2007/07/25,龍米之星公寓大廈管理負責人,八里鄉龍米路二段230之1號,96八使字第0278號,96,0278,25.158647,121.431835
1,2007/01/09,左岸荷庭社區管理委員會(補登報備資料),八里鄉忠孝路203號,95八使字第0341號,95,0341,25.16045,121.422079
1,2007/10/29,仁愛公寓大廈,八里鄉仁愛路122號,96八使字第0493號,96,0493,24.8716,121.011364
1,2007/11/22,傑士堡管理委員會,八里鄉中山路一段73號,96八使字第0318號,96,0318,25.13875,121.511799
1,2007/01/09,左岸荷庭社區管理委員會,八里鄉忠孝路203號,95八使字第0341號,95,0341,24.977143,121.254988
1,2008/06/30,洪福進公寓大廈管理負責人,八里鄉觀海大道121號,97八使字第0400號,97,0400,25.161968,121.42504
1,2008/06/30,左岸麗園公寓大廈管理委員會,八里鄉忠孝路45-5號,97八使字第0247號,97,0247,23.596259,120.444964
1,2008/07/02,左岸布拉格公寓大廈管理委員會,八里鄉頂寮二街31號8樓,97八使字第0172號,97,0172,25.124787,121.449943
1,2008/09/17,金色左岸管理委員會,八里鄉文心街43號,96八使字第0165號,96,0165,25.16072,121.428487
1,2008/10/30,天泉大廈管理委員會,八里鄉龍米路一段208至210號,96八使字第0317號,96,0317,25.12867,121.452095
1,2009/02/25,天林社區管理負責人,八里鄉觀海大道17至21號,97八使字第0217號,97,0217,25.1597,121.429406
1,2009/03/26,呂文光公寓大廈管理負責人,八里鄉中華路二段486至488號,98八使字第0089號,98,0089,22.79505,120.362686
1,2009/05/11,源豐雅居管理委員會,台北縣八里鄉訊塘路36號2樓,86八使字第1259號,86,1259,25.145357,121.397931
1,2009/05/20,林宜寬公寓大廈管理負責人,台北縣八里鄉頂罟村6鄰博物館路201.203號,98八使字第020號,98,020,25.156086,121.405361
1,2009/07/02,音園管理委員會,台北縣八里鄉大崁村4鄰賢三街17號3樓,97八使字第533號,97,533,25.158971,121.41909
1,2009/07/29,陳黃錦紗管理負責人,台北縣八里鄉大崁村10鄰文心街33號2樓,97八使字第567號,97,567,25.16082,121.428752
1,2009/11/12,台北百達社區管理委員會,台北縣八里鄉中山路二段406巷7號4樓,98八使字第125號,98,125,25.147897,121.399932
1,2009/12/28,八里豪景社區管理委員會,台北縣八里鄉賢一街268號,97八使字第365號,97,365,25.15575,121.414918
1,2010/03/23,文心左岸社區管理委員會,台北縣八里鄉大崁村11鄰文心街141號,97八使字第374號,97,374,25.161124,121.425462
1,2010/04/30,雅仕堡管理委員會,台北縣八里鄉中山路一段89號之2,97八使字第749號,97,749,25.159222,121.416467
1,2010/05/27,綠意雅築大樓管理委員會,台北縣八里鄉仁愛路53號3樓,98八使字第011號,98,011,25.160343,121.412519
1,2010/06/29,建鹽公寓大廈管理委員會,台北縣八里鄉博物館路199號1.3.4樓,98八使字第497號,98,497,25.156209,121.405482
1,2010/07/01,湯堡溫泉行館管理委員會,台北縣八里鄉訊埔路19號6樓,97八使字第505號,97,505,25.14462,121.397679
1,2010/10/19,逸境大廈管理委員會,台北縣八里鄉米倉村1鄰龍米路二段58－3號6樓,98八使字第405號,98,405,25.140985,121.448443
1,2010/10/19,木之坊公寓大廈管理負責人,台北縣八里鄉博物館路15號2~4樓,99八使字第289號,99,289,25.163471,121.415372
1,2010/11/19,藝墅家公寓大廈管理委員會,台北縣八里鄉民治街32號,96八使字第526號,96,526,25.157534,121.414516
1,2010/12/21,左岸芝星管理負責人,新北市八里區埤頭一街150號,97八使字第144號,97,144,25.15804,121.414388
1,2011/01/28,巴里島社區管理委員會,新北市八里區舊城里20鄰中華路二段550號7樓,84八使字第916號,84,916,25.14552,121.398874
1,2011/01/28,吏達管理負責人,新北市八里區文昌路122號2樓,99八使字第343號,99,343,25.157976,121.409577
1,2011/01/04,金色左岸忠孝社區管理委員會,新北市八里區忠孝路106號,97八使字第180號,97,180,25.160723,121.425698
1,2011/01/07,典藏巴黎社區管理委員會,新北市八里區大崁村3鄰忠孝路387號5樓,98八使字第319號,98,319,25.160664,121.416099
1,2011/03/09,張晏增公寓大廈管理負責人,新北市八里區大崁村1鄰觀海大道5號3樓,84八使字第852號,84,852,25.159365,121.429363
1,2011/05/05,義福社區管理負責人,新北市八里區忠孝路132號,98八使字第376號,98,376,25.160602,121.42523
1,2011/06/03,觀海管理負責人,新北市八里區觀海大道35號,100八使字第124號,100,124,25.160475,121.429471
1,2011/05/31,水天闊公寓大廈管理委員會,新北市八里區文化街117號,98八使字第521號,98,521,25.159718,121.42231
1,2011/07/25,台北雪梨社區管理委員會,新北市八里區商港六路56號9樓,100八使字第023號,100,023,25.148852,121.396272
1,2011/11/21,張聞展公寓大廈管理委員會,新北市八里區文昌路60巷19號,83八使字第437號,83,437,25.157252,121.409933
1,2011/11/10,寶茂萊茵大廈管理委員會,新北市八里區龍米路二段28號,97八使字第232號,97,232,25.139837,121.448943
1,2012/03/14,悅昇公寓大廈管理委員會,新北市八里區中山路二段500巷10號8樓之3,100八使字第148號,100,148,25.147351,121.398284
1,2012/04/05,仕聯華廈管理委員會,新北市八里區中山路一段120號5樓,99八使字第550號,99,550,25.159721,121.418654
1,2012/04/27,江美智管理負責人,新北市八里區文昌路130號,100八使字第395號,100,395,25.158424,121.409226
1,2012/09/18,閎立大樓社區管理委員會,新北市八里區中華路一段272號,101八使字第361號,101,361,25.155436,121.416028
1,2012/09/19,山海第一景社區管理委員會,新北市八里區龍米路二段88-1號,99八使字第058號,99,058,25.143288,121.447346
1,2013/01/23,觀泉二期社區管理委員會,新北市八里區龍米路二段206巷9-19號,98八使字第477號,98,477,25.159434,121.432597
1,2013/03/22,張順進管理負責人,新北市八里區文化街50號,101八使字第530號,101,530,25.159942,121.423173
1,2013/04/26,昇陽九樂公寓大廈管理委員會,新北市八里區龍米路一段306號,101八使字第478號,101,478,25.129897,121.451666
1,2013/04/22,張明塗公寓大廈管理負責人,新北市八里區中山路一段41號,101八使字第463號,101,463,25.159638,121.419596
1,2013/04/22,林?淋管理負責人,新北市八里區中山路二段58號,101八使字第389號,101,389,25.156648,121.409181
1,2013/04/09,觀泉一期社區管理委員會,新北市八里區龍米路二段226巷7號,97八使字第064號,97,064,25.158892,121.432618
1,2013/08/19,左岸新天地管理委員會,新北市八里區文化街15號等,101八使字第355號,101,355,25.159651,121.424398
1,2013/08/02,沈春長管理負責人,新北市八里區觀海大道185號等,96八使字第686號,96,686,25.162243,121.421285
1,2014/02/13,杜老爺公寓大廈管理負責人,新北市八里區忠孝路416號等,101八使字第405號,101,405,25.161428,121.416816
1,2014/01/29,大利市社區管理委員會,新北市八里區忠孝路8號等,102八使字第294號,102,294,25.160212,121.429311
1,2014/05/21,鑫鈜之星管理委員會,新北市八里區文化街127號等,103八使字第036號,103,036,25.159915,121.422185
1,2014/05/29,能毅家管理負責人,新北市八里區賢二街16號等,103八使字第058號,103,058,25.158956,121.419608
1,2014/05/13,伴月灣公寓大廈管理委員會,新北市八里區龍米路二段38-5號等,102八使字第491號,102,491,25.140574,121.448437
1,2014/05/13,中山社區管理負責人,新北市八里區中山路二段241號等,103八使字第126號,103,126,25.149014,121.403104
1,2014/06/13,林雅雯社區管理負責人,新北市八里區觀海大道37號等,103八使字第197號,103,197,25.160579,121.430311
1,2014/07/18,張漢賓公寓大廈管理負責人,新北市八里區忠孝路423號等,103八使字第163號,103,163,25.161296,121.414644
1,2014/10/21,麗緻電梯別墅NO2管理委員會,新北市八里區民享街98號等,103八使字第144號,103,144,25.157678,121.413336
1,2014/10/17,仕聯新天地管理負責人,新北市八里區賢一街9至27號,103八使字第017號,103,017,25.158667,121.42157
1,2015/06/24,左岸透天管理委員會,新北市八里區忠孝路171-1號,95八使字第507號,95,507,25.160619,121.423353
1,2015/07/07,中廣芳鄰大廈,新北市八里區中山路2段107號7樓,84八淡使第191號,84,191,25.152221,121.405765
1,2015/07/07,左岸丰帆,新北市八里區觀海大道125號14樓,102八使字第088號,102,088,25.161968,121.42504
1,2016/02/26,駿曜塑膠公寓大廈管理負責人,新北市八里區忠孝路302號,104八使字第00492號,104,00492,25.161504,121.418201
1,2016/01/30,張智閔管理負責人,新北市八里區中華路一段178號,105八使字第00037號,105,00037,25.156777,121.418881
1,2016/07/21,一品苑公寓大廈管理委員會,新北市八里區賢三街72號,103八使字第00247號,103,00247,25.158055,121.417773
1,2016/12/29,左岸庭苑社區管理委員會,新北市八里區文心街138號等,105八使字第00410號,105,00410,25.161276,121.425657
1,2017/01/13,楊炎平管理負責人,新北市八里區觀海大道25號等,104八使字第00032號,104,00032,25.1597,121.429406
1,2017/04/05,左岸之王社區管理委員會,新北市八里區龍米路1段188號等,105八使字第00397號,105,00397,25.127452,121.452208
1,2017/04/12,廷悅昇公寓大廈管理委員會,新北市八里區商港路80號等,104八使字第00094號,104,00094,25.146625,121.395653
1,2018/05/04,佑翰第一綻社區管理委員會,新北市八里區四維街7號,106八使字第00435號,106,00435,25.157208,121.417325
1,2018/05/16,香格里拉住戶管理委員會,新北市八里區訊塘路50號6樓,82八使字第00312號,82,00312,25.145551,121.398135
1,2018/05/24,冠隆大樓管理負責人,新北市八里區仁愛路116號,106八使字第00245號,106,00245,25.15931,121.410546
1,2018/05/31,文昌社區管理負責人,新北市八里區文昌路30號1樓,107八使字第00163號,107,00163,25.155011,121.41242
1,2018/06/22,水木梧桐社區管理委員會,新北市八里區文心街91-1號,103八使字第00123號,103,00123,25.160855,121.427325
1,2018/08/08,忘憂莊管理委員會,新北市八里區民治街51號～97號,103八使字第00459號,103,00459,25.157395,121.414559
1,2018/09/19,葉永容管理負責人,新北市八里區忠七街6號,107八使字第00303號,107,00303,25.159669,121.421173
1,2018/11/09,陽光峇里社區管理委員會,新北市八里區文昌一街6號6樓,107八使字第00174號,107,00174,25.156592,121.410338
1,2018/11/21,左岸之星管理委員會,新北市八里區觀海大道95-1號2樓,107八使字第00180號,107,00180,25.16176,121.426751
1,2019/01/25,康朝焜管理負責人,新北市八里區中華路2段390號,107八使字第00426號,107,00426,25.147027,121.402062
1,2019/02/27,李洪水公寓大廈管理負責人,新北市八里區忠孝路85號,105八使字第00356號,105,00356,25.160463,121.424781
1,2019/02/27,李洪水公寓大廈管理負責人,新北市八里區忠孝路85號,105八使字第00356號,105,00356,25.160463,121.424781
1,2019/03/08,偉昕企業大樓管理負責人,新北市八里區仁愛路108號,107八使字第00203號,107,00203,25.159443,121.41067
1,2019/05/20,文昌公寓管理負責人,新北市八里區文昌路71-73號,108八使字第00139號,108,00139,25.157411,121.409864
1,2019/07/24,基玉首席管理委員會,新北市八里區頂罟一路65-75號,107八使字第00486號,107,00486,25.152225,121.401928
1,2019/08/06,台北晴灣社區管理委員會,新北市八里區忠孝路299號,107八使字第00401號,107,00401,25.161034,121.418848
1,2019/08/21,左岸帝寶管理委員會,新北市八里區文心街71號,107八使字第00166號,107,00166,25.160862,121.428089
1,2019/08/28,富勝公寓大廈管理負責人,新北市八里區商港五路99號,108八使字第00007號,108,00007,25.150338,121.394762
1,2019/11/04,台灣司麥爾食品股份有限公司管理負責人,新北市八里區觀海大道171號,108八使字第00105號,108,00105,25.162393,121.422624
1,2019/12/19,台北雪梨2社區管理委員會,新北市八里區埤頭二街82～96號,107八使字第00053號,107,00053,25.157299,121.413051
1,2020/01/20,文昌苑公寓大廈管理委員會,新北市八里區文昌五街126~128號等,107八使字第00211號,107,00211,25.153417,121.408683
1,2020/01/22,勤樸天翔社區管理委員會,新北市八里區文昌七街169~183號,108八使字第00283號,108,00283,25.152995,121.409139
1,2020/06/16,錡隆企業大樓管理負責人-1090722補登,新北市八里區大崁里忠孝路437號,107八使字第00406號,107,00406,25.16167,121.413766
1,2020/07/02,美滿社區管理負責人,新北市八里區下罟里9鄰下罟子55-6號~55-8號,109八使字第00039號,109,00039,25.140073,121.388279
1,2020/08/18,李有田公寓大廈管理委員會,新北市八里區大崁里賢三街77~79號,97八使字第00008號,97,00008,25.157585,121.415888
1,2020/08/18,張俊隆公寓大廈管理委員會,新北市八里區舊城里中華路2段88~100[號,109八使字第00134號,109,00134,25.145474,121.399058
1,2020/09/07,全翰華廈公寓大廈管理委員會,新北市八里區龍形二街2-11號等,109八使字第00050號,109,00050,25.131281,121.45072
1,2020/01/20,文昌苑公寓大廈管理委員會,新北市八里區文昌五街126~128號等,107八使字第00211號,107,00211,25.153417,121.408683
1,2020/01/22,勤樸天翔社區管理委員會,新北市八里區文昌七街169~183號,108八使字第00283號,108,00283,25.152995,121.409139
1,2020/06/16,錡隆企業大樓管理負責人,新北市八里區大崁里忠孝路437號,107中使字第00406號,107,00406,25.16167,121.413766
1,2020/07/02,美滿社區管理負責人,新北市八里區下罟里9鄰下罟子55-6號~55-8號,109八使字第00039號,109,00039,25.140073,121.388279
1,2021/01/09,上品苑社區管理委員會,新北市八里區大崁里四維街17號等,108八使字第00134號,108,00134,25.157426,121.417212
1,2021/01/26,城市巴黎管理委員會,新北市八里區文昌六街72~80號等,109八使字第00179號,109,00179,25.154482,121.411664
1,2021/01/27,鄭暄翰管理負責人,新北市八里區賢一街231~237號等,109八使字第00377號,109,00377,25.155393,121.414587
1,2021/02/05,幸福莊園公寓大廈管理委員會,新北市八里區文昌六街118~126號等(雙號),109八使字第00299號,109,00299,25.154482,121.411664
1,2021/02/20,闔家園管理負責人,新北市八里區埤頭里文昌五街101號等,108八使字第00434號,108,00434,25.154871,121.411562
1,2021/02/21,安連日盛管理負責人,新北市八里區埤頭里文昌五街103號等,108八使字第00454號,108,00454,25.154814,121.411469
1,2021/03/01,全坤家圓社區管理委員會,新北市八里區埤頭里文昌三街21號2樓等,109八使字第00297號,109,00297,25.155249,121.411021
1,2021/03/02,米里左岸社區管理負責人,新北市八里區米倉里龍米路二段78號等,107八使字第00106號,107,00106,25.142348,121.447736
1,2021/03/07,禾畚居管理負責人,新北市八里區訊塘里商港七路21號等,109八使字第00138號,109,00138,25.148122,121.398957
1,2021/05/07,林溫淋管理負責人,新北市八里區中山路二段58號,105八使字第00360號,105,00360,25.156648,121.409181
1,2021/08/12,葉公館管理負責人,新北市八里區中山路一段96號2樓,108八使字第00111號,108,00111,25.159365,121.4212
1,2021/09/20,勤樸天逸社區管理委員會,新北市八里區中山路二段282號,109八使字第418號,109,418,25.150814,121.404926
1,2021/09/30,雄蓋綻社區管理委員會,新北市八里區中山路二段287號等,110八使字第90號,110,90,25.14828,121.401723
1,2021/09/30,雅麗管理負責人,新北市八里區中山路11-8號6樓,83八使字第344號,83,344,25.158873,121.422383
1,2021/12/08,快意人生社區管理委員會,新北市八里區頂罟 一路88號等,110八使字第123號,110,123,25.151976,121.401585
1,2022/01/03,HI台北社區管理委員會,新北市八里區訊塘里12鄰商港三路85號,110八使字第155號,110,155,25.153473,121.402348
1,2016/03/02,田晉五金公寓大廈管理委員會,新北市三芝區四棧橋53-13號,104芝使字第00512號,104,00512,25.265561,121.48296
1,2016/07/25,麗景特區公寓大廈管理委員會,新北市三芝區中興街一段117號,84芝使字第1013號,84,1013,25.256886,121.498085
1,2016/12/02,御都大樓管理委員會,新北市三芝區中正路2段18號,84芝使字第1089號,84,1089,25.255234,121.504542
1,2017/01/04,統帥花都住戶管理委員會,新北市三芝區中興街1段42號等,83芝使字第01321號,83,01321,25.257203,121.498195
1,2017/01/06,富貴人生社區管理委員會,新北市三芝區中興街2段2號等,84芝使字第00629號,84,00629,25.256689,121.498459
1,2017/02/14,真龍天子社區管理委員會,新北市三芝區中正路3段11巷5號等,83芝使字第01795號,83,01795,25.253993,121.502263
1,2017/05/25,金地主社區管理委員會,新北市三芝區中山路一段11號地下室,83芝使字第01261號,83,01261,25.258472,121.500192
1,2017/06/20,三芝名人居社區管理委員會,新北市三芝區中正路3段18巷20號等,105芝使字第00113號,105,00113,25.25335,121.502475
1,2017/08/08,龍大地第二期社區管理委員會,新北市三芝區中興街一段28、30、30-1、30-2、32、32-1號 ,83芝使字第01245號,83,01245,25.256886,121.498085
1,2019/01/14,練月琴管理負責人,新北市三芝區古庄里10鄰古庄77號2樓 ,105芝使字第00201號,105,00201,25.266473,121.49052
1,2019/01/14,三芝名人居社區第二期管理委員會(1080531補登),新北市三芝區埔頭里42鄰中興街二段246號 ,107芝使字第00097號,107,00097,25.253174,121.501884
1,2020/01/22,千佛堂管理負責人,新北市三芝區店子里龜子山路26-5號,108芝使字第00268號,108,00268,25.212073,121.50588
1,2020/10/27,育英社區管理委員會,新北市三芝區育英街24巷11~19號,71芝使字第00854號,71,00854,25.257027,121.502384
1,2021/01/07,三芝名人居四期管理委員會,新北市三芝區中興街二段248號等,109芝使字第00095號,109,00095,25.253122,121.501748
1,2021/01/08,三芝名人居三期管理委員會,新北市三芝區中興街二段200號等,109芝使字第00092號,109,00092,25.253243,121.501593
1,2021/07/04,勁賀社區管理委員會,新北市三芝區中興街2段248號,109芝使字第00095號,109,00095,25.253122,121.501748
1,2011/01/03,三和正旺社區管理委員會,新北市三重區三和路三段172號2樓,99重使字第182號,99,182,25.073198,121.492442
1,2011/01/04,中興公寓大廈管理委員會,新北市三重區中興北街135巷16號,76重使字第370號,76,370,25.051069,121.470235
1,2011/01/07,日安巴黎管理委員會,新北市三重區碧華里5鄰永安北路二段177號8樓,99重使字第372號,99,372,25.085298,121.48394
1,2011/01/18,嘉泉御園公寓大廈管理委員會,新北市三重區重陽路一段60巷57號4樓,98重使字第056號,98,056,25.058309,121.484582
1,2011/01/20,宏普馥桂社區管理委員會,新北市三重區五華街238號3樓,99重使字第325號,99,325,25.08718,121.487755
1,2011/02/15,筑美舘公寓大廈管理委員會,新北市三重區集勇街69號9樓,99重使字第404號,99,404,25.086182,121.484382
1,2011/02/23,公園誠品公寓大廈管理委員會,新北市三重區碧華街294巷17號6樓,99重使字第376號,99,376,25.084226,121.488757
1,2011/03/11,紐約紐約公寓大廈管理委員會,新北市三重區集勇街23號12樓,99重使字第391號,99,391,25.085474,121.48495
1,2011/03/17,景立方社區管理委員會,新北市三重區五華街147－5號5樓,99重使字第448號,99,448,25.084826,121.490724
1,2011/03/24,合嘉無盡藏社區管理委員會,新北市三重區進安街105號1樓,99重使字第403號,99,403,25.08661,121.494471
1,2011/04/15,品安首席社區管理委員會,新北市三重區溪尾街189號10樓,99重使字第061號,99,061,25.080601,121.488688
1,2011/04/15,捷運新宿公寓大廈管理委員會,新北市三重區重新路三段72號5樓之1,99重使字第185號,99,185,25.06105,121.493519
1,2011/05/12,集英會館公寓大廈管理負責人,新北市三重區集英路116號,98重使字第370號,98,370,25.087246,121.484941
1,2011/05/30,遠雄集美管理委員會,新北市三重區重新路四段226號,99重使字第157號,99,157,25.054068,121.485937
1,2011/06/17,品巴黎社區管理委員會,新北市三重區碧華里5鄰集仁街148號,100重使字第042號,100,042,25.086397,121.484823
1,2011/06/23,敦榮紙業公寓大廈管理負責人,新北市三重區重化街2號,99重使字第505號,99,505,25.063769,121.46791
1,2011/07/08,合康領賢社區管理委員會,新北市三重區集英路6號9樓,99重使字第560號,99,560,25.08565,121.48698
1,2011/07/11,永新公寓大廈管理負責人,新北市三重區雙園街57巷34弄59號,98重使字第636號,98,636,25.068083,121.493098
1,2011/07/26,哲偉公寓大廈管理負責人,新北市三重區車路頭街146號,100重使字第200號,100,200,25.075923,121.483929
1,2011/08/04,集英堡三期公寓大廈管理委員會,新北市三重區三德街25號9樓,100重使字第128號,100,128,25.086584,121.484602
1,2011/08/09,英勤布業公寓大廈管理委員會,新北市三重區光復路131號,99重使字第405號,99,405,25.059092,121.472235
1,2011/09/20,博好公寓大廈管理委員會,新北市三重區重化街28號,99重使字第020號,99,020,25.063776,121.467316
1,2011/10/26,全坤峰景管理委員會,新北市三重區集賢路112號,100重使字第206號,100,206,25.089499,121.491364
1,2011/10/18,雙捷金鑽管理委員會,新北市三重區新生街20號,99重使字第479號,99,479,25.059287,121.485705
1,2011/10/17,永安會館管理委員會,新北市三重區永安北路2段117號,100重使字第146號,100,146,25.084201,121.483508
1,2011/12/21,吾宅公寓大廈管理負責人,新北市三重區仁愛街397巷82號1樓,100重使字第436號,100,436,25.081817,121.492497
1,2011/12/21,民生東特18公寓大廈管理委員會,新北市三重區民生東街特18－4號4樓,76重使字第1329號,76,1329,25.068909,121.492677
1,2011/12/09,河美社區管理委員會,新北市三重區文化南路48號10樓,100重使字第242號,100,242,25.059832,121.500878
1,2011/12/02,合康柏悅社區管理委員會,新北市三重區集仁街20號8樓,100重使字第172號,100,172,25.084911,121.486585
1,2012/01/05,奇洋公寓大廈管理負責人,新北市三重區光復路二段129巷4號,100重使字第214號,100,214,25.059116,121.47271
1,2012/01/30,國泰一品管理委員會,新北市三重區進安街88號4樓,100重使字第283號,100,283,25.08493,121.495586
1,2012/02/22,茂盛大樓公寓大廈管理委員會,新北市三重區河邊北街238號11樓,87重使字第996號,87,996,25.075657,121.501878
1,2012/02/22,鄭世芳公寓大廈管理委員會,新北市三重區仁愛街397巷86號,100重使字第435號,100,435,25.081837,121.492531
1,2012/03/28,育珠公寓大廈管理負責人,新北市三重區車路頭街4巷15號4樓,99重使字第259號,99,259,25.070212,121.483427
1,2005/03/04,金亞華廈大樓管理委員會,新北市三重區仁愛街709號,85重使字第440號,85,440,25.080739,121.482273
1,2012/04/05,錢道大樓管理委員會,新北市三重區五華街70號2樓,99重使字第407號,99,407,25.081818,121.493432
1,2012/05/15,大立大樓公寓大廈管理委員會,新北市三重區中興北街53號6樓,85重使字第489號,85,489,25.047359,121.469663
1,2012/05/30,公園錄公寓大廈管理委員會,新北市三重區忠孝路一段21巷11－1號,100重使字第317號,100,317,25.07271,121.491681
1,2012/06/11,陸江當代社區管理委員會,新北市三重區五華街196~200號,100重使字第563號,100,563,25.08963,121.485538
1,2012/06/12,三千家社區管理委員會,新北市三重區重陽路一段26巷33號,100重使字第425號,100,425,25.057355,121.48532
1,2012/06/13,寰泰百悅公寓大廈管理委員會,新北市三重區自強路一段127號,100重使字第088號,100,088,25.06652,121.495185
1,2012/07/09,築城大富社區管理委員會,新北市三重區碧華街148巷23號,100重使字第424號,100,424,25.082598,121.485117
1,2012/08/11,鈺泉大樓管理委員會,新北市三重區正義北路195號,85重使字第982號,85,982,25.068209,121.496264
1,2012/08/12,台信晶鑽大樓管理委員會,新北市三重區集英路22號,100重使字第455號,100,455,25.085287,121.486485
1,2012/09/10,良健捷運首席公寓大廈管理委員會,新北市三重區過圳街7巷36號,100重使字第164號,100,164,25.059846,121.490346
1,2012/10/11,華硯社區管理委員會,新北市三重區五華街258號,101重使字第152號,101,152,25.087499,121.487476
1,2012/10/12,天悅大廈管理委員會,新北市三重區仁政街196-5號,100重使字第368號,100,368,25.079732,121.490422
1,2012/11/07,龍門世家大廈管理委員會,新北市三重區仁昌街38號,87重使字第357號,87,357,25.074256,121.497124
1,2012/11/08,鴻華喜悅公寓大廈管理委員會,新北市三重區三 賢街117號,101重使字第219號,101,219,25.08839,121.487519
1,2012/11/09,紳寶3公寓大廈管理委員會,新北市三重區集勇街72號,100重使字第112號,100,112,25.085549,121.484286
1,2012/11/10,臺灣銀行大樓管理委員會,新北市三重區重新路四段39號,73重使字第1975號,73,1975,25.057725,121.488102
1,2012/12/10,幸大百御園公寓大廈管理委員會,新北市三重區重陽路4段37號,99重使字第001號,99,001,25.069752,121.491781
1,2012/12/11,金莊花園大廈管理委員會(補登),新北市三重區忠孝路二段95號,84重使字第1610號,84,1610,25.070101,121.484219
1,2012/12/12,大勇社區管理委員會,新北市三重區大勇街78號,76重使字第1454號,76,1454,25.071318,121.479783
1,2013/01/07,吉陞帝景大廈管理委員會,新北市三重區環河北路三段8號,101重使字第231號,101,231,25.084154,121.497321
1,2013/02/18,碧華雙星公寓大廈管理委員會,新北市三重區碧華街336~338號,101重使字第0267號,101,0267,25.086117,121.493339
1,2013/03/07,愛家公寓大廈管理委員會,新北市三重區六張街182號,101重使字第075號,101,075,25.068653,121.488815
1,2013/03/01,仁義華廈公寓大廈管理委員會,新北市三重區仁義街159巷1號,101重使字第454號,101,454,25.081188,121.497334
1,2013/04/17,福德一品管理委員會,新北市三重區福德南路20號,98重使字第148號,98,148,25.063241,121.502814
1,2013/05/09,小資宅社區管理委員會,新北市三重區仁安街21號等,101重使字第448號,101,448,25.084219,121.484697
1,2013/06/27,展群公寓大廈管理委員會,新北市三重區同安街9號等,98重使字第309號,98,309,25.056926,121.496295
1,2013/06/24,進發公寓大廈管理委員會,新北市三重區力行路一段153巷27號等,98重使字第108號,98,108,25.069049,121.48613
1,2013/06/24,三多立涵美社區管理委員會,新北市三重區集賢路11號等,101重使字第265號,101,265,25.085099,121.496916
1,2013/07/25,幸福安慶大廈管理委員會,新北市三重區安慶街221號等,101重使字第162號,101,162,25.067914,121.491159
1,2013/07/29,馥麗社區管理委員會,新北市三重區仁義街271號等,102重使字第011號,102,011,25.083355,121.495943
1,2013/07/10,龍濱愛家公寓大廈管理委員會,新北市三重區龍濱路191號等,101重使字第542號,101,542,25.071149,121.502103
1,2013/08/08,摩宿公寓大廈管理委員會,新北市三重區中正南路2號等,102重使字第039號,102,039,25.060682,121.493427
1,2013/08/06,統賀公寓大廈管理負責人,新北市三重區三和路四段231巷15號等,102重使字第207號,102,207,25.080033,121.481776
1,2013/09/24,千江月社區大樓管理委員會,新北市三重區集賢路16號等,101重使字第445號,101,445,25.087558,121.494392
1,2013/10/14,天(吉吉)公寓大廈管理委員會,新北市三重區集賢路130-1號,101重使字第239號,101,239,25.0898,121.490303
1,2013/11/26,三和一0一大廈管理委員會,新北市三重區三和路四段101-1號等,102重使字第121號,102,121,25.076688,121.487278
1,2013/11/06,采鑽公寓大廈管理委員會,新北市三重區力行路一段161號等,100重使字第422號,100,422,25.069299,121.484816
1,2013/11/06,日健昇大廈管理委員會,新北市三重區長元街100號等,102重使字第346號,102,346,25.066686,121.502904
1,2013/12/06,重陽金典社區管理委員會,新北市三重區重陽路一段60巷36號等,101重使字第110號,101,110,25.058167,121.485139
1,2013/12/12,暄德企業公寓大廈管理負責人,新北市三重區光華路15-2號等,97重使字第729號,97,729,25.060534,121.470117
1,2013/12/17,光明公寓大廈管理委員會,新北市三重區光明路32巷12弄1-1號,81重使字第184號,81,184,25.058789,121.491632
1,2013/12/17,華品心苑管理委員會,新北市三重區同安街105號等,102重使字第343號,102,343,25.056446,121.494428
1,2013/12/19,利達商業大樓管理負責人,新北市三重區光復路一段61巷26號等,102重使字第356號,102,356,25.049375,121.47364
1,2013/12/27,集英堡五期公寓大廈管理委員會,新北市三重區吉祥街68號等,102重使字第333號,102,333,25.090177,121.489303
1,2014/01/20,永恆之星社區管理委員會,新北市三重區集賢路27號等,102重使字第259號,102,259,25.085702,121.496101
1,2014/01/20,晶華一品公寓大廈管理委員會,新北市三重區福德北路42號等,101重使字第387號,101,387,25.065407,121.501966
1,2014/01/23,綠園公寓大廈管理委員會,新北市三重區中正北路176巷8號等,102重使字第397號,102,397,25.066246,121.48311
1,2014/01/23,雅園社區管理委員會,新北市三重區中正北路176巷27號等,102重使字第441號,102,441,25.066082,121.482737
1,2014/01/23,豪園社區管理委員會,新北市三重區中正北路176巷2號等,102重使字第440號,102,440,25.066396,121.48326
1,2014/01/24,豪邁公寓大廈管理委員會,新北市三重區中興北街177、179號,90重使字第089號,90,089,25.06323,121.469149
1,2014/02/19,立信馥玉公寓大廈管理委員會,新北市三重區忠孝路二段102號等,102重使字第359號,102,359,25.069226,121.483514
1,2014/02/14,東煒泰和公寓大廈管理委員會,新北市三重區三德街60號等,102重使字第366號,102,366,25.086656,121.484038
1,2014/02/11,君臨天下公寓大廈管理負責人,新北市三重區重新路三段42-2號等,99重使字第512號,99,512,25.061229,121.494232
1,2014/03/07,禮鄰公寓大廈管理委員會,新北市三重區集英路31號等,102重使字第434號,102,434,25.086158,121.486774
1,2014/04/30,三重福地大廈管理委員會,新北市三重區大同北路95巷2號等,82重使字第1550號,82,1550,25.063901,121.494569
1,2014/04/21,甜心社區管理委員會,新北市三重區忠孝路三段84巷1號等,102重使字第513號,102,513,25.064695,121.480543
1,2014/04/10,冠德美麗台北大廈管理委員會,新北市三重區重新路一段108號等,101重使字第534號,101,534,25.063165,121.500851
1,2014/04/15,五福祥御公寓大廈管理委員會,新北市三重區長壽街53號等,102重使字第216號,102,216,25.068303,121.501097
1,2014/06/06,聚弘興業有限公司公寓大廈管理負責人,新北市三重區仁安街37號等,100重使字第274號,100,274,25.084126,121.484369
1,2014/06/27,鴻華欣苑公寓大廈管理委員會,新北市三重區集仁街56號等,102重使字第499號,102,499,25.085225,121.486181
1,2014/06/10,東坤公寓大廈管理負責人,新北市三重區光復路二段188號等,103重使字第190號,103,190,25.062573,121.470793
1,2014/06/18,翔譽雙子星大樓管理委員會,新北市三重區中正南路233號等,102重使字第555號,102,555,25.05354,121.493162
1,2014/06/26,N3公寓大廈管理委員會,新北市三重區三德街28號等,102重使字第519號,102,519,25.08741,121.484414
1,2014/07/14,上得公寓大廈管理負責人,新北市三重區重新路一段26號等,98重使字第068號,98,068,25.063905,121.503557
1,2014/07/21,福居華廈管理委員會,新北市三重區仁興街33巷38號等,100重使字第125號,100,125,25.075906,121.500249
1,2014/08/28,天富社區管理委員會,新北市三重區中正北路296號等,101重使字第466號,101,466,25.068721,121.48016
1,2014/08/20,三和硯大廈管理委員會,新北市三重區自強路三段110巷1號等,102重使字第597號,102,597,25.074742,121.486786
1,2014/08/06,東村時上公寓大廈管理委員會,新北市三重區溪尾街45號等,102重使字第133號,102,133,25.076322,121.49123
1,2014/08/06,集美街君臨天下社區管理委員會,新北市三重區集美街206至210之1號及112巷41至51號等,82重使字第416號,82,416,25.054406,121.49106
1,2014/09/16,博愛庭園大廈管理委員會,新北市三重區頂崁街210巷16至26號(雙),82重使字第044號,82,044,25.067903,121.476054
1,2014/10/22,啟昇玉鼎公寓大廈管理委員會,新北市三重區中正南路223號等,102重使字第370號,102,370,25.054168,121.49327
1,2014/10/06,至善樓管理委員會,新北市三重區環河北路三段102號等,102重使字第311號,102,311,25.086963,121.495268
1,2014/09/30,領袖公寓大廈管理委員會,新北市三重區五華街207號等,91重使字第280號,91,280,25.085732,121.489671
1,2014/11/24,捷運晶典大廈管理委員會,新北市三重區文化南路40之1至40之3號等,103重使字第254號,103,254,25.060424,121.500434
1,2014/10/27,翔譽A+雙囍特區公寓大廈管理委員會,新北市三重區成功路104巷7之1號等,103重使字第299號,103,299,25.050806,121.487827
1,2014/11/28,琦玉社區公寓大廈管理委員會,新北市三重區中正南路191至197(單)等,101重使字第381號,101,381,25.060499,121.493235
1,2014/12/05,築城麗馳社區管理委員會,新北市三重區慈愛街1號等,103重使字第160號,103,160,25.078413,121.484497
1,2014/12/08,文雄公寓大廈管理負責人,新北市三重區中正北路540巷5號等,103重使字第362號,103,362,25.07156,121.471569
1,2015/01/05,重揚官邸社區管理委員會,新北市三重區進安街190號等,103重使字第009號,103,009,25.086361,121.494131
1,2015/03/27,築城詠富大廈管理委員會,新北市三重區溪尾街165巷46號,103重使字第269號,103,269,25.080226,121.488748
1,2015/03/25,正義仰望社區管理委員會,新北市三重區正義北路30號,102重使字第453號,102,453,25.06326,121.497523
1,2015/03/16,幸福85公寓大廈管理負責人,新北市三重區重新路三段85號,103重使字第272號,103,272,25.060191,121.491784
1,2015/04/09,昕高首邑社區管理委員會,新北市三重區重陽路三段89號,103重使字第041號,103,041,25.067867,121.490163
1,2015/05/13,力行家園公寓大廈管理委員會,新北市三重區永福里力行路二段136巷41弄36號,103重使字第511號,103,511,25.075997,121.479864
1,2015/06/02,集勇會館公寓大廈管理負責人,新北市蘆洲區永樂街38巷57弄6號2樓,102重使字第192號,102,192,25.090409,121.458107
1,2015/06/02,集英堡六公寓大廈管理委員會,新北市三重區集智街12號1樓,104重使字第018號,104,018,25.086304,121.487432
1,2015/07/21,鈞銘順福樓,新北市三重區中正北路331巷20弄30號,104重使字第221號,104,221,25.072696,121.472871
1,2015/07/22,品苑社區,新北市三重區三信路53號3樓,104重使字第074號,104,074,25.085656,121.487818
1,2015/08/26,狀元及第公寓大廈管理委員會,新北市三重區力行路2段136巷30弄3號3樓,82重使字第455號,82,455,25.07524,121.48061
1,2015/08/04,大同華廈公寓大廈管理委員會,新北市三重區大同南路196號3樓,86重使字第611號,86,611,25.056837,121.496776
1,2015/08/24,美麗人生管理負責人,新北市三重區光復路一段45號,104重使字第199號,104,199,25.048627,121.472179
1,2015/08/24,竹林雅居公寓大廈管理負責人,新北市三重區三和路2段6-1號3樓,104重使字第302號,104,302,25.066666,121.501287
1,2015/08/21,東村鼎富社區管理委員會,新北市三重區重安街109號4樓,102重使字第283號,102,283,25.054894,121.494247
1,2015/09/21,藍港大樓管理負責人,台北市建國南路1段270巷20號4樓,101重使字第111號,101,111,25.036401,121.536326
1,2015/10/22,蒲陽和峰公寓大廈管理委員會,新北市三重區仁政街199-1號,104重使字第179號,104,179,25.080307,121.490771
1,2015/11/06,囍樂社區管理委員會,新北市三重區永福街175之1號3樓,104重使字第253號,104,253,25.075396,121.478829
1,2015/11/05,重陽大廈管理委員會,新北市三重區三民街272巷34號7樓,81重使字第1105號,81,1105,25.067264,121.478519
1,2015/12/08,遠溪公寓大廈管理負責人,新北市三重區龍門路215號9樓,104重使字第268號,104,268,25.073373,121.500215
1,2015/12/14,禮贊社區,新北市三重區捷運路33號5樓,104重使字第47號,104,47,25.056058,121.484966
1,2015/12/07,新北雙子星大廈管理委員會,新北市三重區永福街72巷17號10樓,99重使字第031號,99,031,25.076587,121.47971
1,2015/04/09,茂金金典社區管理委員會(補登),新北市三重區朝陽街27號,103重使字第00303號,103,00303,25.056681,121.483611
1,2016/03/04,冠德天驕社區管理委員會,新北市三重區重新路三段25號,104重使字第00258號,104,00258,25.061585,121.494854
1,2016/04/07,雙捷匯社區管理委員會,新北市三重區三和路一段91號,104重使字第00218號,104,00218,25.066158,121.502135
1,2016/04/18,鑫寶喜悅管理委員會,新北市三重區中正北路110-1號,104重使字第00279號,104,00279,25.064931,121.485917
1,2016/04/22,翔譽A+成功特區管理委員會,新北市三重區成功路96號,104重使字第00509號,104,00509,25.051293,121.487774
1,2016/04/26,重陽大第公寓大廈管理委員會,新北市三重區自強路四段51號,81重使字第982號,81,982,25.077943,121.489992
1,2016/05/17,冠德捷世社區管理委員會,新北市三重區重新路三段150號,103重使字第00525號,103,00525,25.059529,121.491326
1,2016/05/26,洛陽公寓大廈管理委員會,新北市三重區洛陽街25巷6-14號,79重使字第656號,79,656,25.063616,121.482786
1,2016/07/29,嘉泰興公寓大廈管理委員會,新北市三重區重化街32號,104重使字第00380號,104,00380,25.063773,121.466829
1,2016/08/18,囍悅社區管理委員會,新北市三重區永福街179號,104重使字第00486號,104,00486,25.075216,121.47892
1,2016/09/14,禮築大廈管理委員會,新北市三重區仁愛街315巷31號,105重使字第00007號,105,00007,25.079964,121.49393
1,2016/09/06,仁暉企業廠辦公寓大廈,新北市三重區重化街36號,104重使字第00592號,104,00592,25.063773,121.466638
1,2016/09/26,天圓居公寓大廈管理委員會,新北市三重區大同北路267巷7號,105重使字第00071號,105,00071,25.067312,121.491156
1,2016/10/04,宏群富鼎管理委員會,新北市三重區成功路171號.173號,81重使字第00539號,81,00539,25.052595,121.486278
1,2016/10/21,永福華廈管理委員會,新北市三重區永福街58巷1弄4號,104重使字第00217號,104,00217,25.077736,121.481232
1,2016/11/06,群光智慧綠能大樓管理負責人,新北市三重區光復路2段69號,104重使字第00560號,104,00560,25.056943,121.47225
1,2016/11/07,仁愛大廈管理委員會,新北市三重區仁愛街208-218號,83重使字第00875號,83,00875,25.077559,121.493623
1,2017/01/05,弘盛仁富大廈管理委員會,新北市三重區仁勇街36號,104重使字第00519號,104,00519,25.084864,121.484827
1,2017/01/13,斐麗管理委員會,新北市三重區下竹圍街42號,104重使字第00489號,104,00489,25.074847,121.480985
1,2017/01/19,青青校園管理委員會,新北市三重區永福街137號,86重使字第01229號,86,01229,25.07672,121.478748
1,2017/01/19,麗苑華廈管理委員會,新北市三重區中正南路177號,80重使字第00435號,80,00435,25.055339,121.493502
1,2017/02/07,日健悅社區管理委員會,新北市三重區信義西街35號等,99重使字第00185號,99,00185,25.064257,121.495335
1,2017/02/13,I世紀社區管理委員會,三重區三民街68號等,105重使字第00270號,105,00270,25.06248,121.485699
1,2017/03/10,金鳳凰大廈管理委員會,新北市三重區中華路128號等,81重使字第00913號,81,00913,25.063949,121.483455
1,2017/03/23,祥儷大廈管理委員會,新北市三重區三寧街16號等,82重使字第01045號,82,01045,25.059764,121.48911
1,2017/03/31,政隆公寓大廈管理委員會,新北市三重區中寮街87巷8號等,105重使字第00084號,105,00084,25.057486,121.493277
1,2017/04/07,甜甜大樓管理委員會,新北市三重區三和路3段79號等,85重使字第01228號,85,01228,25.072042,121.494676
1,2017/05/08,韵居公寓大廈管理負責人,新北市三重區龍濱路106號等,105重使字第00013號,105,00013,25.070217,121.502062
1,2017/05/16,新北市青年社會住宅三重1館管理負責人,新北市三重區環河南路125號等,105重使字第00442號,105,00442,25.055043,121.497032
1,2017/05/16,新北市青年社會住宅三重2館管理負責人,新北市三重區大同南路172巷26號等,105重使字第00358號,105,00358,25.057552,121.497896
1,2017/05/17,蒙特里安公寓大廈管理委員會,新北市三重區集賢路186號等,105重使字第00388號,105,00388,25.088236,121.484075
1,2017/05/22,三千家III公寓大廈管理委員會,新北市三重區重陽路1段26巷26號等,104重使字第00474號,104,00474,25.057182,121.48584
1,2017/06/06,義安大廈管理委員會,新北市三重區車路頭街126號等,84重使字第01159號,84,01159,25.075282,121.484161
1,2017/06/16,港口公寓大廈管理委員會,新北市三重區集賢路102號等,105重使字第00474號,105,00474,25.088961,121.492172
1,2017/07/07,福裕居公寓大廈管理負責人,新北市三重區福裕街56-1號等,105重使字第00181號,105,00181,25.061271,121.497277
1,2017/07/14,國鎰喬煌公寓大廈管理負責人,新北市三重區光復路2段129巷8號等,104重使字第00119號,104,00119,25.059166,121.473367
1,2017/07/31,三重區仁愛街281號大樓管理委員會,新北市三重區仁愛街281號,89重使字第00399號,89,00399,25.078942,121.492752
1,2017/09/14,正美社區管理委員會,新北市三重區集英路88號等,106重使字第000117號,106,000117,25.086974,121.485342
1,2017/09/18,集美學大廈管理委員會,新北市三重區集美街223號等,102重使字第00462號,102,00462,25.05495,121.492002
1,2017/09/21,玉山希望園區管理負責人,新北市三重區中興北街42巷17弄10號,105重使字第00197號,105,00197,25.050326,121.468847
1,2017/09/27,永傳奇蹟社區管理委員會,新北市三重區中央北路90巷2號,105重使字第00436號,105,00436,25.066728,121.499892
1,2017/10/12,蓬萊華廈管理負責人,新北市三重區秀江街1、3號,83重使字第00672號,83,00672,25.073036,121.50268
1,2017/10/18,三和大廈管理負責人,新北市三重區三和路4段358-2號,106重使字第00213號,106,00213,25.078147,121.48347
1,2017/10/25,忠品樂樂管理負責人,新北市三重區中正南路36巷9號,105重使字第00234號,105,00234,25.060419,121.494218
1,2017/10/25,玖原香榭社區管理委員會,新北市三重區正義北路123號等,105重使字第00361號,105,00361,25.066127,121.496871
1,2017/11/22,中央仁慈公寓大廈管理委員會,新北市三重區仁慈街2-1號等,72重使字第01862號,72,01862,25.063112,121.501436
1,2017/11/14,芳明公寓大廈管理負責人,新北市三重區光明路32巷19弄1號,105重使字第00369號,105,00369,25.058443,121.49202
1,2017/11/22,成功錄管理委員會,新北市三重區成功路1號,104重使字第00409號,104,00409,25.050256,121.490686
1,2017/11/16,兢栈社區管理委員會,新北市三重區成功路33號,105重使字第00528號,105,00528,25.050563,121.490049
1,2017/12/12,新北市青年社會住宅三重3館管理負責人,新北市三重區正義南路129號等,106重使字第00154號,106,00154,25.05797,121.4987
1,2017/12/20,長生大樓管理委員會,新北市三重區重新路4段98號11樓,86重使字第00020號,86,00020,25.057137,121.487847
1,2018/01/05,中興水塔公寓大廈管理負責人,新北市三重區頂崁里13鄰疏洪西路460號等,104重使字第00535號,104,00535,25.065021,121.465706
1,2018/01/05,中寮寓邸管理委員會,新北市三重區中寮街1號4樓,106重使字第00263號,106,00263,25.059646,121.491941
1,2018/01/08,仁愛尊貴公寓大廈管理委員會,新北市三重區仁愛街366巷12號7樓,106重使字第00094號,106,00094,25.080269,121.491125
1,2018/01/17,中央官邸管理委員會,新北市三重區中央南路28號14樓之1,106重使字第00065號,106,00065,25.06238,121.501412
1,2018/01/31,大道首璽管理委員會,新北市三重區集英路77號,104重使字第00288號,104,00288,25.087057,121.485623
1,2018/03/06,躍龍門社區管理委員會,新北市三重區仁愛街99號,105重使字第00352號,105,00352,25.073824,121.495762
1,2018/03/21,天河宏琚公寓大廈管理委員會,新北市三重區環河北路280、282號2~25樓,106重使字第00177號,106,00177,25.090761,121.488776
1,2018/04/02,水岸長堤公寓大廈管理委員會,新北市三重區河邊北街168號,104重使字第00479號,104,00479,25.073101,121.502949
1,2018/05/15,川詠山社區管理委員會,新北市三重區集賢路152~158號,104重使字第00596號,104,00596,25.087478,121.483667
1,2018/05/15,仰沐社區管理委員會,新北市三重區河邊北街242、246號,105重使字第00268號,105,00268,25.076777,121.501752
1,2018/06/04,東煒欽品公寓大廈管理委員會,新北市三重區集美街71、73號,106重使字第00480號,106,00480,25.055779,121.492599
1,2018/06/05,冠德愛閱管理委員會,新北市三重區重新路2段106~110號,106重使字第00436號,106,00436,25.061471,121.495631
1,2018/06/11,富貴禮御公寓大廈管理委員會,新北市三重區仁義街397、399號,105重使字第00478號,105,00478,25.086102,121.494144
1,2018/07/06,水岸天賞社區管理委員會,新北市三重區中正北路560巷47號,105重使字第00246號,105,00246,25.07035,121.470806
1,2018/07/17,築城麗富公寓大廈管理委員,新北市三重區溪尾街125號及慈愛街135~157號,106重使字第00392號,106,00392,25.079695,121.4893
1,2018/07/17,台信京湛公寓大廈管理委員會,新北市三重區三信路55~61號,104重使字第00491號,104,00491,25.08509,121.48677
1,2018/07/20,活力HOYA社區管理委員會,新北市三重區大同南路102~106號,106重使字第00118號,106,00118,25.055717,121.497052
1,2018/07/23,仁興華廈管理委員會,新北市三重區仁興街33巷46~52號,103重使字第00253號,103,00253,25.075648,121.499866
1,2018/07/24,國泰中正家園社區管理委員會,新北市三重區中正北路394巷11號等,075重使字第01663號 074重使字第00235號 074重使字第00234號 075重使字第00714號 074重使字第01561號 076重使字第01561號 076重使字第01559號 076重使字第01560號 075重使字第01638號 ,075,01663,25.068739,121.474915
1,2018/08/06,三和A+社區管理委員會,新北市三重區力行路2段136巷20、22號,106重使字第00221號,106,00221,25.075309,121.480024
1,2018/09/04,柏邑集賢二館管理負責人,新北市三重區集賢路2號2~7樓,106重使字第00069號,106,00069,25.086774,121.495346
1,2018/09/17,台信京宴管理負責人,新北市三重區集賢路205.207號,104重使字第00447號,104,00447,25.087478,121.483667
1,2018/05/30,如意大廈管理委員會,新北市三重區中正北路45~55號,69重使字第03274號,69,03274,25.072165,121.469773
1,2018/10/01,興樹之森公寓大廈管理負責人,新北市三重區集賢路173.175號,106重使字第00579號,106,00579,25.087478,121.483667
1,2018/10/02,裕建華廈管理委員會,新北市三重區福德南路28號,106重使字第00549號,106,00549,25.062977,121.502892
1,2018/11/05,光明大廈管理委員會,新北市三重區光明路117~123號及重安街80、82號,082重使字第00551號,082,00551,25.056601,121.492303
1,2018/11/05,統鮮公寓大廈管理負責人,新北市三重區中興北街136巷18弄18號,105重使字第00216號,105,00216,25.055195,121.467995
1,2018/11/27,康景雙捷座公寓大廈管理委員會,新北市三重區長榮路69.71號,107重使字第00233號,107,00233,25.06954,121.504069
1,2018/12/23,良治公寓大廈管理委員會,新北市三重區重陽路4段156號,77重使字第01261號,77,01261,25.072077,121.49306
1,2019/01/07,樹一品大廈管理委員會,新北市三重區重陽路4段66號,107重使字第00096號,107,00096,25.070568,121.491924
1,2019/01/11,中寮永安公寓大廈管理委員會,新北市三重區中寮街20~30號,75重使字第01504號,75,01504,25.057586,121.493962
1,2019/01/11,進安公寓大廈管理負責人,新北市三重區進安街101.103號,107重使字第00051號,107,00051,25.086449,121.494045
1,2019/01/15,騏勝大廈管理委員會,新北市三重區中寮街99號,107重使字第00190號,107,00190,25.0575,121.493866
1,2019/01/25,日健漾大樓管理委員會,新北市三重區環河南路118號,107重使字第00328號,107,00328,25.056242,121.498015
1,2019/01/25,龍觀天下管理委員會,新北市三重區中興北街52-4~10號,83重使字第01269號,83,01269,25.050705,121.469064
1,2019/01/30,寶石君品苑社區管理委員會,新北市三重區光復路1段46.48號,104重使字第00088號,104,00088,25.052828,121.471949
1,2019/02/13,寶石上誠公寓大廈管理委員會,新北市三重區重新路5段489號,107重使字第00318號,107,00318,25.046913,121.472808
1,2019/02/22,靖登大樓管理負責人,新北市三重區重化街2號,107重使字第00001號,107,00001,25.063769,121.46791
1,2019/03/19,正邑大樓管理委員會,新北市三重區安慶街126巷1.3號,106重使字第00098號,106,00098,25.068501,121.494992
1,2019/03/26,永福公寓大廈管理委員會,新北市三重區力行路2段136巷17弄18~24號,69重使字第02932號,69,02932,25.076302,121.48152
1,2019/03/26,幸福家綻大廈管理委員會,新北市三重區三和路4段203巷183~195號,107重使字第00317號,107,00317,25.080643,121.486422
1,2019/03/14,集美之星公寓大廈管理委員會,新北市三重區集美街142號,87重使字第00455號,87,00455,25.053211,121.489459
1,2019/03/26,嵩昇公寓大廈管理負責人,新北市三重區三和路4段125巷20.22號,106重使字第00129號,106,00129,25.078692,121.488011
1,2019/04/03,正義之星大廈管理委員會,新北市三重區正義北路186號,78重使字第01049號,78,01049,25.066735,121.496437
1,2019/04/23,賓士名宮公寓大廈管理委員會,新北市三重區中正北路168~172號,107重使字第00244號,107,00244,25.072165,121.469773
1,2019/04/29,合新大河公園社區管理委員會,三重區富貴街13.15號及集賢路140~148號,104重使字第00533號,104,00533,25.090364,121.490706
1,2019/05/15,淞暘(又又)囍公寓大廈管理委員會,新北市三重區新生街100~116號,107重使字第00441號,107,00441,25.059332,121.482909
1,2019/06/04,千江維景公寓大廈管理委員會,新北市三重區開元街2號,107重使字第00424號,107,00424,25.065327,121.503896
1,2019/06/04,欽文公寓大廈管理負責人,新北市三重區力行路2段106號,108重使字第00074號,108,00074,25.075102,121.481997
1,2019/06/24,捷易市中興公寓大廈管理委員會,新北市三重區國隆路19~25號,106重使字第00562號,106,00562,25.064578,121.492338
1,2019/07/19,金鳳凰公寓大廈管理委員會,新北市三重區重陽路一段57~59號,086重使字第00652號,086,00652,25.061267,121.486552
1,2019/08/07,加州公寓大廈管理委員會,新北市三重區三信路100號,108重使字第00258號,108,00258,25.088283,121.490291
1,2019/09/05,長虹天馥大廈管理委員會,新北市三重區重陽路三段五巷28號,107重使字第00224號,107,00224,25.065916,121.490022
1,2019/10/01,久保立公寓大廈管理委員會,新北市三重區中央南路88號,107重使字第00069號,107,00069,25.060843,121.501566
1,2019/10/22,東利八方社區管理委員會,新北市三重區中央北路37號,105重使字第00530號,105,00530,25.064817,121.500855
1,2019/10/23,馨居公寓大廈管理委員會,新北市三重區後竹圍街171號,104重使字第00508號,104,00508,25.07197,121.486129
1,2019/10/29,幸福社區管理委員會,新北市三重區溪尾街287~295號等,077重使字第00961號,077,00961,25.085947,121.489132
1,2019/11/29,大亨世家管理委員會,新北市三重區河邊北街100巷25~35號等,079重使字第01031號,079,01031,25.070163,121.502415
1,2020/01/02,捷運京典社區管理委員會,新北市三重區光陽街66~72號,108重使字第00040號,108,00040,25.057395,121.482724
1,2020/01/02,臺北捷座社區管理委員會,新北市三重區重新路5段481號,108重使字第00066號,108,00066,25.046997,121.473076
1,2020/01/13,璞園春生生社區管理委員會,新北市三重區重新路1段53~61號,108重使字第00078號,108,00078,25.06306,121.500879
1,2020/01/22,年紀青公寓大廈管理委員會,新北市三重區五谷王北街58巷26~32號等,107重使字第00481號,107,00481,25.051652,121.473727
1,2020/02/03,三花中山大樓管理負責人,新北市三重區新北大道二段88號,108重使字第00250號,108,00250,25.061726,121.469275
1,2020/02/13,皇城西苑公寓大廈管理委員會,新北市三重區永福里13鄰力行路二段136巷29弄1號,107重使字第00164號,107,00164,25.075502,121.480728
1,2020/02/15,新美齊匯社區管理委員會,新北市三重區朝陽街50~60號,108重使字第00333號,108,00333,25.057238,121.48334
1,2020/02/27,重陽得村大樓管理委員會,新北市三重區重陽路一段53號,084重使字第00762號,084,00762,25.058332,121.486866
1,2020/03/16,家和公寓大廈管理委員會,新北市三重區光華路39號,106重使字第00201號,106,00201,25.059947,121.46774
1,2020/02/10,吉華立公寓大廈管理負責人-1090417補登,新北市三重區五常里001鄰環河北路二段188號,108重使字第00433號,108,00433,25.079384,121.500521
1,2020/04/06,鑽石公寓大廈管理委員會,新北市三重區車路頭街138號,068重使字第01130號,068,01130,25.075545,121.483842
1,2020/04/07,群光之星社區管理委員會,新北市三重區頂崁里1鄰神農街369號31樓,108重使字第00444號,108,00444,25.055795,121.474264
1,2020/04/16,華雅水玉公寓大廈管理委員會,新北市三重區中正南路172號,107重使字第00331號,107,00331,25.056713,121.494164
1,2020/04/20,長福合家歡公寓大廈管理委員會,新北市三重區長壽街146號7樓,081重使字第01474號,081,01474,25.068974,121.50324
1,2020/04/22,中正富豪管理委員會,新北市三重區頂崁街210巷25號等,082重使字第00983號,082,00983,25.068477,121.475905
1,2020/05/05,廿一世紀大樓管理委員會,新北市三重區重新路5段635~637號等,079重使字第00901號 099重變使字第090號,079,00901,25.042724,121.466145
1,2020/05/12,榮慎大樓管理負責人,新北市三重區中正北路295號等,109重使字第00027號,109,00027,25.071276,121.474577
1,2020/05/20,永福匯大樓管理委員會,新北市三重區永福街56號等,108重使字第00490號,108,00490,25.077991,121.481465
1,2020/05/20,唯聖璞寓管理負責人,新北市三重區大智街5號等,106重使字第00073號,106,00073,25.065059,121.494705
1,2020/05/22,新裕公寓大廈管理負責人,新北市三重區仁愛街255巷32號等,107重使字第00425號,107,00425,25.078742,121.493814
1,2020/06/02,五華悦公寓大廈管理委員會,新北市三重區五華街92號等,106重使字第00234號,106,00234,25.082329,121.49283
1,2020/06/01,三重奏社區管理委員會,新北市三重區神農街153~159號,108重使字第00446號,108,00446,25.058209,121.474226
1,2020/06/16,家祥紙業公寓大廈管理負責人,新北市三重區重化街38、40號,109重使字第00123號,109,00123,25.0641,121.465442
1,2020/07/10,首捷社區管理負責人,新北市三重區碧華街148巷20號,107重使字第00059號,107,00059,25.082616,121.484956
1,2020/07/23,三重江月行館管理負責人,新北市三重區重新路5段598號,107重使字第00285號,107,00285,25.045024,121.469022
1,2020/08/07,碧富御公寓大廈管理委員會,新北市三重區碧華街306、308號,108重使字第00256號,108,00256,25.086117,121.493339
1,2020/09/08,水丰景社區管理委員會,新北市三重區神農街481~501號,109重使字第00141號,109,00141,25.058209,121.474226
1,2020/09/16,擎雲管理負責人,新北市三重區忠孝路3段113號等,108重使字第00306號,108,00306,25.06378,121.479872
1,2020/10/08,長隆天美管理委員會,新北市三重區重新路2段35~45號,109重使字第00063號,109,00063,25.061471,121.495631
1,2020/10/30,紳公館社區管理委員會,新北市三重區五谷王北街45巷1號等,108重使字第00216號,108,00216,25.049167,121.475885
1,2020/11/04,捷昇真諦管理負責人,新北市三重區中正南路199號等,105重使字第00466號,105,00466,25.054635,121.493323
1,2020/11/09,辰光曜社區管理委員會,新北市三重區興德路55、57號等,109重使字第00088號,109,00088,25.052222,121.46856
1,2020/11/19,喜福匯五期社區管理委員會,新北市三重區成功一街31~39號,109重使字第00170號,109,00170,25.05028,121.485812
1,2020/11/28,樺輝心世界公寓大廈管理委員會,新北市三重區三信路25~39號,109重使字第00202號,109,00202,25.08509,121.48677
1,2020/12/14,龍門晶鑽社區管理委員會,新北市三重區龍濱路206、208號,108重使字第00323號,108,00323,25.073591,121.500917
1,2020/12/26,華峰上水社區管理委員會,新北市三重區福德南路10~18號,109重使字第00109號,109,00109,25.05806,121.500576
1,2020/12/28,河景站社區管理委員會,新北市三重區福德北路16、18號等,109重使字第00175號,109,00175,25.066295,121.501529
1,2021/02/10,小品川社區管理委員會,新北市三重區元信一街161~173號,109重使字第00310號,109,00310,25.077757,121.497045
1,2021/02/12,立瑾醞管理委員會,新北市三重區神農街433~439號,109重使字第00166號,109,00166,25.058209,121.474226
1,2021/03/12,聯上廣場三重店管理負責人,新北市三重區集美街18號等,109重使字第00400號,109,00400,25.055277,121.488376
1,2021/03/17,合康心綻社區管理委員會,新北市三重區捷運路22巷30~50號,109重使字第00385號,109,00385,25.054216,121.484668
1,2021/05/01,橋峰168社區管理委員會,新北市三重區重新路一段64~70號,109重使字第00398號,109,00398,25.06306,121.500879
1,2021/05/03,集美樹公寓大廈管理委員會,新北市三重區環河南路208、209號,108重使字第00422號,108,00422,25.049365,121.489545
1,2021/05/09,三和之星管理委員會,新北市三重區三和路三段147號,108重使字第00382號,108,00382,25.073722,121.492214
1,2021/06/02,台北龍騰社區管理委員會,新北市三重區福德北路6巷1號等,82重使字第550號,82,550,25.064155,121.502033
1,2021/07/02,六合安康華廈管理負責人,新北市三重區力行路一段91號,79重使字第498號,79,498,25.068197,121.486374
1,2021/07/11,東村藏社區管理負責人,新北市三重區永安里3鄰永福街232號十二樓之1,110重使字第00002號,110,00002,25.074652,121.48344
1,2021/08/04,仁政公寓大廈管理委員會,新北市三重區仁政街76巷17號,110重使字第049號,110,049,25.077164,121.491698
1,2021/08/06,正義華廈管理負責人,新北市三重區六張街46號,108重使字第00183號,108,00183,25.070326,121.49442
1,2021/08/08,金鑽公寓大廈管理委員會,新北市三重區力行路二段9巷2~12號,76重使字第1462號,76,1462,25.072118,121.482741
1,2021/08/10,興樹公寓大廈管理負責人,新北市三重區五華街357、359號,110重使字第84號,110,84,25.08963,121.485538
1,2021/08/21,礼寓公寓大廈管理委員會,新北市三重區長榮路83~89號,109重使字第144號,109,144,25.06954,121.504069
1,2021/08/22,達麗大景滙公寓大廈管理委員會,新北市三重區環河北路2段220~242號等,110重使字第86號,110,86,25.083635,121.497994
1,2021/09/07,三千家II公寓大廈管理委員會,新北市三重區重陽路1段26巷32、36號,104重使字第333號,104,333,25.057182,121.48584
1,2021/09/08,雙站匯社區管理委員會,新北市三重區福祉街66、68號,110重使字第57號,110,57,25.054397,121.484185
1,2021/09/26,明宗投資股份有限公司管理負責人,新北市三重區光復路2段81號等,109重使字第395號,109,395,25.057362,121.472264
1,2021/10/13,悅心緣公寓大廈管理負責人,新北市三重區中正北路393巷5號等,109重使字第223號,109,223,25.072731,121.471615
1,2021/11/01,青水居管理委員會,新北市三重區光田里7鄰新北大道1段111號等,109重使字第284號,109,284,25.061295,121.484054
1,2021/11/04,大亮時代一期社區管理委員會,新北市三重區元信二街116~138號,110重使字第217號,110,217,25.078954,121.495529
1,2021/11/05,水舞社區管理委員會,新北市三重區進安街79號,105重使字第87號,105,87,25.084987,121.496157
1,2021/11/18,觀瀾社區管理委員會,新北市三重區河邊北街17、19號等,110重使字第34號,110,34,25.076777,121.501752
1,2021/11/29,仁仁愛社區管理委員會,新北市三重區仁義街79巷23~37號等,110重使字第085號,110,085,25.080076,121.499204
1,2021/12/11,黃騰易居管理委員會,新北市三重區大同北路220巷5~11號,102重使字第169號,102,169,25.067034,121.490095
1,2021/12/22,大亮時代二期社區管理委員會,新北市三重區仁義街106~128號,110重使字第268號,110,268,25.086102,121.494144
1,2022/01/12,峰雲大廈管理委員會,新北市三重區福隆路75、77號,110重使字第010號,110,010,25.078516,121.492834
1,2022/01/24,集美鼎豐管理委員會,新北市三重區新興路6~14號等,110重使字第153號,110,153,25.05392,121.491342
1,2022/02/24,集美雙匯I社區管理委員會,新北市三重區重安街21號等,108重使字第405號,108,405,25.057286,121.490804
1,2022/02/24,集美雙匯II社區管理委員會,新北市三重區重安街19號等,108重使字第463號,108,463,25.057406,121.490684
1,2022/03/02,大亮時代三期社區管理委員會,新北市三重區元信三街19~33號,110重使字第383號,110,383,25.079806,121.496027
1,2022/03/01,徐匯棧公寓大廈管理委員會,新北市三重區仁安街93~105號,110重使字第264號,110,264,25.083333,121.48284
1,2022/03/14,僑光社區公寓大廈管理委員會,新北市三重區重新路5段317巷3弄1~17號及1弄1~20號等,58重使字第442號,58,442,25.049572,121.477485
1,2022/03/14,達麗麗水苑管理委員會,新北市三重區仁義街79巷42~60號,110重使字第385號,110,385,25.080076,121.499204
1,2022/03/28,世聖工業大樓管理委員會,新北市三重區溪尾街41號,80重使字第388號,80,388,25.076132,121.491264
1,2022/03/23,左岸京站社區管理委員會,新北市三重區疏洪東路1段38、39號,110重使字第296號,110,296,25.057649,121.48166
1,2011/02/09,北大頤荷園社區管理委員會,新北市三峽區大學路138號8樓,99峽使字第226號,99,226,24.944324,121.375066
1,2011/04/20,濟弘大廈管理委員會,新北市三峽區大義路1號,99峽使字第183號,99,183,24.943525,121.378888
1,2011/07/01,大埔山莊公寓大廈管理委員會,新北市三峽區圳頭17號,99峽使字第562號,99,562,24.890163,121.371156
1,2011/09/07,富甲河管理委員會,新北市三峽區忠孝街29號,100峽使字第032號,100,032,24.934075,121.371073
1,2011/10/25,遠雄凱旋門管理委員會,新北市三峽區學成路398號,100峽使字第238號,100,238,24.944205,121.378305
1,2011/01/24,台北新市民公寓大廈管理委員會(補登資料),新北市三峽區紫新路47號,85峽使字第436號,85,436,24.921697,121.422087
1,2012/01/16,周圭壁,新北市三峽區光明路69巷2號,99峽使字第208號,99,208,24.928809,121.376176
1,2012/01/17,永和,新北市三峽區介壽路一段278號,100峽使字第545號,100,545,24.929151,121.379842
1,2012/03/26,光明公寓大廈,新北市三峽區中正路一段15號,98峽使字第554號,98,554,24.930862,121.376294
1,2012/04/02,早安北大20期社區管理委員會,新北市三峽區國際二街27號7樓,100峽使字第478號,100,478,24.943348,121.372898
1,2012/04/20,幸福公寓大廈管理委員會,新北市三峽區永安街129號,101峽使字第018號,101,018,24.928296,121.37401
1,2012/08/19,台北大學城如意社區管理委員會,新北市三峽區國光街13號,88峽使字第154號,88,154,24.936751,121.375348
1,2012/09/16,王陳珠管理委員會,新北市三峽區國光街364巷2號,101峽使字第243號,101,243,24.939912,121.371087
1,2012/10/20,北大愛悅社區管理委員會,新北市三峽區大德路288號,100峽使字第463號,100,463,24.947856,121.374888
1,2013/01/23,長福大樓管理委員會,新北市三峽區中華路63巷6號,101峽使字第390號,101,390,24.930219,121.37248
1,2013/01/09,綻美綻賞館社區管理委,新北市三峽區復興路367巷1弄17號,101峽使字第328號,101,328,24.937933,121.364251
1,2013/01/11,皇翔玉鼎公寓大廈管理委員會,新北市三峽區學成路313號,101峽使字第288號,101,288,24.944206,121.377065
1,2013/02/23,雅拓公寓大廈管理委員會,新北市三峽區正義街199號,102峽使字第0059號,102,0059,24.914204,121.368208
1,2013/03/29,北大悅園社區管理委員會,新北市三峽區大德路155號,101峽使字第515號,101,515,24.945512,121.375467
1,2013/03/20,濟宏大廈管理委員會,新北市三峽區大觀路2號,101峽使字第044號,101,044,24.943704,121.376003
1,2013/03/14,承盈公寓大廈管理委員會,新北市三峽區中正路109號、111號,102峽使字第005號,102,005,24.916674,121.36646
1,2013/04/11,合慶華廈管理委員會,新北市三峽區光明路81號,101峽使字第131號,101,131,24.927233,121.376903
1,2013/05/10,和毅逸品社區管理委員會,新北市三峽區大同路206號等,101峽使字第520號,101,520,24.92687,121.3672
1,2013/05/03,峽觀社區管理委員會,新北市三峽區光明路31號等,101峽使字第395號,101,395,24.930893,121.373598
1,2013/06/10,百慶大樓,新北市三峽區民生街117號等,78峽使字第1291號,78,1291,24.935328,121.373853
1,2013/06/10,啟心大樓管理委員會,新北市三峽區橫溪路99巷60號等,98峽使字第429號,98,429,24.937204,121.400374
1,2013/07/18,豐雲第一大樓管理委員會,新北市三峽區中山路28號等,82峽使字第1480號,82,1480,24.934683,121.369065
1,2013/07/25,綻美美築館社區管理委員會,新北市三峽區復興路367巷1弄41號等,102峽使字第128號,102,128,24.937726,121.364298
1,2013/07/10,耕讀園社區管理委員會,新北市三峽區大學路75號等,101峽使字第244號,101,244,24.941343,121.376159
1,2013/09/06,松樓管理委員會,新北市三峽區三樹路222巷254弄75號等,100峽使字第446號,100,446,24.944572,121.393655
1,2013/09/14,上河景社區管理委員會,新北市三峽區中園街13號等,102峽使字第208號,102,208,24.926993,121.368762
1,2013/09/14,富俋首富新天地管理委員會,新北市三峽區和平街99號等,99峽使字第295號,99,295,24.938058,121.370258
1,2013/09/18,皇翔玉鼎商場管理負責人,新北市三峽區學成路313號等,101峽使字第288號,101,288,24.944206,121.377065
1,2013/10/15,悅灣川悅社區管理委員會,新北市三峽區民生街19巷7弄16-1號等,102峽使字第203號,102,203,24.935611,121.376958
1,2013/11/07,上河薈社區管理委員會,新北市三峽區中園街11號等,102峽使字第330號,102,330,24.927267,121.368598
1,2014/01/17,樂河郡豐河社區管理委員會,新北市三峽區民生街19巷7弄1號等,102峽使字第239號,102,239,24.935911,121.376544
1,2014/02/14,安口管理委員會,新北市三峽區中正路一段351號等,102峽使字第506號,102,506,24.923009,121.371288
1,2014/03/21,山姆管理委員會,新北市三峽區學勤路125號,92峽使字第348號,92,348,24.946987,121.375579
1,2014/04/24,上河雅社區管理委員會,新北市三峽區6鄰中園街5號等,102峽使字第476號,102,476,24.927821,121.3691
1,2014/05/22,滿築社區管理委員會,新北市三峽區國際一街66號等,102峽使字第569號,102,569,24.942205,121.372533
1,2014/06/10,廿三行館社區管理委員會,新北市三峽區學勤路106號等,102峽使字第436號,102,436,24.945824,121.374979
1,2014/09/04,逸景社區管理委員會,新北市三峽區大同路222巷12弄10號等,103峽使字第075號,103,075,24.926637,121.366404
1,2014/11/07,悅灣悠悅社區,新北市三峽區民生街1巷6之1至6之12號等,103峽使字第222號,103,222,24.936429,121.377305
1,2014/12/23,北大御景公寓大廈管理委員會,新北市三峽區大觀路118至128(雙)號,103峽使字第166號,103,166,24.944035,121.37575
1,2015/03/13,樂河郡耀河社區管理委員會,新北市三峽區民生街19巷7弄2號,103峽使字第266號,103,266,24.935784,121.37652
1,2015/04/10,喜福園社區管理委員會,新北市三峽區介壽路一段276巷102弄11號,103峽使字第267號,103,267,24.928035,121.378957
1,2015/04/10,樂河郡儷河社區管理委員會,新北市三峽區民生街1巷3-17號,103峽使字第268號,103,268,24.936551,121.377996
1,2015/05/04,弘園管理委員會,三峽區大同路222巷15弄9號,102峽使字第275號,102,275,24.926545,121.366369
1,2015/06/12,財富公寓大廈管理委員會,三峽區長泰街41巷34號,104峽使字第080號,104,080,24.932157,121.376876
1,2015/06/12,安康公寓大廈管理委員會,三峽區和平街81號,104峽使字第125號,104,125,24.93732,121.370067
1,2015/06/12,快樂公寓大廈管理委員會,三峽區復興路367巷5號,104峽使字第126號,104,126,24.937967,121.363805
1,2015/06/12,幸福公寓大廈管理委員會,三峽區中華路11巷2號10樓,104峽使字第081號,104,081,24.93211,121.374036
1,2015/08/28,悅灣捷悅社區管理負責人,三峽區民生街1巷3-2號1樓,103峽使字第227號,103,227,24.936606,121.377609
1,2016/01/07,榮華公寓大廈管理委員會,新北市三峽區光明路69巷7號,80峽使字第115號,80,115,24.928934,121.376058
1,2016/01/30,榮耀聖城社區管理委員會,新北市三峽區大學路206號,104峽使字第00374號,104,00374,24.946999,121.372538
1,2016/01/14,立信鼎峰公寓大廈管理委員會,新北市三峽區大同路229號,104峽使字第00197號,104,00197,24.926514,121.36723
1,2016/03/25,天南寺管理負責人,新北市三峽區介壽路二段138巷168號,97峽使字第00766號,97,00766,24.928808,121.394934
1,2016/04/12,樂河郡悅河社區管理委員會,新北市三峽區民生街1巷1-55號,104峽使字第00473號,104,00473,24.935092,121.378088
1,2016/05/19,合康森悅社區管理委員會,新北市三峽區民權街170巷48-2號,104峽使字第00404號,104,00404,24.929745,121.367296
1,2016/08/15,圓朗社區管理委員會,新北市三峽區大同路5巷46號,105峽使字第00038號,105,00038,24.928052,121.378451
1,2016/09/01,北大御品公寓大廈管理委員會,新北市三峽區大觀路12-1號,105峽使字第00011號,105,00011,24.944035,121.37575
1,2016/10/07,樂河郡佳河社區管理委員會,新北市三峽區民生街1巷3-12至3-14號,105峽使字第00009號,105,00009,24.936043,121.377645
1,2016/11/11,樂河郡佳河二期社區管理委會,新北市三峽區民生街1巷3之15至3之16號,105峽使字第00224號,105,00224,24.93598,121.377596
1,2016/11/14,園峰社區管理委員會,新北市三峽區中山路106巷20-36號,105峽使字第00151號,105,00151,24.93698,121.366086
1,2016/11/14,豐采社區管理委員會,新北市三峽區弘園街28-30號,105峽使字第00295號,105,00295,24.927271,121.366282
1,2016/12/22,勤實公寓大廈管理委員會,新北市三峽區大學路150號,102峽使字第00137號,102,00137,24.944686,121.37419
1,2016/12/22,協勤公寓大廈管理委員會,新北市三峽區大學路202號,103峽使字第00003號,103,00003,24.946846,121.372502
1,2016/12/21,地球花園公寓大廈管理委員會,新北市三峽區民族街2-2號,87峽使字第821號,87,821,24.931393,121.368898
1,2016/12/29,金別墅東A區管理委員會,新北市三峽區國光街330巷2弄5號,105峽使字第00439號,105,00439,24.93973,121.372228
1,2017/01/20,攬翠家園管理委員會,新北市三峽區大同路270巷35弄6-1號等,84峽使字第01433號,84,01433,24.92634,121.364991
1,2017/03/02,中園廈公寓大廈管理委員會,新北市三峽區弘園街43號等,105峽使字第00392號,105,00392,24.927439,121.366834
1,2017/03/27,富裕天下社區管理委員會,新北市三峽區忠孝街6號等,85峽使字第01369號,85,01369,24.934526,121.37069
1,2017/04/21,三希堂公寓大廈管理委員會,新北市三峽區中正路2段372-1號等,102峽使字第00578號,102,00578,24.909616,121.365508
1,2017/05/23,正奇公寓大廈管理委員會,新北市三峽區國際一街15號等,105峽使字第00434號,105,00434,24.942793,121.37409
1,2017/07/12,台北大CD棟公寓大廈管理委員會,新北市三峽區國際一街19號等,102峽使字第00358號,102,00358,24.942582,121.373831
1,2017/07/12,台北大A棟公寓大廈管理委員會,新北市三峽區國際一街19號等,102峽使字第00358號,102,00358,24.942582,121.373831
1,2017/08/02,曉學堂公寓大廈管理委員會,新北市三峽區光明路75巷10號等,106峽使字第00144號,106,00144,24.927944,121.377313
1,2017/08/23,和穎風和公寓大廈管理委員會,新北市三峽區國光街500號,106峽使字第00122號,106,00122,24.938886,121.370588
1,2017/09/21,北大隆恩社區管理委員會,新北市三峽區大學路19號等,106峽使字第00014號,106,00014,24.939899,121.377443
1,2017/11/27,立信御峰社區管理委員會,新北市三峽區中正路二段18號等,106峽使字第00286號,106,00286,24.919855,121.367416
1,2017/12/20,禎曜公寓大廈管理委員會,新北市三峽區添福里添福59-7號,106峽使字第00087號,106,00087,24.903155,121.373954
1,2018/01/09,將捷MIT公寓大廈管理委員會,新北市三峽區大學路117號,106峽使字第00266號,106,00266,24.942833,121.375022
1,2018/01/16,錦紅大樓管理委員會,新北市三峽區大學路31號,106峽使字第00252號,106,00252,24.940093,121.37724
1,2018/02/09,美立方社區管理委員會,新北市三峽區溪東路161號11樓,106峽使字第00370號,106,00370,24.934197,121.403336
1,2018/02/09,典高民生101管理委員會,新北市三峽區民生街152-3號7樓,102峽使字第00118號,102,00118,24.935188,121.372048
1,2018/03/26,文化菁英管理委員會,新北市三峽區大勇路3巷21-8號,105峽使字第00549號,105,00549,24.936605,121.367952
1,2018/03/09,25藝公寓大廈管理委員會,新北市三峽區龍學里24鄰大觀路12-6號,106峽使字第00246號,106,00246,24.944258,121.37559
1,2018/05/10,悅灣謙悅社區管理負責人,新北市三峽區民生街1-9號,106峽使字第00428號,106,00428,24.937042,121.376414
1,2018/09/03,樂河郡尚河社區管理委員會,新北市三峽區民生街1巷5-97號,106峽使字第00407號,106,00407,24.935808,121.379054
1,2018/11/05,文寶管理委員會,新北市三峽區大同路45號,107峽使字第00371號,107,00371,24.927795,121.376171
1,2018/10/23,"鎧鉅科技管理委員會(1071127補登,公所疏漏未登錄智慧APP)",新北市三峽區介壽里1鄰介壽路一段412巷19號 ,107峽使字第00358號,107,00358,24.930278,121.38469
1,2019/05/10,富築社區管理委員會,新北市三峽區長泰街73號等,107峽使字第00400號,107,00400,24.933088,121.37651
1,2019/06/18,樂河郡禮河社區管理委員會,新北市三峽區民生街1巷1-59號2樓,107峽使字第00435號,107,00435,24.935303,121.378028
1,2019/06/19,合康心悅社區管理委員會,新北市三峽區民權街170巷19號2樓,108峽使字第00090號,108,00090,24.929493,121.367085
1,2019/06/24,26藝社區管理委員會,新北市三峽區大學路107號等,107峽使字第00395號,107,00395,24.94189,121.375721
1,2019/08/08,龍大地公寓大廈管理委員會,新北市三峽區光明路88號,083峽使字第01460號,083,01460,24.928598,121.375497
1,2019/09/03,大樹小墅公寓大廈管理委員會,新北市三峽區大同路39巷28號,108峽使字第00140號,108,00140,24.927375,121.377328
1,2019/09/03,櫻花學博學區社區管理委員會,新北市三峽區大同路220號-1,108峽使字第00206號,108,00206,24.926373,121.366772
1,2019/09/16,好鄰居公寓大廈管理委員會,新北市三峽區永安街9巷3-3號7樓,083峽使字第01334號,083,01334,24.929666,121.377112
1,2019/10/16,立信華府社區管理委員會,新北市三峽區中華路38-2號,108峽使字第00097號,108,00097,24.931753,121.373132
1,2019/10/16,長展日綻社區管理委員會,新北市三峽區大智路8-3號,108峽使字第00131號,108,00131,24.937918,121.360569
1,2019/12/05,櫻花學家學區社區管理委員會,新北市三峽區弘園街52號,108峽使字第00347號,108,00347,24.926665,121.36566
1,2019/02/21,長泰聚社區管理委員會(1081230補登),新北市三峽區礁溪里5鄰長泰街68號 ,107峽使字第00413號,107,00413,24.932825,121.377613
1,2019/12/24,瓦丹傳家管理委員會,新北市三峽區大同路45-1號,108峽使字第00278號,108,00278,24.927757,121.376104
1,2019/12/31,樂河郡豐澤社區管理委員會,新北市三峽區民生街1巷1-62號4樓,108峽使字第00365號,108,00365,24.935794,121.378003
1,2020/01/15,三峽寶第管理委員會,新北市三峽區介壽路一段276巷108弄33號,084峽使字第01686號,084,01686,24.927488,121.37894
1,2020/02/19,皇家莊園社區管理委員會,新北市三峽區嘉添里8鄰白雞38-27號,102峽使字第00459號,102,00459,24.911939,121.373941
1,2020/04/07,歐亞公寓大廈管理負責人,新北市三峽區中正路三段180-1號,109峽使字第00034號,109,00034,24.904277,121.351573
1,1992/11/12,真善美花園別墅D區-109/5/18補登,台北縣三峽鎮大同路305巷1~15號,090峽使字第00232號,090,00232,24.924575,121.363867
1,2020/06/08,櫻花學品學區社區管理委員會,新北市三峽區弘園街38~48號,109峽使字第00077號,109,00077,24.926373,121.365804
1,2020/08/27,晶富苑社區管理委員會,新北市三峽區大同路236號等,109峽使字第00137號,109,00137,24.92578,121.366309
1,2020/08/31,中園示範國宅公寓大廈管理委員會-190925補登,新北市三峽區民權街209號7樓之2,87峽使字第964號,87,964,24.928486,121.367814
1,2020/09/29,行天宮醫療志業醫療財團法人恩主公醫院門診大樓管理公共基金,新北市三峽區中山路258號,109使峽字第00082號,109,00082,24.93778,121.361755
1,2020/10/29,丁興業大樓,新北市三峽區介壽路三段120號,102峽使字第00614號,102,00614,24.941852,121.399135
1,2020/12/01,方富公寓大廈管理委員會,新北市三峽區成福路105巷6之1號,109峽使字第00328號,109,00328,24.930859,121.418833
1,2021/01/20,大學一號院社區管理委員會,新北市三峽區大學路156-1號,109峽使字第00165號,109,00165,24.945789,121.37329
1,2021/01/28,大豪宅管理委員會,新北市三峽區中正路二段42巷62號,93峽使字第193號,93,193,24.92079,121.364614
1,2021/01/31,文化原美公寓大廈管理委員會,新北市三峽區文化路82巷1號,81峽使字第946號,81,946,24.936351,121.371885
1,2021/04/04,北大樂馥社區管理委員會,新北市三峽區中山路398號1樓,109峽使字第00083號,109,00083,24.935934,121.353913
1,2021/07/07,駿園御墅社區管理委員會,新北市三峽區中正路二段299巷15號,109峽使字第00041號,109,00041,24.911185,121.366561
1,2021/09/09,菁英寶利興公寓大廈管理委員會,新北市三峽區弘園街36巷18號等,110峽使字第54號,110,54,24.927524,121.365878
1,2021/09/15,廣福居公寓大廈管理委員會,新北市三峽區大同路130-1號1樓,109峽使字第161號,109,161,24.92685,121.373789
1,2021/12/18,樂河郡豐耘社區管理委員會,新北市三峽區龍埔里10鄰民生街1巷1-67號2樓等,110峽使字第180號,110,180,24.936084,121.378189
1,2022/01/17,綠園道社區管理委員會,新北市三峽區愛國路160-168號,110峽使字第236號,110,236,24.931473,121.374927
1,1996/07/16,大京采管理委員會,土城市學府路一段24巷13號1樓,85土使字第 0439 號,85,0439,24.988781,121.458431
1,1996/07/16,明華園管理委員會,土城市明德路一段29巷14至20－(雙)號,85土使字第 0263 號,85,0263,24.985609,121.465619
1,1996/07/22,御花園管理委員會,土城市立德路23至27(連)號,82土使字第 1529 號,82,1529,24.987271,121.4636
1,1996/08/19,台北大道社區管理委員會,土城市中央路242巷16號12樓,70土使字第 3627 號,70,3627,24.985144,121.443804
1,1996/08/19,順風巨星管理委員會,土城市水源街99巷13號6樓,73土使字第 1379 號,73,1379,24.97659,121.439385
1,1996/08/19,溫暖人間管理委員會,土城市明德路一段172至194－(雙)號,82土使字第 1073 號,82,1073,24.98551,121.46481
1,1996/08/19,住都園中園管理委員會,土城市延和路125巷2至14－(雙)號,84土使字第 1390 號,84,1390,24.990877,121.468832
1,1996/08/23,國泰富貴世家G棟管理委員會,土城市學士路31號6樓,85土使字第 0904 號,85,0904,24.982261,121.45302
1,1996/08/23,三星抱喜管理委員會,土城市中央路二段102 巷6至12－(雙)號,82土使字第 1255 號,82,1255,24.977855,121.442212
1,1996/08/26,新官邸管理委員會,土城市興城路6號2樓,82土使字第 1613 號,82,1613,24.973521,121.442735
1,1996/09/02,國泰富貴世家F棟管理委員會,土城市學士路35號,85土使字第 0904 號,85,0904,24.982099,121.452847
1,1996/09/02,鎮成功管理委員會,土城市日新街13巷59號2樓,83土使字第 1361 號,83,1361,24.987373,121.443679
1,1996/09/02,本市好旺來吉利管理委員會,土城市裕生路21巷6弄2至24－(雙)號,84土使字第 0459 號,84,0459,24.986941,121.448685
1,1996/09/17,向陽新村社區管理委員會,土城市延和路230至250－(雙)號,83土使字第 0797 號,83,0797,24.988043,121.464268
1,1996/09/17,綠寶石大廈管理委員會,土城市裕民路195巷巷2至20－(雙)號,84土使字第 1199 號,84,1199,24.983947,121.454265
1,1996/10/07,南天母新城管理委員會,土城市南天母路69號3樓,81土使字第 0367 號,81,0367,24.957391,121.446342
1,1996/10/07,盛會管理委員會,土城市學府路一段68巷2弄1.3.5號,83土使字第 013 號,83,013,24.988703,121.456832
1,1996/10/11,青雲華城管理委員會,土城市明德路一段313巷1弄6號,70土使字第 0180 號,70,0180,24.976689,121.459698
1,1996/10/11,麗景山莊管理委員會,土城市永豐路242巷1弄1至24－(連)號,80土使字第 0905 號,80,0905,24.979019,121.468609
1,1996/10/11,喜來登管理委員會,土城市學成路52號2樓,84土使字第 0645 號,84,0645,24.987773,121.45243
1,1996/10/19,龍鎮管理委員會,土城市金城路三段101巷8號6樓,84土使字第 1367 號,84,1367,24.988101,121.467297
1,1996/10/19,孔雀王朝第二期管理委員會,土城市明德路二段155~163號2~12樓,84土使字第 0338 號,84,0338,24.984189,121.444745
1,1996/10/19,中央學園管理委員會,土城市中央路一段98.100號,85土使字第 0859 號,85,0859,24.980979,121.443153
1,1996/10/24,台北巴黎管理委員會,土城市裕民249至257號,83土使字第 1090 號,83,1090,24.980806,121.440592
1,1996/10/24,凱都金鑽管理委員會,土城市仁愛46巷1至11號,84土使字第 1347 號,84,1347,24.983688,121.464806
1,1996/11/04,翡翠皇宮管理委員會,土城市中央四段410巷2至32號,83土使字第 1732 號,83,1732,24.95397,121.411675
1,1996/11/06,長風新城管理委員會,土城市順風路25號1樓,81土使字第 0234 號,81,0234,24.976732,121.44053
1,1996/11/06,四季廣場管理委員會,土城市延吉街－317號,84土使字第 1488 號,84,1488,24.984313,121.466375
1,1996/11/25,金城社區管理委員會,土城市金城路三段52巷45弄40號6樓,82土使字第 0590 號,82,0590,24.986097,121.465926
1,1996/11/25,溫馨庭園管理委員會,土城市青山路2巷47號5樓,70土使字第 1080 號,70,1080,24.976029,121.461377
1,1996/11/25,楓林畫境管理委員會,土城市南天母路60－3號7樓,83土使字第 1370 號,83,1370,24.955729,121.446924
1,1996/12/04,土城國泰雕之森管理委員會,土城市裕民路241巷21號12樓,73土使字第 1485 號,73,1485,24.983288,121.454438
1,1996/12/04,國際公園城管理委員會,土城市國際路72-1號,69土使字第 2318 號,69,2318,24.976215,121.466768
1,1996/12/04,泰隆新貴族管理委員會,土城市學府路一段68巷15號4樓,83土使字第 0731 號,83,0731,24.98879,121.45637
1,1996/12/04,萬家鄉富貴城管理委員會,土城市延和路187號7樓之1 ,83土使字第 0798 號,83,0798,24.990392,121.469108
1,1996/12/04,台北首都管理委員會,土城市興城路65號6樓,84土使字第 0098 號,84,0098,24.970758,121.440504
1,1996/12/04,泰隆麗都管理委員會,土城市學府路一段70號3樓,84土使字第 0580 號,84,0580,24.98832,121.456708
1,1996/12/09,帝國園林B區管理委員會,土城市福祥街79巷7號,78土使字第 0973 號,78,0973,24.980706,121.440792
1,1996/12/09,歡喜圓管理委員會,土城市廣明街41巷24號3樓,85土使字第 0254 號,85,0254,24.992849,121.454145
1,1996/12/12,台北駙馬管理委員會,土城市福祥街11號2樓,82土使字第 0695 號,82,0695,24.979436,121.440372
1,1996/12/14,鴻莊公寓管理委員會,土城市立德路48巷1號6樓,83土使字第 0801 號,83,0801,24.986948,121.463678
1,1996/12/18,勝輝御品A區管理委員會,土城市延和路125巷35號6樓,83土使字第 1645 號,83,1645,24.991368,121.468892
1,1996/12/27,得意人生二期管理委員會,土城市中央路三段187－3號3樓,84土使字第 0058 號,84,0058,24.964855,121.431016
1,1996/12/27,中正龍門管理委員會,土城市金城路二段242巷3號14樓,84土使字第 1096 號,84,1096,24.982925,121.457262
1,1996/12/27,價值連城管理委員會,土城市學府路一段99巷3號1樓,84土使字第 0374 號,84,0374,24.987739,121.456374
1,1996/12/27,香格里拉二期管理委員會,土城市學府路一段115巷36號3樓,82土使字第 1016 號,82,1016,24.986287,121.456287
1,1996/12/27,泰隆新象管理委員會,土城市學府路一段164巷1號2樓,84土使字第 0993 號,84,0993,24.986788,121.453935
1,1997/01/10,孔雀王朝七樓管理委員會,土城市明德路二段167巷2至10－(雙)號,83土使字第 1362 號,83,1362,24.982841,121.447875
1,1997/01/10,聖彼得堡管理委員會,土城市永豐路270巷19弄1至29－(單)號,83土使字第 1674 號,83,1674,24.976754,121.470519
1,1997/01/10,春風得意管理委員會,土城市延和路26至40－(雙)號,83土使字第 0501 號,83,0501,24.988043,121.464268
1,1997/01/10,新樂園管理委員會,土城市金城路三段32巷2.6.8號,85土使字第 0742 號,85,0742,24.986031,121.465546
1,1997/01/22,員林新城管理委員會,土城市員林街14至32－(雙)號,83土使字第 0141 號,83,0141,24.977865,121.442537
1,1997/01/23,香格里拉管理委員會,土城市學府路一段115巷9號1樓,82土使字第 1016 號,82,1016,24.987258,121.456321
1,1997/01/27,仁愛我家管理委員會,土城市仁愛路－42號,80土使字第 0876 號,80,0876,24.978826,121.462083
1,1997/02/01,黃金國公寓管理委員會,土城市中央路三段118至124－(雙)號,82土使字第 0867 號,82,0867,24.970056,121.439021
1,1997/02/01,宏國學府管理委員會,土城市學府路一段126巷22.36號2~12樓,84土使字第 0240 號,84,0240,24.988697,121.452265
1,1997/02/11,金鳳凰管理委員會,土城市學府路一段5至21－(單)號,83土使字第 0852 號,83,0852,24.988344,121.459023
1,1997/02/20,廣福新都管理委員會,土城市學府路一段99巷8號之1~8 ,82土使字第 0202 號,82,0202,24.986725,121.456367
1,1997/02/24,皇輝鴻管理委員會,土城市永安街62至76－(雙)號,85土使字第 0442 號,85,0442,24.965232,121.434333
1,1997/03/07,海山學府管理委員會,土城市明德路二段121至129－(單)號,83土使字第 0763 號,83,0763,24.983056,121.448723
1,1997/03/07,世家大英雄管理委員會,土城市裕民路214巷30至38－(雙)號,84土使字第 0806 號,84,0806,24.984176,121.453236
1,1997/03/07,泰隆金站管理委員會,土城市中央路二段209.211號,85土使字第 0240 號,85,0240,24.970936,121.439487
1,1997/03/17,銀河巨星B棟管理委員會,土城市清水路381號9樓,85土使字第 0085 號,85,0085,24.985696,121.464254
1,1997/03/19,富貴世家H區管理委員會,土城市學士路49號9樓,86土使字第 0851 號,86,0851,24.981833,121.452558
1,1997/03/24,學成新都管理委員會,土城市學成路40巷1.3.5.7號,82土使字第 1534 號,82,1534,24.988181,121.452507
1,1997/03/28,大江山一期管理委員會,土城市學府路二段－16號,83土使字第 0763 號,83,0763,24.981535,121.449601
1,1997/03/28,金站社區管理委員會,土城市明德路二段197至203－(單)號,85土使字第 0878 號,85,0878,24.983056,121.448723
1,1997/04/10,勝輝御品B區管理委員會,土城市延和路125巷25至63－(單)號,83土使字第 1645 號,83,1645,24.990877,121.468832
1,1997/04/10,南天母氧樂多管理委員會,土城市南天母路6至24－(雙)號,85土使字第 1194 號,85,1194,24.956733,121.445466
1,1997/05/05,五號公園管理委員會,土城市金城路一段129巷2號3樓,78土使字第 1224 號,78,1224,24.974131,121.444704
1,1997/05/05,京華大地B區管理委員會,土城市學成路94巷11至17－(單)號,82土使字第 0594 號,82,0594,24.989419,121.450622
1,1997/06/13,大賺界管理委員會,土城市裕民路76~84－(雙)號3~12樓,83土使字第 0317 號,83,0317,24.989049,121.44676
1,1997/06/20,田納西管理委員會,土城市學享街66~74－(雙)號,78土使字第 1143 號,78,1143,24.986965,121.4518
1,1997/06/20,京華大地A區管理委員會,土城市學成路94巷1.3.5.7號1~7樓,82土使字第 0821 號,82,0821,24.989578,121.451025
1,1997/06/20,美麗宏國B區管理委員會,土城市學府路一段126巷27~39號1~14樓,83土使字第 1731 號,83,1731,24.988697,121.452265
1,1997/06/20,快樂成家管理委員會,土城市學府路一段98巷1~29－(單)號1~8樓,83土使字第 0609 號,83,0609,24.988153,121.455733
1,1997/06/20,歡樂一百管理委員會,土城市金城路三段166號,85土使字第 0410 號,85,0410,24.9874,121.46745
1,1997/08/05,金寶大道管理委員會,土城市仁愛路4~12－(雙)號,84土使字第 1176 號,84,1176,24.981104,121.459891
1,1997/08/25,東達特區管理委員會,土城市中華路一段201巷2.3.5.6.8號,84土使字第 1012 號,84,1012,24.984987,121.443096
1,1997/08/30,台北新故鄉管理委員會,土城市金城路三段183~197－(單)號,85土使字第 1538 號,85,1538,24.98599,121.46498
1,1997/09/06,台北年代管理委員會,土城市金城路三段46－1號8樓,83土使字第 1768 號,83,1768,24.986407,121.465727
1,1997/09/08,康莊大道管理委員會,土城市裕民路233巷5號9樓,83土使字第 0056 號,83,0056,24.98345,121.454753
1,1997/09/08,中正龍傳家管理委員會,土城市金城路三段247號8樓,83土使字第 1081 號,83,1081,24.989982,121.471517
1,1997/09/11,台北天廈管理委員會,土城市學士路26號10樓,82土使字第 1582 號,82,1582,24.982495,121.452967
1,1997/09/11,滿庭居管理委員會,土城市慶利街7巷6號2樓,82土使字第 0330 號,82,0330,24.973267,121.439477
1,1997/09/18,得意人生管理委員會,土城市中央路四段291號1樓,81土使字第 1154 號,81,1154,24.952276,121.411475
1,1997/09/18,台北麗京管理委員會,土城市金城路三段54號12樓,85土使字第 1220 號,85,1220,24.986609,121.465981
1,1997/09/23,愛買嘉年華管理委員會,土城市廣福街179巷1號,86土使字第 0435 號,86,0435,24.995459,121.455861
1,1997/10/14,台北大第管理委員會,土城市永豐路153巷1號14樓,81土使字第 0531 號,81,0531,24.982101,121.467303
1,1997/10/17,泰隆市管理委員會,土城市學士路12巷2~18－(雙)號,86土使字第 0581 號,86,0581,24.983347,121.4534
1,1997/10/21,甲天下管理委員會,土城市員林街12巷8號14樓,81土使字第 1249 號,81,1249,24.977126,121.442944
1,1997/10/27,帝國園林A區管理委員會,土城市福祥街24~40－(雙)號,79土使字第 0050 號,79,0050,24.980319,121.44089
1,1997/10/27,北京管理委員會,土城市裕民路92巷5弄11號7樓,81土使字第 0801 號,81,0801,24.986464,121.45063
1,1997/10/27,向陽華城管理委員會,土城市中華路二段182~192－(雙)號,85土使字第 0029 號,85,0029,24.978496,121.439052
1,1997/10/29,青雲小鎮管理委員會,土城市青雲路11~25－(單)號,83土使字第 0117 號,83,0117,24.990016,121.460312
1,1997/10/30,公園海社區管理委員會,土城市廣興街53.55.57號,86土使字第 0391 號,86,0391,24.991233,121.45339
1,1997/11/03,富貴鄉里管理委員會,土城市延和路146巷23號7樓,83土使字第 1763 號,83,1763,24.98937,121.468622
1,1997/11/04,大世紀花園廣場管理委員會,土城市中華路一段39巷9號9樓,84土使字第 0160 號,84,0160,24.988935,121.443378
1,1997/11/05,銀河巨星A座管理委員會,土城市清水路332號3樓,85土使字第 1691 號,85,1691,24.985541,121.464102
1,1997/11/11,金滿意管理委員會,土城市明德路一段287巷12號12樓,84土使字第 0919 號,84,0919,24.976849,121.460877
1,1997/11/17,蟠龍大地管理委員會,土城市明德路二段119巷6號3樓,80土使字第 0322 號,80,0322,24.981487,121.450204
1,1997/11/17,承天名門管理委員會,土城市南天母路111巷2號7樓之1 ,83土使字第 1166 號,83,1166,24.954799,121.448076
1,1997/11/17,金雞報喜二期管理委員會,土城市學士路33巷2號5樓,84土使字第 1175 號,84,1175,24.981819,121.453233
1,1997/12/01,富貴鄉城管理委員會,土城市延和路146巷14弄2號5樓,81土使字第 0217 號,81,0217,24.989518,121.46796
1,1997/12/01,新東京新宿特區管理委員會,土城市學成路108巷11號2樓,82土使字第 1031 號,82,1031,24.989719,121.450136
1,1997/12/11,美麗宏國廣福社區管理委員會,土城市學府路一段126巷11號8樓,83土使字第 1775 號,83,1775,24.987591,121.454215
1,1997/12/30,南方社區管理委員會,土城市延吉街236巷6號6樓,81土使字第 1110 號,81,1110,24.98505,121.466904
1,1998/01/20,成功座標管理委員會,土城市金安街13~61號,83土使字第 0190 號,83,0190,24.965726,121.420012
1,1998/02/07,維也納管理委員會,土城市南天母路164號4樓,80土使字第 1474 號,80,1474,24.952362,121.447509
1,1998/02/07,快樂城管理委員會,土城市中央路三段281巷9－1號1~12樓,86土使字第 0930 號,86,0930,24.962755,121.426629
1,1998/02/11,大別莊公寓管理委員會,土城市明德路二段215巷1~19－(單)號,85土使字第 0506 號,85,0506,24.98354,121.446172
1,1998/03/09,捷運學府管理委員會,土城市明德路二段145號1樓,82土使字第 1399 號,82,1399,24.982787,121.448555
1,1998/03/13,新紐約管理委員會,土城市金城路二段212號1~12樓,83土使字第 0098 號,83,0098,24.982236,121.455721
1,1998/03/13,吉仕堡管理委員會,土城市明德路一段93巷2號1~8樓,83土使字第 0116 號,83,0116,24.983098,121.465818
1,1998/03/23,埤林學成管理委員會,土城市學成路22巷1弄3號3樓,76土使字第 0073 號,76,0073,24.987245,121.453076
1,1998/03/25,陽光大地社區管理委員會,土城市金城路一段47~59－(單)號1~12樓,82土使字第 1576 號,82,1576,24.968627,121.439116
1,1998/04/09,鴻禧大城管理委員會,土城市明德路一段240巷1.3號1~12樓,83土使字第 1473 號,83,1473,24.978292,121.459748
1,1998/04/09,捷運麗景管理委員會,土城市中央路三段283.285號1~11樓,85土使字第 1004 號,85,1004,24.963042,121.426149
1,1998/04/09,歐洲村公寓管理委員會,土城市中央路二段270巷22號1~7樓,84土使字第 1348 號,84,1348,24.975128,121.440672
1,1998/04/09,歐洲村公寓管理委員會,土城市中央路二段270巷22號1~6樓,84土使字第 1352 號,84,1352,24.975128,121.440672
1,1998/04/09,歐洲村公寓管理委員會,土城市中央路二段270巷22號1~7樓,85土使字第 0449 號,85,0449,24.975128,121.440672
1,1998/04/30,御花園管理委員會,土城市立德路23~47－(單)號,82土使字第 1529 號,82,1529,24.987271,121.4636
1,1998/04/30,甜蜜新居管理委員會,土城市中央路二段50巷40~50－(雙)號1~12樓,84土使字第 0679 號,84,0679,24.979645,121.442212
1,1998/05/20,金貴族管理委員會,土城市學府路一段20巷3~33－(單)號1~3樓,78土使字第 0436 號,78,0436,24.989229,121.458499
1,1998/05/22,青雲雅築管理委員會,土城市清山路2巷11弄20~32－(雙)號1~6樓,81土使字第 0086 號,81,0086,24.96984,121.457308
1,1998/05/22,青雲雅築管理委員會,土城市明德路一段313巷11弄8~34－(雙)號1~6樓,81土使字第 0218 號,81,0218,24.975884,121.459815
1,1998/05/22,信義皇家管理委員會,土城市學府路一段31號,82土使字第 0837 號,82,0837,24.988358,121.458129
1,1998/05/22,欣隆經典管理委員會,土城市中央路二段274.276號1~12樓,84土使字第 0554 號,84,0554,24.970936,121.439487
1,1998/05/29,名群公寓管理委員會,土城市中央路一段292巷4.6.8號1~5樓,78土使字第 1044 號,78,1044,24.982018,121.442846
1,1998/05/29,富麗世界管理委員會,土城市立仁街46~54－(雙)號11~20樓,82土使字第 0892 號,82,0892,24.983751,121.460048
1,1998/06/01,東方之龍管理委員會,土城市清水路68.70號1~14樓,82土使字第 1445 號,82,1445,24.985696,121.464254
1,1998/06/01,皇家宮廷管理委員會,土城市中華路二段172~180－(雙)號1~10樓,83土使字第 0082 號,83,0082,24.978496,121.439052
1,1998/06/05,一品夫人管理委員會,土城市永安街78.80號1~10樓,86土使字第 1257 號,86,1257,24.964268,121.429716
1,1998/06/11,孟母學府管理委員會,土城市清水路278巷10弄5~11－(單)號1~6樓,82土使字第 0078 號,82,0078,24.982893,121.461961
1,1998/06/24,新東京銀座特區管理委員會,土城市學成路100~106號,82土使字第 0105 號,82,0105,24.988823,121.447796
1,1998/06/24,中央第一城管理委員會,土城市中央路四段1~14號,82土使字第 1134 號,82,1134,24.957708,121.416524
1,1998/06/24,聯邦大城第四期管理委員會,土城市青雲路295巷16弄27~57－(單)號,83土使字第 1403 號,83,1403,24.979285,121.459816
1,1998/07/08,城龍管理委員會,土城市金城路三段176號之2~22 ,86土使字第 1002 號,86,1002,24.987573,121.46777
1,1998/07/15,宏福新象華園管理委員會,土城市裕民路92巷26弄2.4.6號,77土使字第 1408 號,77,1408,24.985959,121.449127
1,1998/07/15,宏福新象華園管理委員會,土城市裕民路92巷26弄2.4.6號1~5樓,77土使字第 1409 號,77,1409,24.985959,121.449127
1,1998/07/15,宏福新象華園管理委員會,土城市裕民路92巷27弄1~14號1~5樓,77土使字第 1650 號,77,1650,24.985377,121.449832
1,1998/07/15,宏福新象華園管理委員會,土城市裕民路92巷24弄1.2.3.4.5號1~5樓,77土使字第 1946 號,77,1946,24.98618,121.449293
1,1998/07/15,宏福新象華園管理委員會,土城市裕民路92巷27弄1~14號1~5樓,77土使字第 0688 號,77,0688,24.985377,121.449832
1,1998/07/15,宏福新象華園管理委員會,土城市裕民路92巷24弄1~6號1~5樓,77土使字第 0689 號,77,0689,24.98618,121.449293
1,1998/07/15,宏福新象華園管理委員會,土城市裕民路136巷31.32號1~4樓,77土使字第 0893 號,77,0893,24.984831,121.450384
1,1998/07/15,宏福新象華園管理委員會,土城市裕民路92巷25弄1~14號1~5樓,77土使字第 0926 號,77,0926,24.985552,121.450006
1,1998/07/15,宏福新象華園管理委員會,土城市裕民路92巷25弄1~14號1~5樓,77土使字第 0927 號,77,0927,24.985552,121.450006
1,1998/07/15,一品京城管理委員會,土城市延和路104號,83土使字第 0042 號,83,0042,24.98968,121.466902
1,1998/07/15,宜家村管理委員會,土城市延吉街25~31－(單)號1~7樓,83土使字第 0655 號,83,0655,24.984411,121.466275
1,1998/07/16,藝載金城管理委員會,土城市金城路一段32~40－(雙)號1~10樓,83土使字第 0707 號,83,0707,24.968627,121.439116
1,1998/07/20,甲上居管理委員會,土城市中央路四段321巷26.28.30號1~8樓,87土使字第 0080 號,87,0080,24.951858,121.412163
1,1998/07/27,青雲長虹管理委員會,土城市明德路一段240巷6~24－(雙)號1~7樓,82土使字第 0912 號,82,0912,24.97802,121.459793
1,1998/08/24,捷運八八八管理委員會,土城市亞洲路92~98－(雙)號1~13樓,83土使字第 1380 號,83,1380,24.972376,121.434524
1,1998/08/25,安和社區管理委員會,新北市土城區延和路108巷7弄1號1樓,83土使字第 0041 號,83,0041,24.989584,121.467402
1,1998/09/09,金城贏家管理委員會,土城市峰延街5~15－(單)號1~14樓,87土使字第 0126 號,87,0126,24.964753,121.421484
1,1998/09/10,城龍歡騰管理委員會,土城市裕民路79~85－(單)號1~12樓,85土使字第 0523 號,85,0523,24.989049,121.44676
1,1998/10/01,亞特蘭大管理委員會,土城市裕民路259巷2~24－(雙)號,83土使字第 1636 號,83,1636,24.983225,121.454908
1,1998/12/08,學府大江山管理委員會,土城市學府路二段24.26.28號,81土使字第 1057 號,81,1057,24.976766,121.445258
1,1998/12/16,中央名門管理委員會,土城市中央路二段102巷30~38－(雙)號,82土使字第 1557 號,82,1557,24.977855,121.442212
1,1998/12/29,翡翠管理委員會,土城市立仁街10-1號,86土使字第 0993 號,86,0993,24.983498,121.460136
1,1999/01/27,榮譽市民管理委員會,土城市學府路一段98巷4~30－(雙)號,82土使字第 1427 號,82,1427,24.988153,121.455733
1,1999/02/06,軍翰大帝管理委員會,土城市明德路二段179~195－(單)號,86土使字第 0849 號,86,0849,24.983056,121.448723
1,1999/02/09,維也納芳庭管理委員會,土城市立德路17巷1.3.5號,80土使字第 0070 號,80,0070,24.988554,121.461788
1,1999/02/26,世紀金城管理委員會,土城市金城路二段258.260號,85土使字第 1099 號,85,1099,24.985644,121.463865
1,1999/03/26,甜蜜家園管理委員會,土城市學享街77－1~6號1~6樓,82土使字第 1623 號,82,1623,24.986429,121.452896
1,1999/03/29,四海名門管理委員會,土城市青雲路587巷12~52－(雙)號,83土使字第 0674 號,83,0674,24.9711,121.462073
1,1999/04/06,合豐帝國銀座管理委員會,土城市中央路二段191~195－(單)號,84土使字第 0747 號,84,0747,24.98034,121.442961
1,1999/04/06,雅筑國際大樓管理委員會,土城市中央路四段74.76號,87土使字第 0333 號,87,0333,24.950578,121.409187
1,1999/04/06,青城桔市管理委員會,土城市中央路三段239巷2~26－(雙)號,87土使字第 0374 號,87,0374,24.96369,121.428383
1,1999/04/06,中央新邸管理委員會,土城市中央路四段185巷53~59－(單)號,87土使字第 0578 號,87,0578,24.956368,121.414975
1,1999/04/15,超級台北旺角管理委員會,土城市金城路三段11~17－(單)號,87土使字第 0179 號,87,0179,24.98599,121.46498
1,1999/04/30,貴族名門三期管理委員會,土城市延吉街311號1.3~9樓,86土使字第 1318 號,86,1318,24.984365,121.466037
1,1999/04/30,良辰吉市管理委員會,土城市中華路一段23~29－(單)號,87土使字第 0751 號,87,0751,24.990836,121.447889
1,1999/05/24,狀元京城一期管理委員會,土城市延平街33巷20號,83土使字第 0471 號,83,0471,24.991685,121.467101
1,1999/06/14,上泰廣福天下管理委員會,土城市學府路一段102~118－(雙)號1~11樓,81土使字第 0857 號,81,0857,24.988344,121.459023
1,1999/07/08,祥福公寓管理委員會,土城市金城路二段384~392－(雙)號3~12樓,81土使字第 0362 號,81,0362,24.97708,121.449198
1,1999/07/08,超級台北金角管理委員會,土城市立德路74巷3.5.7號1~16樓,87土使字第 0803 號,87,0803,24.986754,121.463753
1,1999/08/31,書香樓管理委員會,土城市明德路一段93巷4.6號1~7樓,83土使字第 1767 號,83,1767,24.983564,121.466161
1,1999/08/31,土城市美夢成真管理委員會,土城市承天路92－1~12號,87土使字第 1022 號,87,1022,24.953765,121.446563
1,1999/09/04,書香雅築B棟管理委員會,土城市清水路234巷15弄2.6~26－(雙)號1~6樓,83土使字第 0715 號,83,0715,24.98243,121.46194
1,1999/09/04,書香雅築A棟管理委員會,土城市清水路234巷15弄5~29－(單)號1~6樓,83土使字第 0743 號,83,0743,24.98243,121.46194
1,1999/09/06,大順小倆口管理委員會,土城市立德路105~111－(單)號,87土使字第 0672 號,87,0672,24.987271,121.4636
1,1999/09/09,欣隆世紀管理委員會,土城市中央路四段285.287－1~3號,88土使字第 0141 號,88,0141,24.950578,121.409187
1,1999/10/01,健建美管理委員會,土城市承天路107巷1號,87土使字第 1041 號,87,1041,24.954474,121.446403
1,1999/11/17,台北新貴管理委員會,土城市青雲路68.70－1~3號,84土使字第 0524 號,84,0524,24.963844,121.467249
1,1999/11/17,泰隆福利國管理委員會,土城市中央路四段60號,88土使字第 0563 號,88,0563,24.960239,121.419766
1,1999/12/06,泰隆新都第二期管理委員會,土城市裕民路224~232－(雙)號1~12樓,82土使字第 0708 號,82,0708,24.989049,121.44676
1,1999/12/13,珍愛故鄉管理委員會,土城市金城路三段131巷5.7.9~20號1~7樓,83土使字第 1353 號,83,1353,24.98898,121.467428
1,2000/01/03,統帥名廈管理委員會,土城市中央路三段185號之1~15 ,79土使字第 2320 號,79,2320,24.964578,121.431121
1,2000/01/18,至善天下管理委員會,土城市頂埔街19巷1弄9~15－(單)號,88土使字第 0145 號,88,0145,24.958525,121.4163
1,2000/01/20,山水雲集管理委員會,土城市南天母路137號,79土使字第 0947 號,79,0947,24.953837,121.447948
1,2000/01/21,好旺來管理委員會,土城市裕民路114巷3~9－(單)號,84土使字第 1482 號,84,1482,24.985599,121.450537
1,2000/01/26,鑽石棟管理委員會,土城市立雲街7~13－(單)號,87土使字第 0546 號,87,0546,24.983764,121.459978
1,2000/03/02,一品京城管理委員會,土城市延和路88巷11弄1.2.3.4.6.號1~6樓,83土使字第 0042 號,83,0042,24.988928,121.467279
1,2000/03/04,富貴園管理委員會,土城市仁愛路48號,88土使字第 0946 號,88,0946,24.979127,121.461789
1,2000/03/31,京華大地K區管理委員會,土城市學成路76巷2~18－(雙)號1~7樓,82土使字第 1417 號,82,1417,24.988391,121.451217
1,2000/04/20,聯邦大金城管理委員會,土城市裕民路69~77－(單)號,82土使字第 1473 號,82,1473,24.989049,121.44676
1,2000/05/17,巴黎廣場管理委員會,土城市金城路三段10.12.14號1~18樓,88土使字第 0885 號,88,0885,24.991274,121.474789
1,2000/07/05,中央豪門管理委員會,土城市金安街34.~46－(雙)號2~8樓,85土使字第 0357 號,85,0357,24.964257,121.420903
1,2000/08/10,領袖金城管理委員會,土城市忠義路48巷1號1~10樓,84土使字第 1699 號,84,1699,24.969064,121.440572
1,2000/11/10,狀元京城二期管理委員會,土城市延和路89~103－(單)號,83土使字第 1364 號,83,1364,24.988043,121.464268
1,2000/12/07,大順工業城管理委員會,土城市永豐路195巷2號之3~9 2~7樓,87土使字第 0246 號,87,0246,24.978497,121.472027
1,2000/12/14,得意人生三期社區管理委員會,土城市中央路四段185巷32弄1.3.5.7號,88土使字第 0969 號,88,0969,24.954999,121.416223
1,2000/12/18,凡爾賽公寓管理委員會,土城市立仁街36.38.40號,84土使字第 0218 號,84,0218,24.982261,121.460632
1,2001/01/09,青亞社區管理委員會,土城市中央路一段262巷24~34－(雙)號,84土使字第 0091 號,84,0091,24.984169,121.443814
1,2001/02/07,第一站公寓大廈管理委員會,土城市裕生路21巷3~25－(單)號1~8樓,88土使字第 0973 號,88,0973,24.987045,121.449051
1,2001/02/21,都市生活家公寓管理委員會,土城市學府路157號,89土使字第 0778 號,89,0778,24.985878,121.453199
1,2001/07/10,亞東三星管理委員會,土城市廣興街67~79－(單)號,82土使字第 0071 號,82,0071,24.991692,121.456852
1,2001/10/08,千秋萬世管理委員會,土城市青雲路154~168－(雙)號,83土使字第 1717 號,83,1717,24.990016,121.460312
1,2001/10/08,春天管理委員會,土城市明德路二段68~72－(雙)號,90土使字第 0001 號,90,0001,24.983056,121.448723
1,2001/10/17,香檳特區管理委員會,土城市金城路三段4~8號,83土使字第 1086 號,83,1086,24.986491,121.465768
1,2001/11/15,皇家金城管理委員會,土城市延吉街122.124號3~9樓,89土使字第 0298 號,89,0298,24.983184,121.46305
1,2001/12/14,豪廷新世紀管理委員會,土城市中央路四段46巷1~6號,90土使字第 0199 號,90,0199,24.96131,121.420807
1,2002/01/22,公園學府管理委員會,土城市明德路一段161.163號1~9樓,82土使字第 1481 號,82,1481,24.978946,121.453552
1,2002/01/22,永成社區管理委員會,土城市清水路194巷3弄2~12－(雙)號1~5樓,90土使字第 0294 號,90,0294,24.981649,121.46075
1,2002/03/05,上泰名廈管理委員會,土城市裕民路195~201－(單)號1~12樓,80土使字第 0664 號,80,0664,24.989049,121.44676
1,2002/03/07,中華新城(乙)管理委員會,土城市中華路二段91~97－(單)號,87土使字第 1008 號,87,1008,24.978496,121.439052
1,2002/04/01,中華現代家管理委員會,土城市城林路1.3.5.7號,85土使字第 0005 號,85,0005,24.975293,121.436684
1,2002/05/16,台北新境管理委員會,土城市青雲路51號,82土使字第 0094 號,82,0094,24.986799,121.45954
1,2002/07/03,世紀經典管理委員會,土城市中央路四段418號,90土使字第 0520 號,90,0520,24.952217,121.411075
1,2002/07/03,皇翔百老匯社區管理委員會,土城市金城路242巷2~40號,90土使字第 0725 號,90,0725,24.982586,121.457331
1,2002/07/23,好彩頭工商管理委員會,土城市中央路三段42號1~9樓,81土使字第 1426 號,81,1426,24.967976,121.437295
1,2002/08/01,東輝新鑽管理委員會,土城市青雲路39巷7號,83土使字第 0538 號,83,0538,24.987373,121.46012
1,2002/08/05,延吉雙星二期管理委員會,土城市延吉街248~258－(雙)號1~7樓,84土使字第 0893 號,84,0893,24.984411,121.466275
1,2002/08/08,琥珀天廈管理委員會,土城市裕民路92巷2.6.10.14號,78土使字第 1704 號,78,1704,24.98635,121.449717
1,2002/08/30,萬年富貴管理委員會,土城市明德路105巷2~11號2~8樓,82土使字第 0697 號,82,0697,24.982543,121.466289
1,2002/09/26,頂埔學園管理委員會,土城市溪頭路7巷1~6號1~5樓,83土使字第 0211 號,83,0211,24.955245,121.412965
1,2002/09/30,大順好家庭管理委員會,土城市延和路四段45巷34弄1~21－(單)號,77土使字第 0586 號,77,0586,24.989484,121.466207
1,2002/10/28,南方小鎮管理委員會,土城市延吉街236巷1.3.5號1~7樓,81土使字第 1073 號,81,1073,24.985254,121.466814
1,2002/10/28,金太陽管理委員會,土城市中央路三段84~90－(雙)號,85土使字第 0482 號,85,0482,24.970056,121.439021
1,2002/11/04,板信晶華管理委員會,土城市金城路三段91號1~7樓,91土使字第 0042 號,91,0042,24.987532,121.466887
1,2002/11/13,甜蜜蜜公寓管理委員會,土城市明德路二段291.293號,86土使字第 0867 號,86,0867,24.984189,121.444745
1,2002/12/04,台北熱帶社區管理委員會,土城市慶安街62號1~11樓,82土使字第 1622 號,82,1622,24.973101,121.44085
1,2002/12/24,中華新城甲基地管理委員會,土城市中華路二段89巷1弄1號,87土使字第 1000 號,87,1000,24.978211,121.439757
1,2003/01/22,學享管理委員會,土城市學享街51~55號.55之1號,85土使字第 0154 號,85,0154,24.986034,121.452888
1,2003/01/27,上品屋管理委員會,土城市中央路1段212號4樓,85土使字第 760 號,85,760,24.985564,121.444953
1,2003/03/10,中正豪門管理委員會,土城市清水路141-145號,85土使字第 1399 號,85,1399,24.981425,121.458732
1,2003/03/10,大地龍騰管理委員會,土城市千歲路20~26號,81土使字第 1300 號,81,1300,24.968727,121.44276
1,2003/03/28,藍天綠第管理委員會,土城市中央路三段140.142號,84土使字第 0622 號,84,0622,24.963042,121.426149
1,2003/04/18,土城捷運天下管理委員會,土城市永安街30-34號,82土使字第 0479 號,82,0479,24.965056,121.433447
1,2003/05/20,少年頭家管理委員會,土城市金城路一段56-62雙號號,91土使字第 0129 號,91,0129,24.968627,121.439116
1,2003/08/12,新貴築管理委員會,土城市廣興街39~43號,91土使字第 0546 號,91,0546,24.991233,121.45339
1,2003/09/18,站前尊龍管理委員會,土城市中央路三段108~112號,83土使字第 1000 號,83,1000,24.963042,121.426149
1,2003/10/24,羅馬宮廷公寓大廈管理委員會,土城市福祥街41.43.47號,82土使字第 1517 號,82,1517,24.981582,121.441438
1,2003/11/21,一路發公寓管理委員會,土城市忠義路49至53號,82土使字第 0199 號,82,0199,24.968889,121.44058
1,2003/11/26,百吉公寓管理委員會,土城市中央路二段316巷2至9號之1.2.3 ,68土使字第 1901 號,68,1901,24.973096,121.439864
1,2004/05/04,愛迪生公寓大廈管理委員會,土城市福安街72至80－(雙)號之1~10 2~13樓,92土使字第 0494 號,92,0494,24.964552,121.417568
1,2004/05/31,貴族新都管理委員會,土城市延壽路77巷3.3&5-1~3號2~5樓,82土使字第 1299 號,82,1299,24.992403,121.468324
1,2004/06/02,興福管理委員會,土城市中央路二段213巷2號之2~12 ,82土使字第 0773 號,82,0773,24.973915,121.441252
1,2004/06/08,宏福新象華園Ｄ區管理委員會,土城市裕民路92巷25弄2.4.6.8號,77土使字第 1408 號,77,1408,24.985552,121.450006
1,2004/06/15,吉祥如意管理委員會,土城市中央路三段76巷49弄6號之1~5 ,91土使字第 0177 號,91,0177,24.969353,121.434911
1,2004/06/25,祥和公寓管理委員會,土城市學享街42巷2.4.6號,72土使字第 0069 號,72,0069,24.98672,121.451635
1,2004/06/30,裕民大廈管理委員會,土城市裕民路137.137-1號1.2樓,93土使字第 0144 號,93,0144,24.981756,121.455672
1,2004/07/29,明德雅居公寓大廈管理委員會,土城市明德路一段93巷6.8號,93土使字第 0272 號,93,0272,24.983564,121.466161
1,2004/09/27,晨陽公寓大廈管理委員會,土城市中央路三段126巷13號1至6樓之B1 ,92土使字第 0268 號,92,0268,24.967441,121.434073
1,2004/10/20,土城最愛公寓大廈管理委員會,土城市中正路27號7樓,83土使字第 1313 號,83,1313,24.975598,121.443484
1,2004/10/20,龍傳家公寓大廈管理委員會,土城市金城路三段203號3樓,83土使字第 0010 號,83,0010,24.989336,121.470248
1,2005/01/11,馬賽山莊管理委員會,土城市南天母路111巷1至7號,80土使字第1051號,80,1051,24.955378,121.448363
1,2005/02/04,精興公寓大廈管理委員會,土城市中山路48號,93土使字第0548號,93,0548,24.965564,121.427291
1,2005/04/06,永寧大樓公寓大廈,土城市中央路三段91號6樓,84土使字第0831號,84,0831,24.967644,121.437627
1,2005/04/06,吉祥村公寓大廈,土城市金城路三段177號3樓,83土使字第0443號,83,0443,24.988823,121.469335
1,2005/04/06,永安華廈公寓大廈,土城市裕民路92巷25弄5號3樓,93土使字第0429號,93,0429,24.985883,121.449793
1,2005/04/13,天京大廈,土城市明德路二段62號10樓,87土使字第0175號,87,0175,24.98312,121.448414
1,2005/06/02,竹城日賞公寓大廈,土城市中州路68號11樓,93土使字第0525號,93,0525,24.958192,121.412139
1,2005/07/08,中央大道,土城市中央路三段179號10樓,94土使字第0035號,94,0035,24.965153,121.43151
1,2005/07/24,和風賞公寓大廈,土城市青雲路317號2樓,93土使字第0521號,93,0521,24.978793,121.45909
1,2005/07/24,信棟大廈,土城市自強街15巷2號3樓,69土使字第4042號,69,4042,24.971136,121.430974
1,2005/07/24,清水居公寓大廈,土城市清水路324巷16弄19號1樓,93土使字第0217號,93,0217,24.985261,121.463972
1,2005/09/20,華克山莊,土城市永豐路255巷22弄44號,72土使字第1527 號,72,1527,24.973291,121.477006
1,2005/09/22,中正大廈,土城市金城路三段209至215單號,80土使字第0565 號,80,0565,24.98599,121.46498
1,2005/10/30,本市軍翰二期,台北縣土城市明德路二段179之4號6樓,90土使字第0612 號,90,0612,24.983021,121.446979
1,2005/11/12,雅富新苑公寓大廈,土城市青雲路370號3樓,94土使字第0323 號,94,0323,24.973724,121.458661
1,2006/01/23,金土公寓大廈管理委員會,土城市金城路三段188號7樓,84土使字第0409號,84,0409,24.987867,121.468317
1,2006/02/16,合陽晶城大廈,土城市延和路16之1號11樓,94土使字第0532號,94,0532,24.988043,121.464268
1,2006/03/16,惠陽新廈公寓大廈管理委員會,土城市延和路19號1樓,94土使字第0292號,94,0292,24.988257,121.464224
1,2006/03/08,海山贊公寓大廈,土城市明德路二段77之3號,94土使字第0561號,94,0561,24.981054,121.451044
1,2006/04/26,安和文化公寓大廈,土城市金城路三段11號15樓,93土使字第0094號,93,0094,24.986315,121.46465
1,2006/04/03,新天地大廈管理委員會,土城市中央路一段260-2號6樓,83土使字第0039號,83,0039,24.984085,121.444016
1,2006/04/26,鴻海別墅一期公寓大廈,土城市金安路48巷35號,94土使字第0082號,94,0082,23.873201,120.480864
1,2006/05/22,中央天下管理委員會,土城市中央路三段32號3樓,80土使字第0458號,80,0458,24.969138,121.438488
1,2006/05/04,承天居公寓大廈,土城市承天路26號4樓,83土使字第0470號,83,0470,24.963398,121.439442
1,2006/07/10,裕民金融大樓管理委員會,土城市裕民路66-70雙號2-12樓,83土使字第0022號,83,0022,24.989049,121.44676
1,2006/07/27,台北一家親大樓公寓大廈,土城市延和路201-207號,81土使字第0422號,81,0422,24.990182,121.469536
1,2006/09/19,福村名門公寓大廈,土城市福安街34-40雙號,85土使字第0304號,85,0304,24.965216,121.420214
1,2006/11/14,捷運玫瑰公寓大廈管理委員會,土城市永寧路30之1號(警衛室),95土使字第0277號,95,0277,24.960908,121.429339
1,2006/11/15,新益公寓大廈管理負責人,土城市清水路194巷11號1-4樓,93土使字第0344號,93,0344,24.981452,121.460643
1,2007/01/24,僑福花園廣場社區管理委員會,土城市學成路70巷7號3樓,95土使字第0172號,95,0172,24.988522,121.451911
1,2007/01/31,太陽城社區管理委員會,土城市中央路四段279巷22號,95土使字第0410號,95,0410,24.953042,121.412646
1,2007/03/21,承天公寓大廈管理負責人,土城市承天路73號,95土使字第0486號,95,0486,24.963077,121.440096
1,2007/05/08,富貴園社區公寓大廈管理委員會,土城市永豐路202巷15號,82土使字第0036號,82,0036,24.982804,121.466398
1,2007/05/28,新學府捷運社區管理委員會,土城市學府路二段75號2樓,96土使字第0067號,96,0067,24.981189,121.448834
1,2007/06/05,大眾公寓大廈管理負責人,土城市金城路三段200-5號,96土使字第0136號,96,0136,24.987722,121.468896
1,2007/07/04,一品尊爵公寓大廈管理委員會,土城市福安街106-1號4樓,95土使字第0433號,95,0433,24.964099,121.417319
1,2007/07/31,淳富新苑公寓大廈管理委員會,土城市學士路24巷10號,95土使字第0704號,95,0704,24.983222,121.452557
1,2007/08/09,淳富新苑A區公寓大廈管理委員會,土城市學士路24巷9-1號,96土使字第0213號,96,0213,24.982849,121.452349
1,2007/09/03,尚協公寓大廈管理負責人,土城市民族街7號,95土使字第0135號,95,0135,24.963428,121.4182
1,2007/09/03,嘉慶公寓大廈管理負責人,土城市民族街62巷3號,96土使字第0349號,96,0349,24.964065,121.418519
1,2007/09/27,百合公寓大廈管理負責人,土城市中央路一段211巷11號5樓,96土使字第0420號,96,0420,24.98649,121.446207
1,2007/10/22,裕信土城廠辦大樓公寓大廈管理負責人,土城市大安路85號,96土使字第0237號,96,0237,24.967824,121.432678
1,2008/02/01,大霸電子頂埔高科技園區公寓大廈管理負責人,土城市中央路四段51號8樓之5,95土使字第0631號,95,0631,24.959978,121.421394
1,2008/02/12,大台北華廈公寓大廈管理委員會,土城市永豐路135巷17弄2號4樓,82土使字第1556號,82,1556,24.98372,121.467208
1,2008/02/15,皇翔快樂花園公寓大廈管理委員會,土城市學府路2段33號(警衛室),96土使字第0578號,96,0578,24.981252,121.449967
1,2008/03/03,京城會館公寓大廈管理委員會,土城市溪頭路35號6樓,96土使字第0525號,96,0525,24.955098,121.412191
1,2008/05/02,米蘭尊邸社區管理委員會,土城市中央路四段76-5號,96土使字第0702號,96,0702,24.959624,121.418898
1,2008/06/26,安伯特公寓大廈管理負責人,土城市中山路68號,97土使字第0396號,97,0396,24.970002,121.432344
1,2008/07/31,劉榮泰公寓大廈管理負責人,土城市中央路一段255號,97土使字第0278號,97,0278,24.985541,121.445187
1,2008/07/25,國美之星B館社區管理委員會,土城市延吉街381巷9號12樓,97土使字第0050號,97,0050,24.9829,121.463603
1,2008/08/15,百福園公寓大廈管理委員會,土城市裕民路159號7樓,83土使字第0717號,83,0717,24.985818,121.452417
1,2008/08/18,中央領袖天下管理委員會,土城市中央路四段2號1樓(警衛室),97土使字第0115號,97,0115,24.963418,121.425957
1,2008/09/25,鴻海頂埔園區公寓大廈管理負責人,土城市中央路四段53號,95土使字第0413號,95,0413,24.958873,121.419068
1,2008/09/19,青雲首府公寓大廈管理委員會,土城市青雲路273號B1之1(警衛室),97土使字第0326號,97,0326,24.980339,121.459158
1,2008/11/03,至親公寓大廈管理委員會,土城市和平路51號,96土使字第0646號,96,0646,24.971986,121.443708
1,2008/12/30,亞德客工業股份有限公司公寓大廈管理負責人,土城市自由街21至23號,97土使字第0270號,97,0270,24.966525,121.422411
1,2008/12/24,書香雅築C棟公寓大廈管理委員會,土城市清水路234巷15弄1至3號,83土使字第0716號,83,0716,24.982233,121.461819
1,2008/12/24,國泰人壽土城大樓管理負責人,土城市金城路二段211號,93土使字第0434號,93,0434,24.982023,121.454531
1,2008/12/08,臻美公寓大廈管理委員會,土城市青雲路95號,97土使字第0608號,97,0608,24.985876,121.459282
1,2008/12/01,康翔明德透天別墅管理委員會,土城市明德路二段99巷15至21號,97土使字第0389號,97,0389,24.980943,121.450582
1,2009/03/26,學士雅築公寓大廈管理委員會,土城市學士路58至72號,97土使字第0510號,97,0510,24.980665,121.451033
1,2009/05/15,金城閣社區管理委員會,台北縣土城市學享街58號6樓之1,97土使字第706號,97,706,24.986446,121.452206
1,2009/06/09,永寧科技園區矽谷區公寓大廈管理委員會,台北縣土城市忠承路32號,98土使字第105號,98,105,24.965325,121.438479
1,2009/07/15,璽堡公寓大廈管理委員會,台北縣土城市青雲路256號3樓,97土使字第769號,97,769,24.979766,121.458958
1,2009/07/15,京采大廈管理委員會,台北縣土城市中央路一段292巷9號6樓,97土使字第609號,97,609,24.982576,121.442811
1,2009/07/27,中央世家公寓大廈,台北縣土城市中央路三段71－1號4樓,81土使字第1388號,81,1388,24.969192,121.438774
1,2009/08/10,首富磐築A區社區管理委員會,台北縣土城市金安街48巷41號,97土使字第668號,97,668,24.965619,121.420655
1,2009/08/10,首富磐築B區社區管理委員會,台北縣土城市金安街48巷36號,97土使字第602號,97,602,24.965429,121.420874
1,2009/08/14,國美之星A館社區管理委員會,台北縣土城市延吉街393號10樓,98土使字第83號,98,83,24.983834,121.46317
1,2009/09/10,中央華府大樓公寓大廈管理委員會,台北縣土城市中央路四段46號7樓,97土使字第265號,97,265,24.960811,121.420533
1,2009/10/19,狀元及第公寓大廈管理委員會,台北縣土城市延壽路75巷16弄1號3樓,97土使字第160號,97,160,24.991809,121.468706
1,2009/11/05,德霖雅築公寓大廈管理委員會,台北縣土城市青雲路513號,98土使字第163號,98,163,24.973123,121.458882
1,2009/10/05,鴻海別墅二期商店區管理委員會,台北縣土城市福安街24號,94土使字第308號,94,308,24.965039,121.419731
1,2009/10/05,鴻海別墅二期金安區管理委員會,台北縣土城市金安街85號,94土使字第308號,94,308,24.965487,121.420199
1,2009/12/11,海山品園爵品區管理委員會,台北縣土城市中央路一段250巷19號4樓,98土使字第342號,98,342,24.984863,121.443412
1,2009/12/28,海山品園尊品區管理委員會,台北縣土城市中央路一段250巷11號6樓,98土使字第350號,98,350,24.984666,121.443718
1,2010/01/04,昱揚華秀大廈管理委員會,台北縣土城市日和里18鄰中華路一段199－1號2樓,98土使字第219號,98,219,24.985113,121.443421
1,2010/01/29,海山樂高管理委員會,台北縣土城市裕生路71號6樓,98土使字第601號,98,601,24.984611,121.447152
1,2010/02/24,臻品公寓大廈管理委員會,台北縣土城市慶樂街21號4樓,98土使字第087號,98,087,24.972674,121.439257
1,2010/03/15,中央公園公寓大廈管理委員會,台北縣土城市中央路三段210－18號,98土使字第378號,98,378,24.965318,121.429019
1,2010/04/06,寶格麗花園社區管理委員會,台北縣土城市清水路228號之1 8樓,98土使字第366號,98,366,24.981814,121.461224
1,2010/04/12,小快樂公寓大廈管理委員會,台北縣土城市明德路二段99巷12弄10號,97土使字第639號,97,639,24.981345,121.450016
1,2010/04/09,富仕賞社區管理委員會,台北縣土城市福安街100－3號,98土使字第428號,98,428,24.964209,121.417451
1,2010/05/24,淨化大樓公寓大廈管理負責人,台北縣土城市學府路一段23巷21號,97土使字第761號,97,761,24.987134,121.458134
1,2010/08/12,皇勝新城社區管理委員會,台北縣土城市中央路一段318巷12－2號,98土使字第533號,98,533,24.982188,121.442183
1,2010/08/13,甜蜜家庭公寓大廈管理委員會,台北縣土城市中央路三段219號5樓,87土使字第1099號,87,1099,24.964428,121.429543
1,2010/08/20,一品名門公寓大廈管理委員會,台北縣土城市中央路三段61巷1－1號3樓,81土使字第1247號,81,1247,24.96948,121.439419
1,2000/04/07,珍愛金城公寓大廈管理委員會(補登資料),台北縣土城市金城路三段121號16樓,84土使字第1444號,84,1444,24.987912,121.467648
1,2010/09/09,福滿樓大樓管理委員會,台北縣土城市中正路20巷23號9樓,83土使字第1527號,83,1527,24.974616,121.443252
1,2010/09/01,向陽山莊管理委員會,台北縣土城市南天母路91巷11號,82土使字第503號,82,503,24.95698,121.447288
1,2010/10/20,永昌大樓管理負責人,台北縣土城市員林里17鄰學府路二段228號,99土使字第205號,99,205,24.976852,121.445016
1,2010/11/30,永寧科技園區築波區管理委員會,台北縣土城市忠承路121號1樓,99土使字第235號,99,235,24.964397,121.438153
1,2010/11/30,仁教社區管理委員會,台北縣土城市清水路235巷5弄3號5樓,71土使字第2157號,71,2157,24.983606,121.460727
1,2010/11/26,永豐仁教社區管理委員會,台北縣土城市清水路234巷20弄11號4樓,71土使字第2156號,71,2156,24.981463,121.461787
1,2010/11/02,燈烈公寓大廈管理負責人,台北縣土城市三民路23巷1弄2號5樓,98土使字第458號,98,458,24.963258,121.420091
1,2010/11/03,南天母花園別墅社區管理委員會,台北縣土城市南天母路111巷30弄2號,69土使字第3236號,69,3236,24.956764,121.448396
1,2010/11/10,富園社區管理委員會,台北縣土城市金城路三段21號3樓,99土使字第141號,99,141,24.986529,121.46507
1,2010/11/30,仁教清水社區管理委員會,新北市土城區清水路302號3樓,71土使字第2158號,71,2158,24.983727,121.462738
1,2010/12/02,源鳳樓公寓大廈管理負責人,新北市土城區中華路二段61號,99土使字第231號,99,231,24.978549,121.439811
1,2011/01/05,綠庭社區管理委員會,新北市土城區裕民路92巷21弄14號2樓,77土使字第1247號,77,1247,24.986124,121.450394
1,2011/05/13,星光LV社區管理委員會,新北市土城區明德路一段291巷26號6樓,99土使字第128.098號,99,128,24.976022,121.460306
1,2011/07/28,名軒皇城社區管理委員會,新北市土城區福安街30－1號9樓,99土使字第465號,99,465,24.964988,121.419476
1,2011/08/04,銀河璽朵公寓大廈管理委員會,新北市土城區延安街42-2號5樓,100土使字第002號,100,002,24.985313,121.467403
1,2011/09/09,臺北汽車客運股份有限公司公寓大廈,新北市土城區石門路48號之1,100土使字第287號,100,287,24.96285,121.456346
1,2011/09/27,合協京城公寓大廈管理委員會,新北市土城區金城路三段33巷2號,99土使字第569號,99,569,24.986816,121.465566
1,2011/10/12,啟銘宅管理委員會,新北市土城區中央路一段75號,100土使字第113號,100,113,24.989498,121.447624
1,2011/11/18,名人富裔公寓大廈管理委員會,新北市土城區中正路69~75號,100土使字第253號,100,253,24.975432,121.446184
1,2011/12/29,埤林花園社區管理委員會,新北市土城區學府路一段154號5樓,78土使字第181號,78,181,24.98693,121.45444
1,2011/12/07,圓展科技公寓大廈管理負責人,新北市土城區大安路157號,100土使字第247號,100,247,24.970355,121.433303
1,2011/12/07,帝寶公寓大廈管理委員會,新北市土城區員林街8號8樓,100土使字第207號,100,207,24.977948,121.442795
1,2011/12/20,盛翊大樓公寓大廈管理負責人,新北市土城區城林路6巷37號1樓,100土使字第344號,100,344,24.976997,121.437398
1,2011/12/14,宏國精品戶管理委員會,新北市土城區學府路一段120巷15號4樓,84土使字第177號,84,177,24.988215,121.454942
1,2011/12/22,福滿門大樓管理委員會,新北市土城區中正路20巷23號9樓,83土使字第1527號,83,1527,24.974616,121.443252
1,2012/01/30,寶格麗臻品社區管理委員會,新北市土城區清水路222號7樓,99土使字第482號,99,482,24.982222,121.460879
1,2012/06/14,瑰寶-蘭園公寓大廈管理委員會,新北市土城區中州路1-6號,100土使字第163號,100,163,24.957174,121.414333
1,2012/07/10,廣福居管理委員會,新北市土城區廣福街100號,101土使字第087號,101,087,24.992238,121.456459
1,2012/09/11,信泰工業園區公寓大廈管理委員會(補登),新北市土城區中央路三段126巷10號,76土使字第1254號,76,1254,24.966598,121.434764
1,2012/11/11,大豐企業總部公寓大廈管理委員會,新北市土城區中華路二段207號,101土使字第143號,101,143,24.973534,121.437985
1,2013/01/04,中華新城丙基地公寓大廈管理委員,新北市土城區中華路二段99巷8號,86土使字第412號,86,412,24.977302,121.439738
1,2013/01/17,貴築新廈管理委員會,新北市土城區廣福街121號,100土使字第097號,100,097,24.992735,121.456263
1,2013/02/19,大吉利公寓大廈管理委員會(補登),新北市土城區青雲路451巷13號,84土使字第1198號,84,1198,24.974819,121.459534
1,2013/04/15,星光LV星辰社區管理委員會,新北市土城區明德路一段291巷24號,99土使字第098號,99,098,24.976106,121.460282
1,2013/04/11,星光LV光漾社區管理委員會,新北市土城區明德路一段291巷23號,99土使字第128號,99,128,24.97606,121.46056
1,2013/05/20,瑰寶-荷園公寓大廈管理委員會,新北市土城區中州路1-9號,101土使字第519號,101,519,24.957121,121.414475
1,2013/08/05,永樂社區管理委員會,新北市土城區裕民路92巷25弄2號等,77土使字第689號;77土使字第1408號,77,689,24.985931,121.449537
1,2013/10/01,文德居公寓大廈管理負責人,新北市土城區中山路45-1號等,100土使字第280號,100,280,24.962866,121.420359
1,2013/11/26,福田雅居公寓大廈管理負責人,新北市土城區中央路二段149巷38號等,102土使字第217號,102,217,24.976468,121.443693
1,2014/02/27,信美鏡廠辦大樓公寓大廈管理負責人,新北市土城區中興路19號等,102土使字第251號,102,251,24.966777,121.425357
1,2014/04/17,立昌土城廠綜合大樓管理負責人,新北市土城區自由街15號等,102土使字第115號,102,115,24.966466,121.423452
1,2014/04/24,京美大樓管理委員會,新北市土城區中州路30巷27號等,102土使字第210號,102,210,24.959349,121.412683
1,2014/07/16,頂埔名邸公寓大廈管理委員會,新北市土城區中央路四段165巷15號等,102土使字第183號,102,183,24.956223,121.41595
1,2014/09/10,禾園公寓大廈管理負責人,新北市土城區頂埔街5及7號,103土使字第015號,103,015,24.958366,121.41674
1,2014/10/15,高亨公寓大廈管理負責人,新北市土城區中華路一段152號等,102土使字第211號,102,211,24.98476,121.442407
1,2015/02/03,帝寶山莊公寓大廈管理委員會,新北市土城區南天母路18至18之4號,82土使字第402號,82,402,24.956251,121.44582
1,2015/04/21,權泰景上公寓大廈管理委員會,新北市土城區金安街7號,103土使字第176號,103,176,24.964307,121.421113
1,2015/06/25,捨得土城大樓公寓大廈管理負責人,新北市土城區中山路99號,104土使字第209號,104,209,24.971091,121.432955
1,2015/08/20,崴方公寓大廈管理負責人,新北市土城區城林路6巷55號,104土使字第206號,104,206,24.97754,121.437285
1,2015/07/30,金時代廣場公寓大廈管理委員會,新北市土城區和平路2之2號8樓,75土使字第1743號,75,1743,24.974753,121.442503
1,2015/08/28,捷運築光公寓大廈管理委員會,新北市土城區和平路46之2號6樓,100土使字第358號,100,358,24.970479,121.443
1,2015/08/26,如意中華公寓大廈管理負責人,新北市土城區中華路一段56巷27號,104土使字第195號,104,195,24.989602,121.444346
1,2015/08/26,富麗中華公寓大廈管理負責人,新北市土城區中華路一段56巷27號,104土使字第194號,104,194,24.989602,121.444346
1,2015/09/14,百合管委會,新北市土城區中央路一段211巷11號5樓,96土使字第420號,96,420,24.98649,121.446207
1,2016/01/12,王鼎公寓大廈管理委員會,新北市土城區大暖路136號,104土使字第00595號,104,00595,24.955826,121.423706
1,2016/02/19,國美A1社區管理委員會,新北市土城區中央路四段245號,104土使字第00403號,104,00403,24.954613,121.413325
1,2016/02/25,馥御雅居管理委員會(小區)社區,新北市土城區中正路67巷35號,104土使字第00605號,104,00605,24.976664,121.443923
1,2016/02/25,馥御雅居公寓大廈(大區)社區,新北市土城區中正路67巷33號,104土使字第00576號,104,00576,24.976589,121.443834
1,2016/04/06,大豐企業總部公寓大廈管理負責人,新北市土城區中華路二段207號,101土使字第00143號,101,00143,24.973534,121.437985
1,2016/05/20,鴻觀社區公寓大廈管理委員會,新北市土城區中央路四段132號,104土使字第00497號,104,00497,24.958805,121.417682
1,2016/06/29,景和公寓大廈管理委員會,新北市土城區興城路49巷2號,77土使字第210號,77,210,24.9711,121.440957
1,2016/08/25,莊林白宮公寓大廈管理負責人,新北市土城區頂埔街95號,105土使字第00109號,105,00109,24.959835,121.417869
1,2016/08/24,安和苑公寓大廈管理委員會,新北市土城區永豐路13巷26號,104土使字第00603號,104,00603,24.988489,121.462647
1,2016/08/17,大傳公寓大廈管理委員會,新北市土城區中央路四段125巷28號,104土使字第00321號,104,00321,24.956758,121.416863
1,2016/11/07,中正威登社區管理委員會,新北市土城區中正路13-17號,105土使字第00116號,105,00116,24.9753,121.443082
1,2016/12/08,高峰大樓大廈管理委員會,新北市土城區中華路1段36號,105土使字第00235號,105,00235,24.989723,121.446302
1,2016/12/26,雙囍大樓管理委員會,新北市土城區立仁街34巷2號,103土使字第00042號,103,00042,24.982921,121.460211
1,2017/01/23,巨勳雲集管理委員會,新北市土城區光明街50號等,104土使字第00618號,104,00618,24.973312,121.442165
1,2017/01/18,華固新綠洲管理委員會,新北市土城區學成路101號2樓等,105土使字第00276號,105,00276,24.988859,121.450017
1,2017/04/07,一品夫人公寓大廈管理委員會,新北市土城區永安街78號等,86土使字第01257號,86,01257,24.963894,121.432025
1,2017/04/11,信義捷境公寓大廈管理委員會,新北市土城區中央路4段165巷16號等,104土使字第00427號,104,00427,24.956254,121.415602
1,2017/05/08,捷運棧公寓大廈管理委員會,新北市土城區學享街41-1號等,105土使字第00220號,105,00220,24.987432,121.451864
1,2017/05/25,馥華城心公寓大廈管理委員會,新北市土城區學府路2段238號等,105土使字第00419號,105,00419,24.976096,121.445103
1,2017/06/02,青沄公寓大廈管理委員會,新北市土城區清水路111號等,103土使字第00016號,103,00016,24.981784,121.457282
1,2017/07/31,囍都公寓大廈管理負責人,新北市土城區中華路2段255號等,103土使字第00024號,103,00024,24.971641,121.437708
1,2017/08/10,大暖華廈公寓大廈管理負責人,新北市土城區大暖路26~28號,89土使字第00880號,89,00880,24.955479,121.424055
1,2017/08/24,上禾居公寓大廈管理委員會,新北市土城區中央路4段165巷17-2號,101土使字第00103號,101,00103,24.956261,121.41627
1,2017/09/06,振樺電子股份有限公司公寓大廈管理負責人,新北市土城區大同街23號,105土使字第00314號,105,00314,24.959347,121.416154
1,2018/01/10,利舟荷悅大廈管理委員會,新北市土城區中央路1段31號,106土使字第00385號,106,00385,24.990622,121.44864
1,2018/01/15,及第好悅管理委員會,新北市土城區福安街25號3樓,106土使字第00100號,106,00100,24.964763,121.419808
1,2018/02/08,丞林華廈社區,新北市土城區學府路2段67號4樓,106土使字第00369號,106,00369,24.980685,121.448995
1,2018/05/10,永鼎富世居,新北市土城區中央路4段50號7樓之3,104土使字第00117號,104,00117,24.96065,121.420407
1,2018/06/15,碧瑤金站公寓大廈管理委員會,新北市土城區慶祥街19號,103土使字第00100號,103,00100,24.974131,121.436732
1,2018/06/28,中山1號科技總部管理委員會,新北市土城區中山路1號,106土使字第00486號,106,00486,24.960571,121.412105
1,2018/07/17,國泰金城管理委員會,新北市土城區學士路33巷2-1號,106土使字第00586號,106,00586,24.98169,121.453081
1,2018/09/18,柏邑三民會館管理負責人,新北市土城區三民路61巷15號1樓,106土使字第00032號,106,00032,24.963947,121.41905
1,2018/10/02,永春公寓大廈管理委員會,新北市土城區延壽路45號,105土使字第00487號,105,00487,24.991669,121.470245
1,2018/12/30,永寧新天地公寓大廈管理負責人,新北市土城區中央路3段130-6號,106土使字第00124號,106,00124,24.966033,121.434301
1,2019/01/07,聖瑪莉公寓大廈管理負責人,新北市土城區中山路21號5樓,107土使字第00267號,107,00267,24.962503,121.4182
1,2019/01/10,心上城社區管理委員會,新北市土城區千歲路6號(警衛室) ,106土使字第00382號,106,00382,24.970251,121.439994
1,2019/03/21,校園生活公寓大廈管理委員會,新北市土城區明德路1段70巷2號,82土使字第00799號,82,00799,24.983156,121.465181
1,2019/03/26,高桿公寓大廈管理負責人,新北市土城區學士路180號,108土使字第00030號,108,00030,24.97917,121.449405
1,2019/04/19,健康新城公寓大廈管理委員會,新北市土城區德安街4巷17號3樓,87土使字第00414號,87,00414,24.965316,121.421839
1,2019/05/13,名峰公寓大廈管理負責人,新北市土城區中山路13號,108土使字第00028號,108,00028,24.962066,121.415958
1,2019/06/20,寶磊公寓大廈管理委員會,新北市土城區承天路35號1號,105土使字第00389號,105,00389,24.964839,121.437493
1,2019/07/12,學享及第,新北市土城區學享街69號(等),83土使字第00365號,83,00365,24.987037,121.452413
1,2019/07/15,安和苑(Ａ區),新北市土城區永豐路13巷55號1樓(警衛室),107土使字第00364號,107,00364,24.988662,121.463286
1,2019/07/17,東騰韻社區,新北市土城區溪頭路10號,108土使字第00020號,108,00020,24.955945,121.413278
1,2019/08/22,宜稻居公寓大廈管理負責人,新北市土城區青雲路80巷18號,095土使字第00746號,095,00746,24.987196,121.458811
1,2019/10/07,福居極美社區管理委員會,新北市土城區中央路4段125巷61號,107土使字第00440號,107,00440,24.956589,121.417385
1,2019/11/27,和平莊園公寓大廈管理委員會,新北市土城區和平路105號等,108土使字第00135號,108,00135,24.968512,121.451222
1,2019/11/29,湛然龍邸公寓大廈管理委員會,新北市土城區慶安街16號等,108土使字第00233號,108,00233,24.973651,121.441799
1,2019/12/27,馥華城安公寓大廈管理委員會,新北市土城區學士路392號1樓(管理中心),108土使字第00270號,108,00270,24.977475,121.44662
1,2020/01/03,新冠園公寓大廈管理負責人,新北市土城區中央路4段386巷4號,082土使字第00519號,082,00519,24.954657,121.412572
1,2020/06/16,長城公寓大廈管理委員會,土城區龍山二街87號,109土使字第00003號,109,00003,24.97991,121.449506
1,2020/08/21,華固新代田公寓大廈管理委員會,土城區明德路1段93巷1號1樓,108土使字第00210號,108,00210,24.983601,121.465684
1,2020/09/04,大同莊園社區管理委員會,新北市土城區莊園街11號,108土使字第00117號,108,00117,24.982489,121.444936
1,2020/09/24,土城日月光商場管理負責人,新北市土城區學府路2段210號1樓,106土使字第00569號,106,00569,24.978764,121.445127
1,2020/09/24,土城日月光住宅管理委員會,新北市土城區中央路2段21巷128號1樓,106土使字第00569號,106,00569,24.979227,121.445151
1,2020/10/07,金城舞四季花園社區管理委員會,土城區金城路2段130號,109土使字第00087號,109,00087,24.980995,121.454432
1,2020/10/29,心都匯公寓管理委員會,土城區永寧路57號,105土使字第00277號,105,00277,24.960246,121.429558
1,2020/11/15,易居公寓大廈,土城區頂埔街40號3樓之1,109土使字第00273號,109,00273,24.959181,121.417298
1,2020/11/16,新樸文匯一期管理委員會,土城區學府路2段235號9樓,109土使字第00120號,109,00120,24.978186,121.445322
1,2020/11/17,福和生鮮公寓大廈管理負責人,土城區中興路9號,109土使字第00265號,109,00265,24.964375,121.422747
1,2020/11/25,文心奕奕管理委員會,土城區龍山一街21號1樓,109土使字第00228號,109,00228,24.977025,121.447393
1,2021/03/05,中山CENTER科技大樓,新北市土城區中山路16號,107土使字第00234號,107,00234,24.962136,121.418316
1,2021/03/06,昌興桐樂社區管理委員會,新北市土城區學海街388號,109土使字第00312號,109,00312,24.977871,121.445447
1,2021/04/03,學學樂公寓大廈管理委員會,土城區學成路70巷13號5樓,109土使字第00327號,109,00327,24.988783,121.452111
1,2021/04/17,及福心天地公寓大廈管理委員會,土城區民安街16號(管理中心),109土使字第00307號,109,00307,24.965095,121.421743
1,2021/05/06,悠樂市公寓大廈管理委會,新北市土城區青福街68號,109土使字第00145號,109,00145,24.979479,121.457993
1,2021/08/14,長群享享日荷公寓大廈管理委員會,新北市土城區裕華街18號1樓(管理中心),108土使字第246號,108,246,24.990075,121.446468
1,2021/08/20,永旺公寓大廈管理負責人,新北市土城區中央路3段147巷2弄10號5樓,109土使字第276號,109,276,24.964988,121.432125
1,2021/09/11,金城欣綻社區管理委員會,新北市土城區學士路81號10樓,109土使字第414號,109,414,24.981252,121.452258
1,2021/09/25,春逸宏城工業大樓,新北市土城區承天路8巷2號1樓,109土使字第314號,109,314,24.964248,121.436674
1,2021/11/15,紐約艾美社區管理委員會,新北市土城區青雲路350之2號1樓,110土使字第187號,110,187,24.97443,121.458098
1,2021/11/21,四季平安社區管理委員會,新北市土城區青隆街200號,110土使字第33號,110,33,24.979907,121.457279
1,2021/12/06,長群享享群青管理委員會,新北市土城區裕華街17號1樓,108土使字第245號,108,245,24.990565,121.445933
1,2021/12/17,土城風華公寓大廈管理委員會,土城區中央路2段290號,110土使字第266號,110,266,24.973741,121.440388
1,2021/12/25,新大興社區管理委員會,新北市土城區中正路151巷37號(管理中心),110土使字第275號,110,275,24.976727,121.447062
1,2022/01/24,國泰上城公寓大廈管理委員會,新北市土城區學士路419號13樓,110土使字第317號,110,317,24.976538,121.445902
1,2022/01/20,狀元學府公寓大廈管理委員會,新北市土城區學府路1段120巷6號5樓,83土使字第1197號,83,1197,24.987952,121.455232
1,2022/01/28,盛元承天公寓大廈負責人,新北市土城區承天路85-7號等,110土使字第247號,110,247,24.962382,121.441429
1,2022/02/10,裕生大樓管理委員會,新北市土城區中央路2段71、73、75號(等),85土使字第1141號,85,1141,24.970936,121.439487
1,2022/03/03,MLB公寓大廈管理委員會,新北市土城區中正路151巷21號,110土使字第289號,110,289,24.976291,121.446737
1,2022/03/10,璞真仰睦社區管理委員會,新北市土城區學士路250號等,110土使字第241號,110,241,24.978808,121.448806
1,2022/03/17,新海城社區管理委員會,新北市土城區學海街281號等,110土使字第254號,110,254,24.977701,121.446225
1,1990/10/30,生活空間管理委員會,中和市民德路158.162號3~13樓,82中使字第00424號,82,00424,24.993666,121.465832
1,2011/01/04,忠泰公寓大廈管理負責人,新北市中和區中山路三段209號,99中使字第441號,99,441,25.006349,121.47198
1,2011/01/14,漢皇馥麗公寓大廈管理委員會,新北市中和區中山路二段259號9樓,99中使字第108號,99,108,25.002298,121.497207
1,2011/03/03,領世館世界特區公寓大廈管理委員會,新北市中和區民享街116巷6號4樓,99中使字第382號,99,382,24.998885,121.474346
1,2011/03/17,春暉庭園公寓大廈管理委員會,新北市中和區南山路308號,98中使字第400號,98,400,24.986946,121.507853
1,2011/04/22,安邦綠苑甲區管理委員會,新北市中和區連城路171巷6號9樓,99中使字第370號,99,370,24.997447,121.495355
1,2011/03/31,景德宇大廈管理委員會,新北市中和區景德街95－1號,99中使字第508號,99,508,24.991258,121.515586
1,2011/04/13,富豪天下大廈管理委員會,新北市中和區建康路1號6樓,80中使字第859號,80,859,25.000361,121.485513
1,2011/04/18,樺謙社區管理委員會,新北市中和區圓通路367巷22弄2號1樓,98中使字第373號,98,373,24.987945,121.491927
1,2011/05/30,領事館領袖特區公寓大廈管理委員會,新北市中和區民享街116巷11號3樓,99中使字第571號,99,571,24.998608,121.474012
1,2011/06/03,潤泰曉山青社區管理委員會,新北市中和區圓通路367巷33弄88號,98中使字第582號,98,582,24.984352,121.494989
1,2011/05/02,元隆捷運雙星A棟管理負責人,新北市中和區泰和街7號,98中使字第658號,98,658,25.00047,121.50022
1,2011/05/02,元隆捷運雙星B棟管理委員會,新北市中和區圓通路276號8樓,98中使字第658號,98,658,24.990811,121.492144
1,2011/04/28,安邦綠苑乙區管理委員會,新北市中和區連勝街89－1號6樓,99中使字第346號,99,346,24.995999,121.495814
1,2011/06/15,卓越臺北公寓大廈管理委員會,新北市中和區橋和路122號3樓之6,99中使字第394號,99,394,25.005806,121.492724
1,2011/06/21,西班牙。美術社區管理委員會,新北市中和區圓通路369巷39－11號,97中使字第581號,97,581,24.985792,121.489849
1,2011/07/19,中山富邑管理委員會,新北市中和區中山路二段137號,81中使字第1174號,81,1174,25.002927,121.502049
1,2011/09/22,文邑2公寓大廈管理委員會,新北市中和區民德路161號,100中使字第106號,100,106,24.999614,121.469106
1,2011/09/21,冠德新世界公寓大廈管裡委員會,新北市中和區景平路151號,100中使字第105號,100,105,24.991982,121.513538
1,2011/12/02,飛駝新城公寓大廈管理委員會,新北市中和區忠孝街101巷15號之4,72中使字第619號,72,619,24.98599,121.511242
1,2011/12/27,和平世紀麗緻公寓大廈管理委員會,新北市中和區忠孝街2巷8號1樓,99中使字第270號,99,270,24.981959,121.510424
1,2011/12/12,歐洲捷座公寓大廈管理委員會,新北市中和區中興街183號4樓,100中使字第180號,100,180,24.990155,121.500517
1,2011/12/01,立昌粽合大樓管理負責人,新北市中和區中山路482巷15號,99中使字第573號,99,573,25.006581,121.488926
1,2011/12/05,南方之星社區管理委員會,新北市中和區捷運路52號10樓,100中使字第151號,100,151,24.990704,121.508291
1,2009/10/21,親水和畔公寓大廈管理委員會(補登資料),新北市中和區橋和路306號5樓,88中使字第784號,88,784,25.007016,121.497007
1,2012/01/03,景安居易管理委員會,新北市中和區安平路1號4樓,100中使字第472號,100,472,24.99343,121.508846
1,2011/11/25,皇甫彩藝大廈管理委員會,新北市中和區永和路363巷47號,100中使字第345號,100,345,25.006668,121.496623
1,2012/02/13,美景大地公寓大廈管理委員會,新北市中和區圓通路296巷2弄17號1樓,78中使字第193號,78,193,24.989456,121.488642
1,2012/03/14,復崗新城管理委員會,新北市中和區景安路200巷15號3樓,78中使字第925號,78,925,24.991857,121.502921
1,2012/06/17,和賢居大廈管理委員會,新北市中和區保健路50巷60號,98中使字第401號,98,401,24.995562,121.509299
1,2012/06/18,捷運一品大廈管理委員會,新北市中和區四維街27號,101中使字第043號,101,043,24.986915,121.512823
1,2012/07/12,喜得健康大樓管理委員會,新北市中和區建康路152號,101中使字第071號,101,071,25.000147,121.489712
1,2012/07/13,好消息大樓管理委員會,新北市中和區中正路911號,100中使字第554號,100,554,25.006464,121.483546
1,2012/08/13,齊家花園管理委員會,新北市中和區宜安路35號,98中使字第500號,98,500,24.996252,121.512356
1,2012/08/14,中興大樓守望相助管理委員會,新北市中和區中正路801號,81中使字第125號,81,125,25.000986,121.484722
1,2012/08/15,馥御公寓大廈管理委員會,新北市中和區圓通路81號,101中使字第115號,101,115,24.996825,121.499904
1,2012/09/12,民利名廈公寓大廈管理委員會,新北市中和區民利街78-80號,101中使字第212號,101,212,24.998225,121.478102
1,2012/09/13,萬事達公寓大廈管理委員會,新北市中和區大勇街102號,101中使字第024號,101,024,24.995498,121.517888
1,2012/09/14,富麗商場,新北市中和區中山路二段259號,99中使字第108號,99,108,25.002298,121.497207
1,2012/11/15,民享雅築管理委員會,新北市中和區民享街11號,86中使字第260號,86,260,25.005678,121.474166
1,2012/11/16,永安麗苑公寓大廈,新北市中和區中和路350巷8弄26-1號,100中使字第473號,100,473,25.000152,121.509979
1,2012/12/14,得意精品公寓大廈管理委員會,新北市中和區景新街423巷29-2號,86中使字第1221號,86,1221,24.989601,121.513735
1,2013/01/02,龍門大廈管理委員會,新北市中和區景平路726號,74中使字第1685號,74,1685,25.003319,121.496768
1,2013/01/03,尊爵富邑公寓大廈管理委員會(補登),新北市中和區莒光路84巷30號,100中使字第252號,100,252,25.002566,121.471585
1,2013/01/09,原宿大樓管理委員會,新北市中和區圓通路246號,101中使字第354號,101,354,24.992149,121.494487
1,2013/01/10,郡騰民安公寓大廈管理委員會,新北市中和區民安街25巷12號,100中使字第521號,100,521,24.999798,121.480553
1,2013/01/14,雙合ART公寓阿廈管理委員會,新北市中和區中正路277之6號,100中使字第109號,100,109,24.99371,121.495141
1,2013/01/30,國際財經廣場管理委員會,新北市中和區連城路246號,79中使字第1515號,79,1515,24.996359,121.488543
1,2013/03/07,滿和新廈管理負責人,新北市中和區中山路二段64巷12-2號,81中使字第330號,81,330,25.005338,121.5036
1,2013/04/09,景安尊賞大廈管理委員會(補登),"新北市中和區景安路132巷36,38號",89中使字第904號,89,904,24.994568,121.504005
1,2013/05/17,華禕股份有限公司公寓大廈管理負責人,新北市中和區中山路二段366巷9-1號,101中使字第82號,101,82,25.004079,121.491742
1,2013/05/20,秀山麗景公寓大廈管理委員會,新北市中和區自強路18號等,101中使字第415號,101,415,24.995581,121.520104
1,2013/05/01,元帥金典社區管理委員會,新北市中和區和城路一段501號等,101中使字第346號,101,346,24.993255,121.482175
1,2013/06/07,景安京璽社區管理委員會,新北市中和區中正路135號等,101中使字第208號,101,208,24.993445,121.499505
1,2013/07/30,一品花園公寓大廈管理委員會,新北市中和區安樂路211號等,101中使字第399號,101,399,24.998735,121.514251
1,2013/07/23,美國華城花園社區區管理委員會,新北市中和區連城路89巷30號等,83中使字第1432號,83,1432,24.998859,121.497287
1,2013/08/07,安和景新華廈管理負責人,新北市中和區景新街295巷16號等,100中使字第477號,100,477,24.993438,121.511304
1,2013/08/08,和平世紀麗池社區管理委員會,新北市中和區忠孝街2巷10號等,100中使字第255號,100,255,24.981598,121.509568
1,2013/08/22,麗園華廈管理負責人,新北市中和區景平路239巷12號等,102中使字第266號,102,266,24.992495,121.509336
1,2013/09/10,攬翠大樓管理委員會,新北市中和區安平路5巷2號等,102中使字第206號,102,206,24.993607,121.508712
1,2013/10/03,采會一集公寓大廈管理委員會,新北市中和區成功路8號等,101中使字第384號,101,384,24.993811,121.52615
1,2013/10/22,昇陽之冠大廈管理委員會,新北市中和區中山路114巷56號等,101中使字第434號,101,434,25.007353,121.475894
1,2013/10/29,景安晶華公寓大廈管理委員會,新北市中和區中正路76號等,102中使字第284號,102,284,24.993839,121.500687
1,2013/11/27,吉祥園社區管理委員會,新北市中和區忠孝街2巷14弄10號,102中使字第135號,102,135,24.9814,121.510661
1,2013/11/21,漢來喜朵社區管理委員會,新北市中和區秀朗路三段93號等,101中使字第427號,101,427,24.995149,121.52656
1,2013/11/06,和平世紀麗晶社區管理委員會,新北市中和區忠孝街2巷2號等,100中使字第356號,100,356,24.982437,121.509784
1,2013/12/30,雙捷金鑽管理委員會,新北市中和區景平路150號等,102中使字第360號,102,360,24.992114,121.518262
1,2013/12/25,森鄰綠社區管理委員會,新北市中和區景新街551號等,102中使字第164號,102,164,24.986698,121.515037
1,2014/03/21,勝輝恆美公寓大廈管理委員會,新北市中和區國光街56號等,102中使字第423號,102,423,25.000364,121.470629
1,2014/04/21,晶囍公寓大廈管理委員會,新北市中和區忠孝街37號等,102中使字第465號,102,465,24.983352,121.510608
1,2014/05/23,名城商業大樓管理負責人,新北市中和區景安路1號等,102中使字第323號,102,323,24.999302,121.50825
1,2014/05/01,遠雄左岸采梅園管理委員會,新北市中和區中原二街127號等,102中使字第473號,102,473,25.01284,121.48544
1,2014/05/02,協和紀森活館社區管理委員會,新北市中和區宜安路168巷6號等,102中使字第634號,102,634,24.999295,121.509231
1,2014/05/09,基玉公寓大廈管理負責人,新北市中和區國光街203號等,102中使字第593號,102,593,25.001868,121.466948
1,2014/07/17,弘暉首富社區管理委員會,新北市中和區中和路128號等,102中使字第066號,102,066,24.999617,121.503558
1,2014/07/17,御璽公寓大廈管理委員會,新北市中和區廣福路73至93號及枋寮街30至46號,102中使字第377號,102,377,25.00082,121.501918
1,2014/08/14,遠雄左岸玫瑰園管理委員會,新北市中和區中原街86號等,102中使字第509號,102,509,25.009283,121.488688
1,2014/09/23,一見鍾情管理委員會,新北市中和區景新街496巷17至19號,85中使字第1563號,85,1563,24.986592,121.513337
1,2014/09/01,弘暉新富邑社區管理委員會,新北市中和區景新街34巷2弄5號等,102中使字第599號,102,599,24.999065,121.503005
1,2014/09/05,磐石景安公寓大廈管理負責人,新北市中和區景平路241巷64弄17號等,102中使字第245號,102,245,24.992336,121.50721
1,2014/10/24,擎天華城公寓大廈管理委員會,新北市中和區興南路一段85巷37號等,102中使字第246號,102,246,24.987618,121.510507
1,2014/10/30,佑瑩公寓大廈管理負責人,新北市中和區中山路二段439巷21號等,100中使字第488號,100,488,25.004241,121.484953
1,2014/11/03,康翔香里園大樓管理委員會,新北市中和區宜安路92巷16及18號,103中使字第212號,103,212,24.998121,121.511247
1,2014/11/18,逍遙居公寓大廈管理負責人,新北市中和區大仁街10巷9弄52號等,103中使字第255號,103,255,24.992916,121.520055
1,2014/12/09,南山社區管理委員會,新北市中和區興南路二段114巷21弄2至6雙號及23弄1至21單號等,78中使字第539號,78,539,24.98438,121.503736
1,2015/03/03,協和紀樂活館公寓大廈管理委員會,新北市中和區宜安路168巷19號,103中使字第387號,103,387,24.999476,121.509117
1,2015/05/07,冠倫京華公寓大廈管理委員會,中和區景新街5號,82中使字第347號,82,347,24.99953,121.503156
1,2015/05/27,聯合科技中心管理委員會,中和區建康路6號,102中使字第520號,102,520,24.999739,121.486358
1,2015/06/03,楓林社區管理委員會,中和區中正路194巷23號5樓,79中使字第476號,79,476,24.993976,121.497457
1,2015/07/17,光寶科技中和大樓C棟,中和區建六路77號,102中使字第600號,102,600,25.00231,121.487621
1,2015/08/25,新富雅社區管理委員會,中和區景新街34巷2弄9號,104中使字第161號,104,161,24.999039,121.502756
1,2015/09/16,景平大樓管理委員會,中和區景平路293-1號3樓,74中使字第2389號,74,2389,24.993044,121.507034
1,2015/09/18,自強公寓大廈管理委員會,中和區自強路8巷1弄2-1號2樓,68中使字第3604號,68,3604,24.995844,121.519842
1,2015/11/30,上豪名廈管理委員會,中和區新生街39巷8號4樓之1,82中使字第523號,82,523,25.003252,121.483884
1,2015/11/03,書香園公寓大廈管理委員會,中和區民德路146巷1號2樓,88中使字第005號,88,005,25.000335,121.46847
1,2016/01/19,妙清講堂管理負責人,中和區興南路一段110號,104中使字第00338號,104,00338,24.988713,121.509546
1,2016/03/16,圓通大樓管理負責人,新北市中和區捷運路59號 ,105中使字第00012號,105,00012,24.989688,121.509057
1,2016/03/15,遠雄左岸紫金園管理委員會(補登),新北市中和區中原二街115號,102中使字第00622號,102,00622,25.012236,121.48586
1,2016/06/16,勝興采悅社區,新北市中和區景平路159巷24號,104中使字第00568號,104,00568,24.991774,121.512584
1,2016/07/20,翔之譽公寓大廈管理委員會,新北市中和區水源路132巷7號,105中使字第00128號,105,00128,25.002721,121.507857
1,2016/07/19,雙和一品苑公寓大廈管理委員會,新北市中和區中正路360號,102中使字第00296號,102,00296,24.994216,121.493412
1,2016/07/01,遠雄左岸錦繡園公寓大廈管理委員會,新北市中和區中原五街22號,104中使字第00317號,104,00317,25.011113,121.486634
1,2016/11/25,捷運學府公寓大廈管理委員會,新北市中和區民利街65-77號,105中使字第00162號,105,00162,24.998441,121.478846
1,2016/12/23,錦和聚公寓大廈管理委員會,新北市中和區圓通路296巷11號,105中使字第00001號,105,00001,24.989367,121.487861
1,2017/01/06,仁愛好樣社區管理委員會,新北市中和區中山路2段64巷30號等,105中使字第00306號,105,00306,25.006221,121.50248
1,2017/01/26,景安南華管理委員會,新北市中和區景平路425號等,105中使字第00215號,105,00215,24.995225,121.501625
1,2017/06/20,景安金葉管理負責人,新北市中和區板南路148號等,105中使字第00477號,105,00477,24.992742,121.502045
1,2017/07/15,遠雄左岸彩虹園社區管理委員會,新北市中和區中原街166號等,103中使字第00108號,103,00108,25.01244,121.484703
1,2017/07/13,中和圓通五十七號管理委員會,新北市中和區圓通路57號,87中使字第00263號,87,00263,24.99742,121.500677
1,2017/09/04,植木賞社區管理委員會,新北市中和區員山路327巷88-1號等,105中使字第00316號,105,00316,25.00245,121.479353
1,2017/09/04,華福凱旋門社區管理負責人,新北市中和區華福街4巷16號等,99中使字第00099號,99,00099,24.996358,121.465619
1,2017/10/03,景泰丰社區管理委員會,新北市中和區中原二街156~162號(管理中心),104中使字第00446號,104,00446,25.012712,121.486283
1,2017/11/29,龍城大廈管理委員會,新北市中和區忠孝街144號,84中使字第01184號,84,01184,24.987217,121.512473
1,2017/11/29,勝興漾之華社區管理委員會,新北市中和區南山路27號等,106中使字第0004號,106,0004,24.999027,121.50214
1,2017/11/28,捷運瀞社區管理委員會,新北市中和區廟美街8號,106中使字第00294號,106,00294,25.001524,121.501029
1,2017/12/04,自強大廈管理委員會,新北市中和區景平路323號,70中使字第02320號,70,02320,24.993192,121.505962
1,2017/12/12,中正花園廣場社區管理委員會,新北市中和區連城路469巷7弄2號(警衛室),75中使字第00277號,75,00277,24.995501,121.483836
1,2018/01/08,"中正花園廣場管理委員會(75中使字第00174號) 
中正花園廣場管理委員會(75中使字第00277號)",新北市中和區連城路469弄7弄2號(警衛室),"75中使字第00174號
75中使字第00277號",75,00174,25.002452,121.499205
1,2018/01/31,勝輝NEXT 1公寓大廈管理委員會,新北市中和區中山路3段225號14樓,106中使字第00339號,106,00339,25.006246,121.47132
1,2018/02/09,寬和景安社區管理委員會,新北市中和區景平路299~303號,106中使字第00212號,106,00212,25.006056,121.496001
1,2018/03/19,福璽景安社區管理委員會,新北市中和區景平路431巷29號,106中使字第00241號,106,00241,24.994669,121.500542
1,2018/03/31,遠雄左岸牡丹園社區管理委員會,新北市中和區中原東街66~88號,106中使字第00113號,106,00113,25.012798,121.486374
1,2018/04/10,嘉泉名璽管理委員會,新北市中和區員山路322號,106中使字第00021號,106,00021,25.002981,121.481588
1,2018/05/01,雙禧園社區管理委員會,新北市中和區南華路67號1樓,105中使字第00426號,105,00426,24.997404,121.504669
1,2018/05/04,雅璞心向社區管理委員會,新北市中和區景平路119號,106中使字第00379號,106,00379,24.991906,121.516588
1,2018/05/09,聽樹唱歌社區管理委員會,新北市中和區忠孝街148號,106中使字第00578號,106,00578,24.98741,121.512607
1,2018/05/22,達永.春嶺管理委員會,新北市中和區捷運路25號,106中使字第00532號,106,00532,24.989564,121.509317
1,2018/08/03,呈冠渼學社區管理委員會,新北市中和區中原二街71號,104中使字第00467號,104,00467,25.010991,121.48718
1,2018/08/21,遠雄日安社區管理委員會,新北市中和區環河西路3段66-69號,106中使字第00563號,106,00563,25.007549,121.493596
1,2018/09/18,晴好社區管理委員會,新北市中和區大勇街31巷35號,107中使字第00063號,107,00063,24.995158,121.517062
1,2018/10/02,高浦社管理負責人,新北市中和區民生街32號4樓,107中使字第00075號,107,00075,25.005375,121.469921
1,2018/10/30,三豐雙匯大樓管理委員會,新北市中和區景平路660號,106中使字第00143號,106,00143,25.000672,121.497553
1,2018/11/06,萊茵花園廣場管理委員會,新北市中和區自立路99巷22弄8~16號及117巷4弄1~21號,77中使字第01824號,77,01824,24.994001,121.523033
1,2018/11/23,墨濤院管理委員會,新北市中和區民安街101號,106中使字第00333號,106,00333,24.999452,121.477712
1,2018/12/08,景安住邑大廈管理委員會,新北市中和區中興街37號,107中使字第00191號,107,00191,24.99438,121.500844
1,2018/12/29,双捷晶華社區管理委員會,新北市中和區景新街468號,107中使字第00141號,107,00141,24.987248,121.513628
1,2018/12/27,旭泰城光社區管理委員會,新北市中和區中山路2段208號,106中使字第00490號,106,00490,25.002817,121.499838
1,2019/01/07,將捷美華社區管理委員會,新北市中和區中正路426號1樓,107中使字第00245號,107,00245,24.994301,121.491495
1,2019/01/11,富園新天地管理委員會,中和區興南路2段54巷1.3號56.58號,81中使字第00069號,81,00069,24.985696,121.505847
1,2019/02/01,怡富小幸運公寓大廈管理委員會,新北市中和區國光街215號24弄12號,107中使字第00189號,107,00189,25.000086,121.472471
1,2019/03/20,冠德麗境社區管理委員會,新北市中和區景安路120號,107中使字第00300號,107,00300,24.994703,121.50445
1,2019/03/19,圓通雅筑管理負責人,新北市中和區工專路26號等,107中使字第00287號,107,00287,24.981092,121.5069
1,2019/03/21,蒔築大樓管理委員會,新北市中和區自立路16巷5號2樓,106中使字第00315號,106,00315,24.99362,121.521713
1,2019/04/15,中和冠德美境社區管理委員會,新北市中和區景安路155號,107中使字第00329號,107,00329,24.995092,121.505812
1,2019/05/15,中興苑公寓大廈管理負責人,新北市中和區中興街172巷10弄7號等,107中使字第00216號,107,00216,24.991489,121.499291
1,2019/05/15,向陽光晴社區管理委員會,新北市中和區中和路239號,107中使字第00472號,107,00472,24.999918,121.504459
1,2019/05/29,世界V1社區管理委員會,新北市中和區中山路2段332巷1號,106中使字第00037號,106,00037,25.002616,121.49424
1,2019/06/21,江左風華公寓大廈,新北市中和區中原二街65號,103中使字第00318號,103,00318,25.010786,121.487398
1,2019/03/14,幸福ONE社區管理負責人(10806補登),新北市中和區安和里11鄰保健路48巷79號 ,105中使字第00544號,105,00544,24.995514,121.509001
1,2019/07/11,肯佳馥吉吉社區管理委員會,新北市中和區中山路2段156及158號,106中使字第00477號,106,00477,25.002967,121.501409
1,2019/07/17,華中福真管理委員會,新北市中和區中山路2段312巷45弄25之2號,073中使字第01189號,073,01189,25.004954,121.494896
1,2019/07/19,漢寶雙捷贊公寓大廈管理委員會,新北市中和區景平路567號1樓,108中使字第00073號,108,00073,24.999862,121.498003
1,2019/07/31,和美吉地社區,新北市中和區廟美街1至11號,085中使字第01230號,085,01230,25.001705,121.500746
1,2019/08/20,摘星社區管理委員會,新北市中和區中興街180巷26.28號,107中使字第00477號,107,00477,24.989274,121.498272
1,2019/09/10,鴻吉大廈管理委員會,新北市中和區中山路2段225號,072中使字第01291號,072,01291,25.002438,121.498547
1,2019/11/01,景安麟居公寓大廈管理委員會,新北市中和區中正路66號,108中使字第00202號,108,00202,24.99381,121.50113
1,2019/11/21,雅筑社區管理委員會,新北市中和區中興街161巷12號,108中使字第00009號,108,00009,24.990894,121.501351
1,2019/12/17,蒲陽雙和社區管理委員會,新北市中和區中和路150號1樓,108中使字第00184號,108,00184,24.999611,121.504077
1,2020/02/05,沐青華廈管理委員會,新北市中和區華新街143巷71號5樓,106中使字第00590號,106,00590,24.978629,121.507549
1,2020/01/07,中和時尚新宿管理委員會(10902補登),新北市中和區華順街135巷6號7樓,105中使字第00168號,105,00168,24.99613,121.465237
1,2020/03/02,遠雄和光管理委員會,新北市中和區中原里7鄰中原東街83號5樓,108中使字第00186號,108,00186,25.012822,121.486433
1,2020/03/31,全聯中和新生管理負責人,新北市中和區新生街255號,108中使字第00464號,108,00464,24.998418,121.484236
1,2020/05/01,星鑽大樓管理負責人,新北市中和區景平路522-524號,079中使字第01483號,079,01483,24.994551,121.503517
1,2020/05/07,遠雄悅河管理委員會,新北市中和區中原街26至38號,108中使字第00295號,108,00295,25.008533,121.490219
1,2020/05/13,冠德蝴水映管理委員會,新北市中和區中原五街51-57號,107中使字第00154號,107,00154,25.012215,121.487528
1,2020/06/23,台北依德旗艦中心管理負責人,新北市中和區建一路68號,108中使字第00264號,108,00264,25.003077,121.487769
1,2020/06/29,揚輝大廈管理負責人,新北市中和區連城路346-1號,086中使字第00726號,086,00726,24.995647,121.482466
1,2020/07/02,摩天東帝士商辦管理委員會,新北市中和區景平路188號地下4層,086中使字第01171號,086,01171,24.992388,121.516324
1,2020/07/09,綠HOUSE公寓大廈管理委員會,新北市中和區佳和里4鄰中山路二段136巷26~28號,108中使字第00363號,108,00363,25.004522,121.500684
1,2020/07/21,齊家一品苑社區管理委員會,新北市中和區宜安路36至38號,106中使字第00353號,106,00353,24.996337,121.512607
1,2020/07/30,中和靜園大廈管理委員會,新北市中和區錦盛里13鄰圓通路305巷16-6號,105中使字第00459號,105,00459,24.98918,121.494676
1,2020/08/19,屋豊香公寓大廈管理委員會,新北市中和區民德路163至167號,109中使字第00004號,109,00004,24.999637,121.468746
1,2020/08/26,勝瀚秀山園管理委員會,新北市中和區秀福里27鄰自立路17至27號,109中使字第00071號,109,00071,24.995829,121.522456
1,2020/10/05,日光御社區管理委員會,新北市中和區景安里18鄰安和路133號,109中使字第00129號,109,00129,24.99611,121.506646
1,2020/11/10,久泰皇品社區管理委員會,新北市中和區員富里10鄰員山路591號1樓,106中使字第00352號,106,00352,25.009988,121.478671
1,2020/11/29,員山公寓管理委員會,新北市中和區員山路381巷1弄2號,74中使字第1552號,74,1552,25.002348,121.480846
1,2020/12/22,吉利工業區管理委員會,新北市中和區建六路67巷32號,77中使字第1851號,77,1851,25.003253,121.486555
1,2020/12/29,首綻大廈管理委員會,新北市中和區景新里32鄰和平街42號6樓,108中使字第00379號,108,00379,24.990617,121.508993
1,2020/12/30,遠雄左岸香榭園管理委員會,新北市中和區中原里4鄰中原街8號21樓,103中使字第00487號,103,00487,25.00794,121.491497
1,2020/12/30,雍盛社區管理委員會,新北市中和區宜安里6鄰宜安路48號,109中使字第00106號,109,00106,24.996777,121.512075
1,2021/02/18,民樂富御大樓管理負責人,新北市中和區民樂路38號,108中使字第00234號,108,00234,25.001097,121.48307
1,2021/04/21,連勝富邑社區管理委員會,新北市中和區連勝街93號,109中使字第00323號,109,00323,24.996224,121.495561
1,2021/05/14,台灣科技廣場A棟管理委員會,新北市中和區橋和路11號,109中使字第00320號,109,00320,25.005372,121.488523
1,2021/05/15,台灣科技廣場B棟管理委員會,新北市中和區橋和路11號,109中使字第00320號,109,00320,25.005372,121.488523
1,2021/05/19,遠雄錸儷管理委員會,新北市中和區中原里5鄰中原街146號8樓,105中使字第00465號,105,00465,25.01188,121.485117
1,2021/06/15,映象太和公寓大廈管理委員會,新北市中和區建康路198號15樓,108中使字第00067號,108,00067,24.999355,121.49164
1,2021/07/01,幸福花園新城公寓大廈管理委員會,新北市中和區連勝街28號,77中使字第711號,77,711,24.997969,121.498245
1,2021/09/05,漢寶?星管理委員會,新北市中和區民安里民利街68巷5-1號5樓,109中使字第375號,109,375,24.998753,121.47799
1,2021/09/10,達永沐夏社區管理委員會,新北市中和區工專路110號,109中使字第365號,109,365,24.979925,121.507769
1,2021/09/19,華南智慧管理委員會,新北市中和區連城路265巷6弄2號4樓,78中使字第1025號,78,1025,24.995985,121.491305
1,2021/09/22,柏金苑社區管理委員會,新北市中和區吉興里21鄰南山路369號2樓,109中使字第264號,109,264,24.990504,121.506208
1,2021/10/18,南山10.12號管理委員會,新北市中和區南山路125巷10號,67中使字第309號,67,309,24.997266,121.502412
1,2021/11/25,遠雄CASA管理委員會,新北市中和區中原三街11號,109中使字第394號,109,394,25.010223,121.48805
1,2021/12/01,民有天玥社區公寓大廈管理委員會,新北市中和區民有里2鄰民有街39號12樓,109中使字第023號,109,023,25.00495,121.475936
1,2021/12/15,香榭麗池社區管理委員會,新北市中和區南山路256號,108中使字第259號,108,259,24.988582,121.507463
1,2022/01/12,華中捷仕堡管理委員會,新北市中和區中山路2段228號,87中使字第994號,87,994,25.00278,121.498938
1,2022/01/25,益興公寓大廈管理委員會,新北市中和區華安街6號,75中使字第1342號,75,1342,24.998607,121.465554
1,2022/02/17,和和砌社區管理委員會,新北市中和區安樂路217巷5號7樓,110中使字第282號,110,282,24.998604,121.513991
1,2022/03/11,金玉公寓大廈管理負責人,新北市中和區忠孝街5巷9號,83中使字第962號,83,962,24.983212,121.509463
1,2022/03/11,景安之丘管理委員會,新北市中和區明禮街11巷8號,110中使字第284號,110,284,24.995524,121.504619
1,1996/09/16,摘星樓管理委員會,五股鄉凌雲路一段158巷14.16.18號,84股使字第 0558 號,84,0558,25.104329,121.447024
1,1996/09/20,樹海一家管理委員會,五股鄉五福路114至136(雙)號,85股使字第 0741 號,85,0741,25.053204,121.29496
1,1996/09/20,仁義富麗管理委員會,五股鄉四維路－86號,83股使字第 1262 號,83,1262,24.263905,120.535676
1,1996/08/07,大樹小鎮A區管理委員會,五股鄉五福路－129號,84股使字第 1402 號,84,1402,23.672868,120.477107
1,1996/11/27,新圓山社區管理委員會,五股鄉成泰路一段189巷22－2號9樓,82股使字第 0904 號,82,0904,25.077182,121.433699
1,1996/12/04,雙喜樓管理委員會,五股鄉水碓七路6號3樓,84股使字第 0079 號,84,0079,25.071262,121.428179
1,1996/12/06,美畫天地D區管理委員會,五股鄉水碓三路120號1樓,84股使字第 0114 號,84,0114,25.073414,121.431808
1,1996/12/18,美景江山A區管理委員會,五股鄉水碓九路53號,85股使字第 0080 號,85,0080,25.072313,121.429202
1,1996/12/20,美畫天地B區管理委員會,五股鄉水碓三路117號1樓,84股使字第 0113 號,84,0113,25.072972,121.431403
1,1996/12/23,龍形天廈管理委員會,五股鄉成泰路四段15－8號6樓,85股使字第 0228 號,85,0228,25.10714,121.453288
1,1996/12/24,台北我的家管理委員會,五股鄉水碓九路59號4樓,85股使字第 0109 號,85,0109,25.072573,121.42952
1,1997/01/04,觀自在攬翠樓管理委員會,五股鄉凌雲路1段158巷22號之1,88股使字第 0566 號,88,0566,25.103698,121.448215
1,1997/01/17,家美香榭廣場管理委員會,五股鄉成泰路二段91巷11~29－(單)號,85股使字第 0965 號,85,0965,25.084166,121.437996
1,1997/03/16,福人居大廈管理委員會,五股鄉蓬萊路24~58－(雙)號,85股使字第 0692 號,85,0692,25.079505,121.434833
1,1997/03/27,大樹小鎮C區管理委員會,五股鄉五福路109~121－(單)號,84股使字第 0586 號,84,0586,25.053204,121.29496
1,1997/04/09,中興翡翠大樓管理委員會,五股鄉中興路四段48巷11~21－(單)號1~12樓,85股使字第 0058 號,85,0058,25.083145,121.438236
1,1997/05/26,五福雅築大廈管理委員會,五股鄉五福路59~67－(單)號1~8樓,86股使字第 0113 號,86,0113,25.053204,121.29496
1,1997/06/17,園管理委員會圃公園管理委員會,五股鄉成泰路一段237號之22 2樓,85股使字第 1007 號,85,1007,25.080718,121.435861
1,1997/06/17,園圃綠圃社區管理委員會,五股鄉蓬萊路6巷9號,85股使字第 1008 號,85,1008,25.079906,121.435548
1,1997/07/11,東坡居管理委員會,五股鄉登林路100－3~7號,85股使字第 1432 號,85,1432,25.070484,121.427936
1,1997/07/31,世紀傳家管理委員會,五股鄉成泰路三段149~153－(單)號,83股使字第 0788 號,83,0788,25.086734,121.44165
1,1997/08/09,美畫天地C區管理委員會,五股鄉水碓七路1.3號,84股使字第 0105 號,84,0105,25.071657,121.428883
1,1997/08/25,大漢愛鄉管理委員會,五股鄉西雲路201.205號,84股使字第 0457 號,84,0457,25.099046,121.449474
1,1997/08/25,寶祥花園廣場A.B區管理委員會,五股鄉五福路32巷26~42－(雙)號,84股使字第 0776 號,84,0776,25.08977,121.435264
1,1997/08/27,台北清水灣管理委員會,五股鄉成泰路四段10~18－(雙)號,85股使字第 0908 號,85,0908,25.106293,121.453031
1,1997/08/30,漢堡堡創意區管理委員會,五股鄉五福路73~107－(單)號1~14樓,85股使字第 1597 號,85,1597,25.053204,121.29496
1,1997/09/01,山水豪景管理委員會,五股鄉水碓路16巷13號9樓,86股使字第 0135 號,86,0135,25.073135,121.434178
1,1997/09/22,田莊管理委員會,五股鄉水碓二路9.11號1~7樓,84股使字第 0155 號,84,0155,25.071919,121.429793
1,1997/10/06,優勝美地管理委員會,五股鄉五福路11弄1~17號,79股使字第 0856 號,79,0856,24.06761,120.669749
1,1997/10/15,台北夢公園管理委員會,五股鄉成泰路一段155巷77弄38號,84股使字第 0373 號,84,0373,25.067917,121.43476
1,1997/11/03,富桂林社區管理委員會,五股鄉天乙路16~34－(雙)號1~7樓,84股使字第 1200 號,84,1200,25.109265,121.445944
1,1997/12/13,陽光台北管理委員會,五股鄉成泰路一段235號之11~14 ,82股使字第 0956 號,82,0956,25.080027,121.435987
1,1998/01/03,碧山莊社區管理委員會,五股鄉成泰路三段577巷54弄1~9－(單)號,78股使字第 0574 號,78,0574,25.10384,121.451081
1,1998/01/06,蓬來新家管理委員會,五股鄉蓬萊路6巷1~7－(單)號,83股使字第 1206 號,83,1206,25.079806,121.435739
1,1998/01/07,幸福吉祥大地管理委員會,五股鄉五福路100巷1.3號,82股使字第 0020 號,82,0020,25.090868,121.432903
1,1998/01/14,隆潤金鑽管理委員會,五股鄉水碓路15.17.19號,85股使字第 0599 號,85,0599,25.072752,121.433254
1,1998/01/23,台北青年城第一期管理委員會,五股鄉西雲路456~156－(雙)號,85股使字第 1363 號,85,1363,25.089993,121.44286
1,1998/02/07,林口空間樂園管理委員會,林口鄉文化二路一段354~366－(雙)號,84股使字第 0143 號,84,0143,25.066908,121.364814
1,1998/03/09,觀景樓管理委員會,五股鄉登林路79－2~9號,84股使字第 0522 號,84,0522,25.070253,121.427368
1,1998/03/19,大慶榕莊管理委員會,五股鄉凌雲路一段149巷13~21－(單)號,81股使字第 1356 號,81,1356,25.10172,121.448981
1,1998/03/20,成名學府管理委員會,五股鄉水碓路1~13－(單)號,86股使字第 0683 號,86,0683,25.07226,121.433988
1,1998/03/21,山水宮廷管理委員會,五股鄉成泰路一段189巷26.28.30號,83股使字第 0445 號,83,0445,25.076536,121.432857
1,1998/03/26,台北花城管理委員會,五股鄉成泰路一段237－2~10號,81股使字第 0683 號,81,0683,25.080718,121.435861
1,1998/04/20,撲滿成家管理委員會,五股鄉五福路35~57－(單)號,84股使字第 1475 號,84,1475,25.053204,121.29496
1,1998/04/22,麗景生活家管理委員會,五股鄉成泰路一段235號之1 1~7樓,83股使字第 1414 號,83,1414,25.080027,121.435987
1,1998/05/01,五股工商大樓管理委員會,五股鄉工商路78~84－(雙)號,83股使字第 0927 號,83,0927,25.084164,121.438939
1,1998/05/07,台北神話管理委員會,五股鄉成泰路一段7巷15弄1~27－(單)號,83股使字第 0868 號,83,0868,25.06641,121.432067
1,1998/05/12,薪水傳奇管理委員會,五股鄉成泰路三段577巷85~117－(雙)號,86股使字第 1129 號,86,1129,25.103141,121.451052
1,1998/05/14,五股鄉中興天廈管理委員會,五股鄉中興路四段40.42號,83股使字第 1533 號,83,1533,25.159953,121.540719
1,1998/05/21,飛翔台北社區管理委員會,五股鄉水碓路73~91－(單)號,86股使字第 1049 號,86,1049,25.07226,121.433988
1,1998/05/22,五福臨門管理委員會,五股鄉工商路150號,86股使字第 1290 號,86,1290,25.087479,121.433282
1,1998/06/05,五股鄉圓山御花園管理委員會,五股鄉西雲路63~93－(單)號1~8樓,83股使字第 1399 號,83,1399,25.089993,121.44286
1,1998/06/08,台北新桂林管理委員會,五股鄉西雲路237~263－(單)號,81股使字第 0995 號,81,0995,25.089993,121.44286
1,1998/07/15,幸福美滿大地管理委員會,五股鄉五福路70~84－(雙)號,82股使字第 021 號,82,021,25.053204,121.29496
1,1998/08/28,美景江山B區管理委員會,五股鄉水碓九路18~26－(雙)號,85都股使字第 0055 號,85,0055,25.072724,121.429985
1,1998/09/09,幸福大地管理委員會,五股鄉五福路52巷1號,82股使字第 0976 號,82,0976,25.089812,121.433623
1,1998/09/22,台北御史園管理委員會,五股鄉御史路55.57.59號,83股使字第 1501 號,83,1501,25.108654,121.417409
1,1998/12/16,幸福快樂大地管理委員會,五股鄉五福路88巷1.3.5.7號,82股使字第 0022 號,82,0022,25.090309,121.43271
1,1998/12/16,美畫天地A區管理委員會,五股鄉水碓五路157~175－(單)號,84股使字第 0104 號,84,0104,25.070927,121.428454
1,1999/01/19,觀邸世家管理委員會,五股鄉四維路147號,86股使字第 1303 號,86,1303,24.262142,120.537148
1,1999/04/02,美麗堡管理委員會,五股鄉西雲路117號,87股使字第 0738 號,87,0738,25.09287,121.443879
1,1999/07/13,皇家生活管理委員會,五股鄉成泰路三段165號2~7樓,81股使字第 0315 號,81,0315,25.091926,121.445141
1,1999/08/11,德音報喜管理委員會,五股鄉水碓一路22~32號,88股使字第 0086 號,88,0086,25.073903,121.430574
1,1999/08/19,台北愛家管理委員會,五股鄉五福路14巷26~49號,82股使字第 1216 號,82,1216,25.088726,121.434924
1,1999/11/18,企業家管理委員會,五股鄉工商路99巷22.24號1~12樓,82股使字第 0141 號,82,0141,25.084685,121.436801
1,1999/11/26,富貴林園管理委員會,五股鄉成泰路一段241巷18~42號1~7樓,88股使字第 0743 號,88,0743,25.081236,121.43575
1,1999/12/15,大地福星管理委員會,五股鄉成泰路46號1~8樓,83股使字第 0195 號,83,0195,25.088806,121.442508
1,1999/12/15,美墅B區管理委員會,五股鄉水碓三路129~143－(單)號,87都股使字第 0063 號,87,0063,25.07081,121.429169
1,1999/12/15,台北青年城第二期管理委員會,五股鄉西雲路138－1號,88股使字第 0521 號,88,0521,25.094028,121.445666
1,2000/04/21,碧山居管理委員會,五股鄉水碓七路81號,83都股使字第0143 號,83,0143,25.072216,121.429785
1,2000/05/16,觀景名廈管理委員會,五股鄉成泰路四段24－1.2.3.4號2~13樓,88股使字第 777 號,88,777,25.10712,121.453881
1,2000/07/03,松莊大廈管理委員會,五股鄉成泰路三段513.515號1~9樓,82股使字第 0525 號,82,0525,25.105435,121.452579
1,2000/10/05,寶祥花園C區管理委員會,五股鄉五福路32巷13~21－(單)號1~12樓,84股使字第 0397 號,84,0397,25.08977,121.435264
1,2000/10/27,長春泉管理委員會,五股鄉成泰路一段219號,89股使字第 0002 號,89,0002,25.077264,121.435203
1,2000/11/24,儒林晶鑽管理委員會,五股鄉成泰路二段96~102－(雙)號,89股使字第 0567 號,89,0567,25.080924,121.437027
1,2001/04/12,法國宮庭管理委員會,五股鄉御史路71~77－(單)號,89股使字第 0214 號,89,0214,25.090323,121.442327
1,2001/05/02,神仙社區管理委員會,五股鄉水碓三路5~25－(單)號1~3樓,89股使字第 0200 號,89,0200,25.07081,121.429169
1,2001/05/08,巨聖社區管理委員會,五股鄉御史路92巷2弄1號2~5樓,83股使字第 0395 號,83,0395,25.095186,121.440057
1,2001/09/06,薪關渡社區管理委員會,五股鄉成泰路四段24號之5~9 1樓,89股使字第 0153 號,89,0153,25.10712,121.453881
1,2001/01/05,京華樓管理委員會,五股鄉成泰路一段8巷,87股使字第 1030 號,87,1030,25.067215,121.435783
1,2002/01/22,凌雲大廈管理委員會,五股鄉凌雲路一段34.36.40號1~7樓,90股使字第 0353 號,90,0353,25.102544,121.448842
1,2002/02/07,大都市科學園區管理委員會,五股鄉中興路一段2~12－(雙)號,90股使字第 0431 號,90,0431,24.68663,121.797556
1,2002/05/23,麗源珍品管理委員會,五股鄉民義路一段109號1~8樓,90股使字第 0712 號,90,0712,25.086431,121.43405
1,2002/08/01,圓山芳鄰管理委員會,五股鄉成泰路一段189巷56~62－(雙)號1~11樓,83股使字第 0445 號,83,0445,25.0772,121.433908
1,2002/08/13,新北產業園區第二批標準廠房管理委員會,五股鄉五權七路10~24－(雙)號,85股使字第 1639 號,85,1639,25.066624,121.447892
1,2002/09/02,新加坡華園城堡管理委員會,五股鄉登林路81－1號,90股使字第 0362 號,90,0362,25.070326,121.427031
1,2002/09/23,台北荷蘭管理委員會,五股鄉成泰路四段22巷29號,84股使字第 0928 號,84,0928,25.108385,121.455344
1,2002/11/18,金滿意管理委員會,五股鄉御史路21~31－(單)號1~7樓,90股使字第 0688 號,90,0688,25.090323,121.442327
1,2002/12/17,集福如意管理委員會,五股鄉成泰路三段577巷136~150－(雙)號1~7樓,90股使字第 0288 號,90,0288,25.103141,121.451052
1,2003/05/13,竹林大廈管理委員會,五股鄉自強路56~66號,88股使字第 0476 號,88,0476,25.114462,121.713003
1,2003/05/14,德音家康管理委員會,五股鄉水碓路2.6.8.10號,85股使字第 0493 號,85,0493,25.072752,121.433254
1,2003/05/27,珍寶大廈管理委員會,五股鄉成泰路三段369.369-1號,91股使字第 0260 號,91,0260,25.105435,121.452579
1,2003/07/22,優利新村管理委員會,五股鄉成泰路三段543巷3~9號,90股使字第 0287 號,90,0287,25.102872,121.44986
1,2004/03/09,台北新佳坡大樓管理委員會,五股鄉御史路3.5號2~9樓,92股使字第 0023 號,92,0023,25.091604,121.441981
1,2004/05/21,五股工業區第二批標準廠房,五股鄉五權路9~23號,85股使字第 1639 號,85,1639,25.069862,121.455043
1,2004/08/10,台北星州公寓大廈管理委員會,五股鄉成泰路一段32巷32號,86股使字第 0283 號,86,0283,25.06724,121.43516
1,2004/10/18,青山名園管理委員會,五股鄉成泰路一段189巷14-4號5樓,84股使字第 1120 號,84,1120,25.077535,121.433865
1,2005/04/06,音樂會公寓大廈,五股鄉西雲路116-5號1樓,93股使字第04443號,93,04443,25.093518,121.4447
1,2005/05/17,太鼎社區,五股鄉成泰路一段7巷48弄1~13號之1~11號2至5樓,82股使字第0329號,82,0329,25.067273,121.432922
1,2005/08/31,坎城假期,五股鄉德泰村成泰路2-7號1樓,93股使字第0513號,93,0513,25.067039,121.434138
1,2005/11/01,富一公寓大廈,五股鄉五權三路24號,94股使字第0281 號,94,0281,25.064782,121.453729
1,2005/12/26,舞鼓豐收公寓大廈,五股鄉民義路一段42號1-10樓,94股使字第0321號,94,0321,25.084036,121.436941
1,2006/07/27,臻愛花園社區,五股鄉御史路1巷19-41單號,95股使字第0134號,95,0134,25.08986,121.442364
1,2006/07/25,台北縣五股貿商二村國宅社區,五股鄉登林路貿商巷1弄3號14樓,91股使字第0352號,91,0352,25.069613,121.430212
1,2006/07/27,五股貿商二村國宅社區B3區管理委員會,五股鄉自強路150巷2號6樓,91股使字第0492號,91,0492,25.070536,121.431948
1,2006/09/21,振樺電子公寓大廈管理負責人,五股鄉五權七路70號,94股使字第0579號,94,0579,25.07033,121.453986
1,2006/09/13,昶達大樓公寓大廈,五股鄉五權七路36號,80股使字第0768號,80,0768,25.068629,121.44995
1,2006/11/29,龍鳳花園社區,五股鄉民義路一段157之22號,74股使字第1973號,74,1973,25.086673,121.431262
1,2006/09/01,金鑽別莊A區公寓大廈管理委員會(補登報備資料),五股鄉西雲路88巷12-1號,95股使字第0045號,95,0045,25.091856,121.444297
1,2006/09/13,金鑽別莊B區公寓大廈管理委員會(補登報備資料),五股鄉西雲路88巷16之2號,95股使字第0050號,95,0050,25.09204,121.444518
1,2007/02/16,五福豪門社區管理委員會,五股鄉五福路11號,95股使字第0481號,95,0481,25.088674,121.434107
1,2007/06/05,傑生公寓大廈管理負責人,五股鄉五權六路31號,94股使字第0478號,94,0478,25.06652,121.451258
1,2007/07/12,天昱公寓大廈管理負責人,五股鄉五工三路119號,96股使字第0210號,96,0210,25.068028,121.454618
1,2007/07/13,台北蔚藍天公寓大廈管理委員會,五股鄉登林路貿商巷5弄5號,95股使字第0311號,95,0311,25.070164,121.429629
1,2007/08/15,香草部落格公寓大廈管理委員會,五股鄉成泰路1段7巷70號12樓,96股使字第0103號,96,0103,25.067871,121.432316
1,2007/11/09,台北得意GO公寓大廈管理委員會,五股鄉四維路116之8號8樓,96股使字第0320號,96,0320,23.30823,120.274818
1,2007/11/02,慈林珍寶公寓大廈管理委員會,五股鄉御史路88號1樓,94股使字第0519號,94,0519,25.095064,121.440282
1,2007/11/27,龍騰公寓大廈管理負責人,五股鄉中興路一段195號,95股使字第0650號,95,0650,25.159953,121.540719
1,2008/01/23,翠林珍寶公寓大廈管理委員會,五股鄉御史路89號4樓,94股使字第0518號,94,0518,25.094536,121.440332
1,2008/01/04,龍鳳之星公寓大廈管理委員會,五股鄉民義路一段91號3樓,93股使字第0367號,93,0367,25.085785,121.434736
1,2008/01/30,賀眾公寓大廈管理負責人,五股鄉登林路98之1.2號,96股使字第0679號,96,0679,25.075244,121.415307
1,2008/02/21,福太公寓大廈管理委會,五股鄉成泰路三段543巷50-1號,74股使字第0023號,74,0023,25.102861,121.45008
1,2008/04/03,華納別墅公寓大廈管理委員會,五股鄉成泰路三段77巷2號,95股使字第0715號,95,0715,25.090154,121.44329
1,2008/06/12,金吉王管理負責人,五股鄉五工六路51號,97股使字第0062號,97,0062,25.066784,121.446023
1,2009/01/06,益睿科技大樓管理負責人,五股鄉成泰路3段6號,97股使字第0406號,97,0406,25.087516,121.441337
1,2009/05/15,源盛社區管理負責人,台北縣五股鄉五工五路14號,95股使字第084號,95,084,25.063777,121.453396
1,2009/07/03,春水禾田公寓大廈管理負責人,台北縣五股鄉成泰路一段7巷36－1號8樓,97股使字第791號,97,791,25.067167,121.432619
1,2009/07/06,京畿別墅A區管理負責人,台北縣五股鄉水碓五路118號,97股使字第420號,97,420,25.07251,121.430865
1,2009/07/30,希世企業大廈管理負責人,台北縣五股鄉五工路110號,98股使字第418號,98,418,25.066016,121.454995
1,2009/08/20,興瀚企業大樓管理負責人,台北縣五股鄉五權路61號,97股使字第676號,97,676,25.069545,121.453847
1,2009/09/14,綠地堡B區社區管理負責人,台北縣五股鄉民義路一段79－6號5樓,97股使字第445號,97,445,25.085166,121.435083
1,2009/09/28,綠地堡A區公寓大廈管理委員會,台北縣五股鄉民義路一段77號2樓,97股使字第566號,97,566,25.085267,121.435134
1,2009/12/02,寶馥別墅管理負責人,台北縣五股鄉水碓一路49號,98股使字第406號,98,406,25.071888,121.431265
1,2009/12/08,快樂GO管理委員會,台北縣五股鄉成泰路四段19號,98股使字第150號,98,150,25.107225,121.453506
1,2010/01/07,京畿別墅BD區管理委員會,台北縣五股鄉水碓二路18號2樓,97股使字第467號,97,467,25.072019,121.430167
1,2010/01/29,龍達廠辦管理負責人,台北縣五股鄉五工路138號,98股使字第753號,98,753,25.069652,121.450481
1,2010/02/04,箱根四季社區管理委員會,台北縣五股鄉水碓村35鄰水碓九路68號,97股使字第362號,97,362,25.072258,121.429413
1,2010/04/09,臻愛家園公寓大廈管理委員會,台北縣五股鄉御史路1巷71號2樓,98股使字第664號,98,664,25.09034,121.4408
1,2010/04/28,馨福吉邸公寓大廈管理委員會,台北縣五股鄉民義村15鄰民義路一段128號2樓,98股使字第685號,98,685,25.086027,121.434732
1,2010/05/26,陸光新城B社區管理委員會,台北縣五股鄉民義路一段185－2~25號,97股使字第386號,97,386,25.088011,121.431499
1,2010/05/26,陸光新城A社區管理委員會,台北縣五股鄉六合街49號2樓,97股使字第570號,97,570,25.089524,121.431346
1,2010/07/13,台北新天地大樓管理委員會,台北縣五股鄉成泰路三段2巷7號10樓,98股使字第553號,98,553,25.086421,121.441096
1,2010/11/22,京畿別墅C區管理委員會,新北市五股區水碓五路138號,97股使字第285號,97,285,25.072949,121.431117
1,2010/01/06,綠林大道管理委員會(補登資料),新北市五股區西雲路181－1號5樓,83股使字第1608號,83,1608,25.095437,121.447458
1,2011/01/19,樸園華廈管理委員會,新北市五股區水碓村35鄰水碓九路28號5樓,98股使字第620號,98,620,25.071809,121.428456
1,2011/01/19,好運來社區管理委員會,新北市五股區集賢里6鄰天乙路83號,82股使字第930號,82,930,25.104666,121.447861
1,2011/09/14,傑士堡公寓大廈管理委員會,新北市五股區御史路35巷45號,99股使字第384號,99,384,25.091737,121.441953
1,2011/09/09,築樂管理委員會,新北市五股區御史路33號,100股使字第129號,100,129,25.091564,121.441989
1,2012/06/26,科斯密管理委員會,新北市五股區五權五路20號,96股使字第710號,96,710,25.065273,121.45217
1,2012/06/27,希世社區管理委員會,新北市五股區五工路110號,98股使字第418號,98,418,25.066016,121.454995
1,2012/07/24,荔茂公寓大ㄒ砑管理委員會,新北市五股區五權七路38號,101股使字第054號,101,054,25.068826,121.450121
1,2012/08/23,集賢幸福莊管理委員會,新北市五股區凌雲路一段158巷40號,100股使字第409號,100,409,25.103839,121.447242
1,2013/01/28,錦里花園管理委員會,新北市五股區五福路146號,100股使字第093號,100,093,25.091418,121.432188
1,2013/02/07,科斯密大樓管理委員會,新北市五股區五權五路20號,96股使字第0710號,96,0710,25.065273,121.45217
1,2013/04/02,社區管理負責人余木連,"新北市五股區成泰路三段175,175-1號",102股使字第026號,102,026,25.105435,121.452579
1,2013/04/08,富麗宅公寓大廈管理委員會,新北市五股區水碓七路107號,100股使字第384號,100,384,25.073191,121.430578
1,2013/05/28,築園社區公寓大廈管理委員會,新北市五股區御史路1巷6號,101股使字第160號,101,160,25.08986,121.442364
1,2013/07/04,御寶二期公寓大廈管理委員會,新北市五股區凌雲路一段134巷2號等,101股使字第167號,101,167,25.102332,121.449867
1,2013/12/30,錦里花園管理委員會,新北市五股區五福路142號等,100股使字第093號,100,093,25.091332,121.432288
1,2014/01/20,幸福我家公寓大廈管理委員會,新北市五股區自強路70號等,102股使字第126號,102,126,25.073402,121.433117
1,2014/02/21,賀眾廠辦大樓管理負責人,新北市五股區五權三路32號等,102股使字第612號,102,612,25.06641,121.455215
1,2014/02/06,新市界社區管理委員會,新北市五股區凌雲路一段133巷27號等,102股使字第020號,102,020,25.100695,121.448766
1,2014/03/26,慶彬別墅管理負責人,新北市五股區水碓九路36號等,102股使字第603號,102,603,25.071871,121.428645
1,2014/03/17,未來之都1公寓大廈管理委員會,新北市五股區芳洲五路70號等,100股使字第697號,100,697,25.086454,121.445434
1,2014/03/26,水碓城堡別墅公寓大廈管理委員會,新北市五股區水碓一路56號等,102股使字第223號,102,223,25.073778,121.431836
1,2014/06/10,合新New Star世界之星社區管理委員會,新北市五股區新城八路68號等,102股使字第458號,102,458,25.089424,121.4467
1,2014/07/02,未來之都2公寓大廈管理委員會,新北市五股區芳洲八路90號等,103股使字第047號,103,047,25.087541,121.446449
1,2014/08/07,幸福啟典公寓大廈管理委員會,新北市五股區御史路1巷93至99號(單),103股使字第033號,103,033,25.090719,121.441053
1,2014/09/03,未來之都3摩納哥特區社區管理委員會,新北市五股區成泰路三段218號等,103股使字第120號,103,120,25.092846,121.446206
1,2014/10/22,力興公寓大廈,新北市五股區中興路二段68巷3之1至之3號,103股使字第211號,103,211,25.07757,121.461331
1,2014/11/13,(重覆)台北新桂林社區管理委員會,新北市五股區西雲路237至255號(單),81股使字第1126號,81,1126,25.097709,121.448804
1,2014/12/23,(重覆)音樂會公寓大廈管理委員會,新北市五股區西雲號112、116、118號,93股使字第443號,93,443,25.07081,121.429169
1,2015/04/27,金鑽別莊公寓大廈管理委員會,新北市五股區西雲路88巷12－9號,95股使字第045號,95,045,25.091574,121.444118
1,2015/05/01,荔禾廠區管理負責人,新北市五股區興珍里37鄰五權七路25號,103股使字第373號,103,373,25.067824,121.44888
1,2015/05/25,立信貴族公寓大廈管理負責人,新北市五股區凌雲路一段133巷36號,103股使字第402號,103,402,25.101092,121.44879
1,2015/06/01,璀璨之都米蘭特區社區管理委員會,新北市五股區成泰里芳洲一路65號12樓,103股使字第393號,103,393,25.086061,121.444841
1,2015/07/24,郭氏大樓管理委員會,新北市五股區成泰路2段147巷27號,103股使字第496號,103,496,25.086379,121.438764
1,2015/08/18,未來馥社區管理委員會,新北市五股區新城六路257號4樓,104股使字第91號,104,91,25.09352,121.447654
1,2015/10/28,維格餅家公寓大廈管理負責人,新北市五股區成泰路一段87號,100股使字第343號,100,343,25.068791,121.435019
1,2015/10/06,祥紅社區管理委員會,新北市五股區西雲路37號3樓,86股使字第559號,86,559,25.090736,121.443282
1,2015/09/25,景綻社區管理委員會,新北市五股區成洲一路21號15樓,104股使字第26號,104,26,25.095566,121.449423
1,2015/10/01,臻愛香榭公寓大廈管理委員會,新北市五股區登林路88號9樓,103股使字第474號,103,474,25.069476,121.429075
1,2016/01/20,勤樸天悅大樓,新北市五股區新城三路41號,104股使字第201號,104,201,25.093633,121.44816
1,2016/01/28,全坤尊峰公園館公寓大廈,新北市五股區芳洲路49號,104股使字第372號,104,372,25.083468,121.441974
1,2016/02/05,全坤尊峰世紀館管理委員會,新北市五股區芳洲一路18號,104股使字第00438號,104,00438,25.085526,121.44347
1,2016/02/25,貝斯美德管理負責人,新北市五股區五工三路106巷5號,103股使字第00456號,103,00456,25.067655,121.456908
1,2016/03/24,全坤尊峰微風館公寓大廈(社區),新北市五股區新城八路1號,104股使字第00468號,104,00468,25.089112,121.447485
1,2016/04/15,臻美大廈管理委員會,新北市五股區新五路二段373號,104股使字第00295號,104,00295,25.088481,121.444036
1,2016/04/28,蘇黎市公寓大廈管理委員會,新北市五股區芳洲八路172號,104股使字第00015號,104,00015,25.089009,121.446879
1,2016/05/16,成泰雅築公域大廈管理委員會,新北市五股區成泰路一段197號,85股使字第122號,85,122,25.07668,121.435019
1,2016/06/24,鄉林靜朗社區管理委員會,新北市五股區新五路二段588號,104股使字第00335號,104,00335,25.086081,121.443478
1,2016/09/09,伯爵花園公寓大廈管理委員會,新北市五股區芳洲二路118號,104股使字第00370號,104,00370,25.087281,121.445091
1,2016/10/21,常鑫匯管理委員會,新北市五股區成泰路三段350-362號,105股使字第00296號,105,00296,25.098776,121.450652
1,2016/11/02,仁和公寓大廈管理委員會,新北市五股區凌雲路1段158巷48弄9-11號,104股使字第00348號,104,00348,25.10414,121.447413
1,2016/12/16,觀邸世家社區管理委員會,新北市五股區四維路135巷8號,105股使字第00267號,105,00267,25.074853,121.467164
1,2016/12/30,六福新台北大樓管理委員會,新北市五股區興珍里35鄰五權五路27號,86股使字第1304,86,1304,25.065646,121.451817
1,2016/12/05,力業成家管理委員會,新北市五股區成泰路三段577巷80弄96號,105股使字第00262號,105,00262,25.104915,121.449322
1,2017/01/13,九揚華茲堡社區管理委員會,新北市五股區新五路2段251號等,105股使字第00170號,105,00170,25.085328,121.442214
1,2017/02/24,松林福星社區管理委員會,新北市五股區御史路74號等,82股使字第00369號,82,00369,25.094725,121.4413
1,2017/03/22,荔華廠區管理負責人,新北市五股區五權路62號等,105股使字第00412號,105,00412,25.069447,121.455108
1,2017/03/29,全聯五股作業廠管理負責人,新北市五股區五工六路35號等,105股使字第00541號,105,00541,25.063949,121.447378
1,2017/04/27,德麥食品(股)有限公司管理負責人,新北市五股區五權五路31號等,106股使字第00075號,106,00075,25.065971,121.45208
1,2017/09/05,永筑公寓大廈管理委員會,新北市五股區芳洲路67號等,106股使字第00321號,106,00321,25.084057,121.442689
1,2017/09/14,傳奇大院社區管理委員會,新北市五股區民義路一段101號 ,101股使字第00477號,101,00477,25.085927,121.434403
1,2017/09/18,碧苑公寓大廈管理負責人,新北市五股區水碓七路111號等,104股使字號00423號,104,00423,25.073591,121.430732
1,2017/09/21,金站大廈管理委員會,新北市五股區凌雲路一段116巷2弄1號等,105股使字第00068號,105,00068,25.102105,121.450573
1,2017/10/17,東貝光電五股大樓管理負責人,新北市五股區五工六路49號,106股使字第00041號,106,00041,25.066255,121.445987
1,2017/11/30,夏綠第公寓大廈管理委員會,新北市五股區自強路170號,106股使字第00150號,106,00150,25.069603,121.431929
1,2017/12/12,成泰邑都公寓管理委員會,新北市五股區成泰路三段65巷1號1樓,69股使字第00703號,69,00703,25.089859,121.443173
1,2018/02/13,璞麗公寓大廈管理委員會,新北市五股區芳洲二路140號4樓,105股使字第00257號,105,00257,25.088156,121.445897
1,2018/03/01,一芳洲社區管理委員會,新北市五股區成泰里1鄰芳洲五路3號等,103股使字第00454號,103,00454,25.086627,121.44578
1,2018/03/07,世界馥公寓大廈管理委員會,新北市五股區成功里1鄰成泰路3段286號等,104股使字第00525號,104,00525,25.094366,121.447542
1,2018/03/31,MY FUN社區管理委員會,新北市五股區成泰路1段61巷22至32號,106股使字第00506號,106,00506,25.067829,121.433251
1,2018/04/02,御璽社區管理委員會,新北市五股區成泰里6鄰新五路三段13號等,105股使字第00077號,105,00077,25.089084,121.445069
1,2018/05/17,春城ONE公寓大廈管理委員會,新北市五股區成泰里芳洲二路30號2樓,106股使字第00044號,106,00044,25.086084,121.444311
1,2018/05/23,高第社區管理委員會,新北市五股區成功里1鄰新城路3段25號等,106股使字第00149號,106,00149,25.091259,121.444907
1,2018/03/01,五股富貴家園管理委員會,新北市五股區民義路1段134至136號(雙),87股使字第00071號,87,00071,25.086507,121.434455
1,2018/06/15,青逸社區管理委員會,新北市五股區成泰里新城一路18號,106股使字第00481號,106,00481,25.083863,121.440917
1,2018/09/26,上河苑社區管理委員會,新北市五股區新城六路263號,105股使字第00302號,105,00302,25.093408,121.447924
1,2018/10/03,微美小丘社區管理委員會,新北市五股區成泰里26鄰御史路80-6號2樓 ,106股使字第00466號,106,00466,25.095096,121.440695
1,2018/11/20,晴空SKY1社區管理委員會,新北市五股區新五路3段151號,106股使字第00322號,106,00322,25.092358,121.447456
1,2018/11/05,宏筑公寓大廈管理委員會,新北市五股區新五路2段327~337號(單號),107股使字第00055號,107,00055,25.090291,121.444556
1,2018/12/21,星光道社區管理委員會,新北市五股區成洲五路40號,106股使字第00473號,106,00473,25.102129,121.452871
1,2019/02/21,新五綻公寓大廈管理委員會,新北市五股區新五路三段220號,106股使字第00406號,106,00406,25.09033,121.446625
1,2019/04/09,樂HOUSE社區管理委員會,新北市五股區芳洲一路21~35號(單),106股使字第00106號,106,00106,25.085877,121.445094
1,2019/04/29,樂活人笙公寓大廈管理委員會,新北市五股區御史路1巷43號等,107股使字第00447號,107,00447,25.089829,121.440661
1,2019/04/29,小宅革命A區公寓大廈管理委員會,新北市五股區水碓五路2~10號(雙),106股使字第00568號,106,00568,25.073899,121.431203
1,2019/05/13,微美嵐公寓大廈管理委員會,新北市五股區御史路60之2號,107股使字第00365號,107,00365,25.094543,121.441533
1,2019/05/30,合新合心社區管理委員會,新北市五股區新五路3段2至38號(雙),105股使字第00414號,105,00414,25.087427,121.444362
1,2019/05/30,集福天下B棟社區管理委員會,新北市五股區成泰路3段577巷128號6樓,84股使字第01366號,84,01366,25.104324,121.448414
1,2019/07/10,龍漢工業大樓管理負責人(1080927補登),新北市五股區興珍里036鄰五權三路11號 ,107股使字第00223號,107,00223,25.063333,121.451823
1,2019/09/16,小宅革命B區公寓大廈管理委員會,新北市五股區水碓五路3號3樓 ,107股使字第00066號,107,00066,25.070636,121.42764
1,2019/10/05,意城公寓大廈管理委員會,新北市五股區御史路1巷16號,107股使字第00403號,107,00403,25.090475,121.441518
1,2019/08/30,林宏達管理負責人(1081023補登),新北市五股區水碓村30鄰水碓三路42號 ,097股使字第00550號,097,00550,25.072447,121.431423
1,2019/10/05,豐莊餐飲管理負責人,新北市五股區新五路3段25號,107股使字第00342號,107,00342,25.089537,121.44548
1,2019/10/24,上河園社區管理委員會,新北市五股區新城八路2號,106股使字第00005號,106,00005,25.089357,121.4475
1,2019/10/29,裕日公寓大廈管理負責人,新北市五股區五權路38號,106股使字第00340號,106,00340,25.067606,121.451269
1,2019/07/26,"閑晴釀社區管理委員會(1081203先行補登,缺漏欄位,待公所將資料上傳營建署網站後補登)",新北市五股區水碓九路76號,103股使字第00339號,103,00339,25.07231,121.429497
1,2020/01/13,水沐芳華社區管理委員會,新北市五股區新五路2段570號,107股使字第00142號,107,00142,25.085796,121.443387
1,2020/02/04,幸福樂公寓大廈管理委員會,新北市五股區成德里成泰路3段520號等,107股使字第00485號,107,00485,25.102633,121.452457
1,2019/08/12,心綠洲社區管理委員會-1090409補登,新北市五股區成泰路三段577巷80弄97號,108股使字第00039號,108,00039,25.104858,121.449417
1,2020/05/22,思夢樂五股管理負責人,新北市五股區新五路3段116號,108股使字第00342號,108,00342,25.088712,121.445314
1,2020/05/22,小宅革命C區公寓大廈管理委員會,新北市五股區登林路96號,108股使字第00055號,108,00055,25.069852,121.428451
1,2020/07/13,九揚薩爾茲堡公寓大廈管理委員會,新北市五股區新五路2段622號5樓,108股使字第00296號,108,00296,25.089606,121.44456
1,2020/08/17,吉峻星宇管理委員會,新北市五股區成泰路1段189巷48號5樓之1,108股使字第00386號,108,00386,25.076326,121.432727
1,2020/11/22,聿科廠區管理負責人,新北市五股區五權路53號,108股使字第00199號,108,00199,25.069227,121.453154
1,2020/12/21,吉品管理委員會,新北市五股區凌雲路1段156巷23號4樓,109股使字第00167號,109,00167,25.102795,121.449703
1,2020/12/21,悠生活管理委員會,新北市五股區登林路106巷6-1號7樓,107股使字第00147號,107,00147,25.070954,121.427099
1,2020/12/24,星光道Ⅱ管理委員會,新北市五股區成洲五路16-3號9樓,109股使字第00186號,109,00186,25.10143,121.45258
1,2020/12/29,山隆管理負責人,新北市五股區芳洲八路100號,109股使字第00407號,109,00407,25.087769,121.44661
1,2021/01/01,金崙華廈管理委員會,新北市五股區成泰路1段229之1-6樓,85股使字第1168號,85,1168,25.066478,121.433485
1,2021/01/23,祥潤峰邑社區管理委員會,新北市五股區成泰路3段338號12樓,108股使字第00281號,108,00281,25.098295,121.450813
1,2021/03/20,麗寶微風天地社區管理委員會,新北市五股區新五路3段282號,108股使字第00096號,108,00096,25.090585,121.44721
1,2021/03/22,橋登公寓大廈管理負責人,新北市五股區五工路142號,110股使字第00017號,110,00017,25.070157,121.449873
1,2021/03/23,心天畝社區管理委員,新北市五股區水碓七路5-1號1樓,109股使字第00354號,109,00354,25.071527,121.428422
1,2021/04/07,春城韻公寓大廈管理委員會,新北市五股區新五路2段247號,109股使字第00024號,109,00024,25.085163,121.44219
1,2021/04/14,觀音山妙雲寺管理負責人,新北市五股區凌雲路3段73號,109股使字第00399號,109,00399,25.121661,121.424409
1,2021/04/16,拾羨公寓大廈管理委員會,新北市五股區成功里1鄰新五路三段149號3樓,109股使字第00288號,109,00288,25.091726,121.446851
1,2021/06/13,漢特綠邸社區管理委員會,新北市五股區凌雲路1段158巷57弄22號,109股使字第00386號,109,00386,25.104911,121.44712
1,2021/09/14,大河琉御社區管理委員會,新北市五股區新五路3段302-340號,110股使字第59號,110,59,25.091078,121.447227
1,2021/10/08,觀景雅築公寓大廈管理負責人,新北市五股區成泰路4段22巷13號2樓,110股使字第253號,110,253,25.107194,121.454257
1,2021/11/22,劉府管理負責人,新北市五股區水碓五路16號,110股使字第377號,110,377,25.070822,121.427995
1,2021/11/29,登林苑社區管理委員會,新北市五股區登林路79號,110股使字第144號,110,144,25.070246,121.427833
1,2021/11/22,森詠社區管理委員會,新北市五股區五福路100巷11號,105股使字第371號,105,371,25.090935,121.432816
1,2021/12/29,大河琉御店鋪戶管理負責人,新北市五股區新五路3段302號,110股使字第059號,110,059,25.091078,121.447227
1,2022/01/02,神采飛洋社區管理委員會,新北市五股區新城六路167號,110股使字第166號,110,166,25.09179,121.446634
1,2011/04/20,蘭庭大廈管理委員會,新北市永和區民權路36巷6號2樓,96永使字第637號,96,637,24.999019,121.519758
1,2011/06/03,樺福水悅管理委員會,新北市永和區河堤里13鄰環河西路一段83號9樓之1,99永使字第290號,99,290,25.017976,121.512754
1,2011/05/30,秀朗名第公寓大廈管理委員會,新北市永和區秀朗路一段150巷1弄8號2樓,99永使字第255號,99,255,25.003029,121.518593
1,2011/05/06,永基香榭華廈管理委員會,新北市永和區得和路241號6樓,77永使字第1485號,77,1485,25.000223,121.520352
1,2011/06/27,東煒大和公寓大廈管理委員會,新北市永和區林森路130號13樓,100永使字第059號,100,059,25.003226,121.522009
1,2011/07/05,愛丁堡中正廣場大廈管理委員會,新北市永和區中正路391巷1號7樓之1,77永使字第1046號,77,1046,25.003955,121.517087
1,2011/07/13,懷石大雅管理委員會,新北市永和區中正路465巷28號,99永使字第453號,99,453,25.005966,121.516184
1,2011/07/13,懷石小品管理委員會,新北市永和區秀朗路一段139巷23號,99永使字第239號,99,239,25.005027,121.516856
1,2011/07/20,樂華吉富大廈管理委員會,新北市永和區永貞路180號5樓,80永使字第505號,80,505,25.004353,121.516345
1,2011/09/02,新永和社區管理委員會,新北市永和區保福路二段133巷40號,100永使字第00181號,100,00181,25.013539,121.508567
1,2011/10/06,新時代管理委員會,新北市永和區中山路一段38號,99永使字第380號,99,380,25.010687,121.513409
1,2011/11/24,京兆大廈管理委員會,新北市永和區永和路二段74號,81永使字第1303號,81,1303,25.011201,121.514968
1,2012/10/14,仁愛閣園管理委員會(補登資料),新北市永和區仁愛路299巷16號,95永使字第110號,95,110,25.007449,121.504234
1,2012/11/12,昇之暉大廈管理委員會,新北市永和區自強街18巷5號,101永使字第380號,101,380,25.007745,121.515271
1,2012/11/13,志園大廈管理委員會,新北市永和區永貞路287巷5號,84永使字第1539號,84,1539,25.004908,121.510579
1,2012/11/14,竹林苑公寓大廈管理委員會,新北市永和區竹林路75巷17號,100永使字第316號,100,316,25.013902,121.519882
1,2012/12/13,銀河星光大廈管理委員會,新北市永和區福和路345號,101永使字第279號,101,279,25.007114,121.515396
1,2013/04/09,仁愛崇法大廈管理委員會,新北市永和區仁愛路37號,79永使字第281號,79,281,25.013335,121.514095
1,2013/04/26,名流大廈管理委員會,新北市永和區永平路170號,75永使字第1977號,75,1977,25.009042,121.510746
1,2013/04/08,雍河院管理委員會,新北市永和區保福路二段88巷17~23號,101永使字第437號,101,437,25.013608,121.511951
1,2013/05/14,華金名園住戶管理委員會,新北市永和區中和路385號,85永使字第752號,85,752,25.000098,121.508621
1,2013/05/09,永平新鑽大廈管理委員會,新北市永和區永平路181號等,85永使字第790號,85,790,25.009218,121.510306
1,2013/06/24,雍河院管理委員會,新北市永和區保福路二段88巷17號等,101永使字第437號,101,437,25.013681,121.511358
1,2013/07/05,信義華廈管理委員會,新北市永和區信義路17巷16號等,82永使字第1027號,82,1027,25.011434,121.513598
1,2013/07/30,御庭大廈管理委員會,新北市永和區中正路587號等,78永使字第999號,78,999,25.009226,121.516589
1,2013/07/08,宏昌大樓管理委員會,新北市永和區竹林路52號等,72永使字第210號,72,210,25.014021,121.517798
1,2013/09/24,仁愛臻堡管理負責人,新北市永和區仁愛路282巷16號等,101永使字第193號,101,193,25.008941,121.503258
1,2013/09/03,永和中正名門管委會,新北市永和區中正路700號等,84永使字第1024號,84,1024,25.009927,121.516375
1,2013/09/06,慈雲大廈住戶管理委員會,新北市永和區竹林路119巷25弄2號等,65永使字第1435號,65,1435,25.012045,121.521029
1,2013/10/16,漢宗大樓管理負責人,新北市永和區永和路一段62號等,81永使字第035號,81,035,25.005939,121.513109
1,2013/11/29,尊貴千富大廈管理委員會,新北市永和區保平路33號等,102永使字第191號,102,191,25.007268,121.512125
1,2013/11/19,御極賞社區管理委員會,新北市永和區中山路一段269號等,101永使字第436號,101,436,25.007207,121.507318
1,2013/12/19,福和園公寓大廈管理委員會,新北市永和區福和路221號等,81永使字第074號,81,074,25.007466,121.518893
1,2014/01/29,永安一品社區管理委員會,新北市永和區水源街2巷9號等,100永使字第536號,100,536,25.005617,121.512178
1,2014/01/09,富田興社區管理委員會,新北市永和區中正路614號等,102永使字第234號,102,234,25.007618,121.517039
1,2014/02/18,水源好宅公寓管理委員會,新北市永和區水源街40號,63永使字第477號,63,477,25.004541,121.510729
1,2014/04/28,永利臻園大廈管理委員會,新北市永和區永利路96號等,102永使字第605號,102,605,25.003589,121.520939
1,2014/05/26,富玉一品管理委員會,新北市永和區永和路二段293號等,102永使字第581號,102,581,25.015964,121.51593
1,2014/06/10,長堤寶石管理負責人,新北市永和區成功路一段93巷16及18號,88永使字第045號,88,045,25.002666,121.527796
1,2014/06/30,中正御邸管理委員會,新北市永和區永和路二段419號等,103永使字第008號,103,008,25.017547,121.515158
1,2014/07/24,信義雙星公寓大廈管理委員會,新北市永和區信義路25巷30弄9號等,103永使字第050號,103,050,25.011973,121.512476
1,2014/07/08,大都會名廈守望相助管理委員會,"新北市永和區中山路一段25,27號及17巷4弄2-10(雙)號",82永使字第263號,82,263,25.010224,121.513582
1,2014/07/01,永和成家管理負責人,新北市永和區安樂路72巷5號等,100永使字第338,100,338,24.998702,121.514985
1,2014/08/11,永基香榭華廈第二期乙棟管理委員會,"新北市永和區得和路245,247,247之1至之3號",78永使字第1541號,78,1541,25.000084,121.520771
1,2014/10/15,忠孝麟居公寓大廈管理委員會,新北市永和區忠孝街11號等,102永使字第588號,102,588,25.015702,121.514705
1,2014/11/07,中信豪門大廈管理委員會,新北市永和區福和路27至33號(單)等,70永使字第722號,70,722,25.008057,121.52372
1,2014/12/10,仁愛101大廈管理委員會,新北市永和區仁愛路87至99號等,102永使字第437號,102,437,25.013155,121.512693
1,2015/02/04,永安台北管理委員會,新北市永和區雙和街27號,103永使字第397號,103,397,25.002167,121.509056
1,2015/02/12,豪景天下公寓大廈管理委員會,新北市永和區永貞路228至240號等,79永使字第1594號,79,1594,25.003954,121.514705
1,2015/03/16,台北U2公寓大廈管理委員會,新北市永和區復興街102號,103永使字第242號,103,242,25.013756,121.517454
1,2015/05/01,福和一品公寓大廈管理委員會,新北市永和區福和路309巷14弄20號,101永使字第453號,101,453,25.006706,121.515693
1,2015/04/30,百創雙和公寓大廈管理委員會,新北市永和區雙和街17巷6號,103永使字第275號,103,275,25.001823,121.509208
1,2015/04/17,北城商業大樓管理負責人,新北市永和區民權路53號,90永使字第053號,90,053,24.996815,121.520026
1,2015/05/28,中信大樓公寓大廈管理委員會,新北市永和區竹林路45號,72永使字第103號,72,103,25.014043,121.518067
1,2015/06/03,樹琴公寓大廈管理委員會,新北市永和區中正路738號8樓之2,104永使字第069號,104,069,25.010269,121.515243
1,2015/08/31,捷運新都星管理委員會,新北市永和區信義路20號,104永使字第49號,104,49,25.012302,121.514111
1,2015/10/06,同國富大廈管理委員會,新北市永和區中山路一段1號8樓,103永使字第435號,103,435,25.010202,121.514314
1,2015/12/16,文化公寓管理委員會,新北市永和區文化路113巷8弄2號3樓,68永使字第142號,68,142,25.014782,121.512807
1,2015/12/07,捷洋天湛社區管委會,新北市永和區環河西路一段13號13樓,103永使字第0001號,103,0001,25.018004,121.514536
1,2015/12/02,慕林大樓管理委員會,新北市永和區雙和街7巷11號1樓,103永使字第216號,103,216,25.001369,121.509451
1,2016/03/17,福和大廈管理委會,新北市永和區永寧街73號,63永使字第880號,63,880,25.006788,121.519617
1,2016/03/24,怡心園公寓大廈管理委員會,新北市永和區中正路618號,104永使字第00459號,104,00459,25.007739,121.517061
1,2016/05/18,首曜社區管理委員會,新北市永和區豫溪街,104永使字第00012號,104,00012,25.009831,121.514798
1,2016/09/12,博愛麗苑管理委員會,新北市永和區博愛街19-1號,104永使字第00259號,104,00259,25.015886,121.517546
1,2016/12/12,漢皇德居社區管理委員會,永和區秀朗路二段76號新北市,102永使字第00391號,102,00391,25.001607,121.522938
1,2016/12/05,公園瀞社區管理委員會,新北市永和區安樂路272巷9弄2號,103永使字第00336號,103,00336,25.004456,121.515109
1,2017/01/06,永信華廈管理委員會,新北市永和區信義路25巷9號等,76永使字第01418號,76,01418,25.011948,121.513544
1,2017/01/16,永和苑公寓大廈管理委員會,新北市永和區保福路二段111號等,104永使字第00416號,104,00416,25.013414,121.510112
1,2017/03/09,國豐皇邸公寓大廈管理委員會,新北市永和區永貞路72號等,80永使字第00866號,80,00866,25.005334,121.520236
1,2017/08/30,竹友大廈管委會,新北市永和區竹林路75巷51號等,85永使字第01453號,85,01453,25.014422,121.521131
1,2017/09/13,吉美一品花園大樓管理委員會 ,新北市永和區竹林路68、70號,105永使字第00344號,105,00344,25.008025,121.520919
1,2017/10/05,大和公寓大廈管理委員會 ,新北市永和區仁愛路2段292~298號等,106永使字第00051號,106,00051,25.007449,121.503252
1,2017/10/31,敦南一品花園大樓管理委員會,新北市永和區民有街67巷7~15號,105永使字第00542號,105,00542,24.996544,121.518084
1,2017/07/19,永祥大廈管理委員會,新北市永和區福和路90~96號,68永使字第03507號,68,03507,25.006228,121.517204
1,2017/12/22,吉祥貴族新廈管理委員會 ,新北市永和區中山路1段110號,79永使字第01513號,79,01513,25.010369,121.510778
1,2018/01/22,裕泰新(?系統鍵入)公寓大廈管理委員會 ,新北市永和區秀朗路2段117~129號、115巷2弄,62永使字第01738號,62,01738,25.001809,121.52533
1,2018/03/06,天城喜公寓大廈管理委員會 ,新北市永和區安樂路100巷22號,107永使字第00004號,107,00004,24.998788,121.515034
1,2018/04/11,仁愛富達社區管理委員會 ,新北市永和區仁愛路306巷62~76號,106永使字第00510號,106,00510,25.009585,121.501707
1,2018/06/07,福砌社區管理委員會 ,新北市永和區保安路105巷9、11、13、18號,106永使字第00080號 105永使字第00479號,106,00080,25.014119,121.508906
1,2018/09/04,金富臻品社區公寓大廈管理委員會 ,新北市永和區中山路1段128巷8號,106永使字第00181號,106,00181,25.01031,121.510039
1,2018/09/07,永和磐鼎天畝管委會 ,新北市永和區安樂路194巷13號、15號,107永使字第00060號,107,00060,25.001072,121.515645
1,2018/11/13,(又又)和社區管理負責人 ,新北市永和區雙和街6巷9、11號,055永使字第00121號,055,00121,25.001982,121.510022
1,2018/12/04,遇見幸福社區管理委員會 ,新北市永和區安樂路94號,107永使字第00165號,107,00165,24.998999,121.514318
1,2018/12/27,龍鳳大樓龍座管理委員會 ,新北市永和區竹林路179巷2號,61永使字第00725號,61,00725,25.009737,121.52079
1,2019/01/18,廣宇晴朗社區管理委員會,新北市永和區秀朗路2段101至109號,107永使字第00045號,107,00045,25.001714,121.523732
1,2019/05/20,朗廂公寓大廈管理委員會,新北市永和區秀朗路1段220巷3號、3-1號、5號,107永使字第00377號,107,00377,25.002908,121.52019
1,2019/06/11,永和荷悅社區管理委員會,新北市永和區永利路137-1號1樓,106永使字第00290號,106,00290,25.003571,121.523917
1,2019/06/19,仁愛大廈管理委員會(老舊社區申請成立),新北市永和區仁愛路24號C之1,71永使字第02123號,71,02123,25.0136,121.514724
1,2019/06/20,新竹林公寓管理委員會(老舊社區申請成立),"新北市永和區竹林路109巷6號3F(未附使照,以地址查)",61永使字第01049號,61,01049,25.011866,121.520208
1,2019/07/23,學府華廈管理委員會,新北市永和區竹林路91巷47弄15號1樓,071永使字第01142號,071,01142,25.012858,121.520707
1,2019/08/08,易晨家社區公寓大廈管理委員會,新北市永和區保福路2段115號,106永使字第00474號,106,00474,25.013511,121.510037
1,2019/08/14,仁愛麗晶管理委員會,新北市永和區仁愛路306巷50號,108永使字第00145號,108,00145,25.009307,121.502227
1,2019/09/23,真善美大廈A棟管理委員會,新北市永和區竹林路179巷4-12號(雙)，191巷5-11號(單),065永使字第02408號,065,02408,25.009737,121.520934
1,2019/10/18,永愛社區管理委員會,新北市永和區仁愛路109巷4號,068永使字第02106號,068,02106,25.012733,121.512294
1,2019/11/04,博愛名邸社區管理委員會,新北市永和區博愛街32巷12號6樓,105永使字第00200號,105,00200,25.015346,121.518764
1,2020/01/08,優仕貴閣社區管理委員會,新北市永和區博愛街20巷1號5樓,077永使字第01191號,077,01191,25.015761,121.518013
1,2020/04/07,吉明秀管理委員會,新北市永和區秀朗路二段133號1樓,108永使字第00292號,108,00292,25.001674,121.524544
1,2020/05/12,永和皇家翡翠清江大廈管理委員會,新北市永和區永元路89號7樓,084永使字第00946號,084,00946,25.001563,121.522278
1,2020/06/15,安樂龍庭大廈管理負責人,新北市永和區安樂路461號3樓,080永使字第00834號,080,00834,25.005189,121.514202
1,2020/07/07,銀河社區管理委員會,新北市永和區秀朗路二段11號,078永使字第00398號,078,00398,25.002858,121.52091
1,2020/08/07,久泰逸品管理委員會,新北市永和區環河東路一段60號,108永使字第00406號,108,00406,25.016787,121.51895
1,2020/09/25,勝開大地公寓大廈管理委員會,新北市永和區永平路318-380號,109永使字第00133號,109,00133,25.013112,121.506719
1,2020/10/28,秀林大廈管理委員會,永和區中興街29巷2~20號,66永使字第2566號,66,2566,25.012304,121.516392
1,2021/01/14,仁愛柏麗社區管理委員會,新北市永和區永平路302巷2弄2號,108永使字第00182號,108,00182,25.012511,121.507676
1,2021/03/19,三普豪門大廈管理委員會,新北市永和區保生路5巷1至7號,81永使字第324號,81,324,25.006891,121.505905
1,2021/04/26,馨苑公寓大廈管理委員會,新北市永和區保平路176號,109永使字第00383號,109,00383,25.006736,121.51078
1,2021/04/29,經貿王朝大廈管理委員會,永和區保生路1號1~13樓,81永使字第324號,81,324,25.007144,121.506474
1,2021/05/02,英輝中山公寓大廈管理委員會,新北市永和區中山路1段19號,109永使字第00240號,109,00240,25.010344,121.513752
1,2021/05/12,自由家管理委員會,新北市永和區自由街51號5樓之4,80永使字第1431號,80,1431,25.00571,121.513887
1,2021/06/16,天佑吉星大廈管理委員會,新北市永和區中興街73號3樓,70永使字第585號,70,585,25.01178,121.517031
1,2021/07/10,得和華廈管理委員會,新北市永和區得和路103號1樓,85永使字第984號,85,984,25.000319,121.518174
1,2021/07/13,家和公寓大廈管理委員會,新北市永和區和平街30號5樓,110永使字第00055號,110,00055,25.009983,121.513353
1,2021/11/23,漢皇美緹公寓大廈管理委員會,新北市永和區環河東路2段42號,109永使字第404號,109,404,25.012108,121.52288
1,2021/12/16,三輝雙子星社區管理委員會,新北市永和區仁愛路248號1樓,108永使字第069號,108,069,25.009105,121.504703
1,2021/12/28,築鄰書香大樓管理委員會,新北市永和區竹林路21號4樓之1,88永使字第1095號,88,1095,25.014942,121.517004
1,2022/01/27,永盈世紀公寓大廈管理委員會,新北市永和區得和路102號,109永使字第355號,109,355,25.000067,121.518013
1,2020/10/19,海灣新城公寓大廈,新北市石門區德茂里海灣新城6號~40號,65石使字第2510號,65,2510,25.284931,121.525228
1,1997/01/06,南天麗園管理委員會,汐止市水源路二段36巷9~15－(單)號,84汐使字第 0480 號,84,0480,25.056452,121.654449
1,1997/01/08,紅對綠三期管理委員會,汐止市樟樹一路187~219－(單)號,85汐使字第 0291 號,85,0291,25.064451,121.641991
1,1997/02/04,世貿親家管理委員會,汐止市樟樹一路145巷2~12－(雙)號,84汐使字第 0022 號,84,0022,25.068445,121.641892
1,1997/03/05,健弘新世界劍橋特區管理委員會,汐止市樟樹二路279~285－(單)號,85汐使字第 0199 號,85,0199,25.060272,121.640266
1,1997/03/18,宏國大鎮管理委員會,汐止市大同路二段285號1樓,84汐使字第 0190 號,84,0190,25.066013,121.653908
1,1997/03/21,非常台北鑽石區管理委員會,汐止市大同路二段687巷92弄16號,85汐使字第 1525 號,85,1525,25.072337,121.664962
1,1997/03/24,非常台北翡翠區管理委員會,汐止市大同路二段687巷92弄31~59－(單)號,85汐使字第 1526 號,85,1526,25.072337,121.664962
1,1997/03/24,翡翠晶鑽管理委員會,汐止市康寧街3.5號,85汐使字第 0170 號,85,0170,25.066931,121.618359
1,1997/03/25,世電你和我管理委員會,汐止市福德二路156巷58號,85汐使字第 0139 號,85,0139,25.066046,121.629914
1,1997/04/02,健弘新世界牛津社區管理委員會,汐止市樟榯二路251巷12~32－(雙)號,84汐使字第 0662 號,84,0662,25.067373,121.640047
1,1997/04/23,鶴之湖大廈管理委員會,汐止市湖前街7~29－(單)號,83汐使字第 1474 號,83,1474,25.068885,121.632197
1,1997/04/23,大湖科學園區第三期管理委員會,汐止市康寧街169巷21.23.25號,84汐使字第 0882 號,84,0882,25.070643,121.622998
1,1997/04/23,人情味小鎮A區管理委員會,汐止市福德一路37巷131弄11~27－(單)號1~16樓,85汐使字第 0354 號,85,0354,25.064427,121.630348
1,1997/04/26,逸林園管理委員會,汐止市水源路二段283巷2~10－(雙)號,74汐使字第 0539 號,74,0539,25.049992,121.659719
1,1997/04/29,日出花園管理委員會,汐止市忠孝東路284巷25弄1~25－(單)號,84汐使字第 1618 號,84,1618,25.068154,121.664473
1,1997/04/29,比佛利山莊管理委員會,汐止市國興街16巷6號,85汐使字第 0909 號,85,0909,25.043575,121.620178
1,1997/05/03,伯爵山莊三代公寓管理委員會,汐止市伯爵街12巷22弄1至15－(單)號,78汐使字第 0106 號,78,0106,25.07702,121.64236
1,1997/07/08,潤泰陽光新廈管理委員會,汐止市莊敬街126~130－(雙)號,84汐使字第 1493 號,84,1493,25.060713,121.656845
1,1997/10/14,佳人佳園管理委員會,汐止市福德一路22號,85汐使字第 1186 號,85,1186,25.069316,121.638546
1,1997/10/29,五峰山莊管理委員會,新店市五峰路63巷8弄1-106號,70汐使字第 4258 號,70,4258,24.826423,121.763341
1,1997/11/06,綠野山坡管理委員會,汐止市東勢街212.214號,78汐使字第 1599 號,78,1599,25.04126,121.636343
1,1997/11/06,綠野山坡管理委員會,汐止市東勢街216巷2弄1.3.4.5號,79汐使字第 0027 號,79,0027,25.042075,121.634818
1,1997/11/06,綠野山坡管理委員會,汐止市東勢街226~248－(雙)號,79汐使字第 1580 號,79,1580,25.040132,121.626653
1,1997/11/06,綠野山坡管理委員會,汐止市東勢街215巷1弄9~17－(單)號,79汐使字第 0176 號,79,0176,25.042536,121.634536
1,1997/11/06,綠野山坡管理委員會,汐止市東勢街20弄15.17號,79汐使字第 0200 號,79,0200,25.038368,121.624879
1,1997/11/06,綠野山坡管理委員會,汐止市東勢街250~266－(雙)號,79汐使字第 0201 號,79,0201,25.040132,121.626653
1,1997/11/06,綠野山坡管理委員會,汐止市東勢街215巷1弄2號,79汐使字第 0441 號,79,0441,25.042676,121.634373
1,1997/11/06,綠野山坡管理委員會,汐止市東勢街216巷2弄6.8.10.12號,79汐使字第 0506 號,79,0506,25.042075,121.634818
1,1997/11/06,綠野山坡管理委員會,汐止市東勢街213號,79汐使字第 0579 號,79,0579,25.0424,121.634591
1,1997/11/06,綠野山坡管理委員會,汐止市東勢街215巷4~6－(雙)號,80汐使字第 1136 號,80,1136,25.04295,121.634522
1,1997/11/06,綠野山坡社區管理委員會,汐止市東勢街207號,80汐使字第 1440 號,80,1440,25.042148,121.63417
1,1997/11/06,綠野山坡管理委員會,汐止市東勢街216巷4弄7~13－(單)號,80汐使字第 0164 號,80,0164,25.041708,121.634901
1,1997/11/06,綠野山坡管理委員會,汐止市東勢街216巷7弄4號,80汐使字第 0567 號,80,0567,25.041319,121.635992
1,1997/11/06,綠野山坡管理委員會,汐止市東勢街225~233－(單)號,81汐使字第 1097 號,81,1097,25.040132,121.626653
1,1997/11/06,綠野山坡管理委員會,汐止市東勢街215巷2弄14.16.18號,81汐使字第 1423 號,81,1423,25.042673,121.634736
1,1997/11/06,綠野山坡管理委員會,汐止市東勢街215巷2弄15.17.19號,81汐使字第 0448 號,81,0448,25.042673,121.634736
1,1997/11/06,綠野山坡管理委員會,汐止市東勢街216巷11.13號,82汐變 字第 0095 號,82,0095,25.039808,121.63606
1,1997/11/06,綠野山坡管理委員會,汐止市東勢街216巷4弄8.10號,83汐使字第 0249 號,83,0249,25.041708,121.634901
1,1997/11/06,國泰環翠管理委員會,汐止市連興街24-50－(雙)號1~25樓,85汐使字第 1135 號,85,1135,25.063642,121.655565
1,1997/11/06,摩登家庭管理委員會,汐止市忠孝東路424~428－(雙)號,85汐使字第 1401 號,85,1401,25.065902,121.661489
1,1997/11/06,濱湖大城管理委員會,汐止市湖前街41~53－(單)號,85汐使字第 0147 號,85,0147,25.068885,121.632197
1,1997/11/06,台北東郡管理委員會,汐止市明峰街100~108－(雙)號,85汐使字第 1625 號,85,1625,25.071071,121.635778
1,1997/11/07,濱湖特區A區管理委員會,汐止市明峰街109~125－(單)號,83汐使字第 1450 號,83,1450,25.071071,121.635778
1,1997/11/08,泉州管理委員會,汐止市福德一路102巷1號,79汐使字第 0123 號,79,0123,25.068216,121.637995
1,1997/11/08,宏碁管理委員會,汐止市新台五路一段82~88－(雙)號,83汐使字第 1797 號,83,1797,25.056588,121.635617
1,1997/11/08,林肯大郡金龍特區管理委員會,汐止市汐萬路一段228巷31弄10~152－(雙)號,84汐使字第 1111 號,84,1111,25.071522,121.651214
1,1997/11/08,百世可樂社區管理委員會,汐止市福德一路37巷18弄20.22號,84汐使字第 0600 號,84,0600,25.064427,121.630348
1,1997/11/08,台北明珠管理委員會,汐止市汐萬路一段276~280－(雙)號,85汐使字第 1279 號,85,1279,25.06812,121.655764
1,1997/11/08,琉森公園管理委員會,汐止市大同路二段687巷22.24.26號,85汐使字第 0905 號,85,0905,25.072337,121.664962
1,1997/11/08,馥記山莊管理委員會,汐止市秀山路2號,86汐使字第 0482 號,86,0482,25.057461,121.666464
1,1997/11/11,三福麗錦管理委員會,汐止市新台五路一段218~222－(雙)號,85汐使字第 0728 號,85,0728,25.056588,121.635617
1,1997/11/14,康詩丹郡管理委員會,汐止市林森街73巷17號,82汐使字第 0893 號,82,0893,25.041599,121.623451
1,1997/11/15,摩登生活社區管理委員會,汐止市吉祥街11巷5~9.11號,81汐使字第 0820 號,81,0820,25.080423,121.667474
1,1997/11/15,薄荷管理委員會,汐止市汐碇路16~40－(雙)號,86汐使字第 0449 號,86,0449,25.056547,121.652722
1,1997/11/21,康寧郡第八代管理委員會,汐止市康寧街476~490－(雙)號,85汐使字第 0182 號,85,0182,25.066596,121.619932
1,1997/12/02,東湖樂高社區管理委員會,汐止市康寧街83巷2~48－(雙)號,84汐使字第 1382 號,84,1382,25.066822,121.619954
1,1997/12/10,大湖芳鄰管理委員會,汐止市康寧街15.17.19號,86汐使字第 0655 號,86,0655,25.076722,121.654929
1,1997/12/11,文普湖前大地管理委員會,汐止市湖前街33~39－(單)號,86汐使字第 0417 號,86,0417,25.068885,121.632197
1,1997/12/11,世泓大東區管理委員會,汐止市水源路122.124號,86汐使字第 0649 號,86,0649,25.03452,121.67091
1,1997/12/17,大山圓社區管理委員會,汐止市福德二路19巷2號,84汐使字第 0382 號,84,0382,25.068071,121.635462
1,1997/12/19,潤泰陽光四季管理委員會,汐止市龍安路30~44號,82汐使字第 0100 號,82,0100,25.062946,121.652486
1,1997/12/19,歐鄉巴黎社區管理委員會,汐止市福德一路37巷38~52號,83汐使字第 1693 號,83,1693,25.064427,121.630348
1,1997/12/19,亞太經貿中心大樓管理委員會,汐止市大同路一段306號,85汐使字第 1151 號,85,1151,25.057929,121.635968
1,1997/12/19,遠東新象大廈管理委員會,汐止市和平街108~118－(雙)號,85汐使字第 0923 號,85,0923,25.070616,121.663217
1,1997/12/29,大湖科學園區管理委員會,汐止市康寧街169巷31號2~13樓,84汐使字第 1166 號,84,1166,25.069557,121.622626
1,1997/12/29,國泰環翠天廈管理委員會,汐止市連興街52~62－(雙)號,85汐使字第 1162 號,85,1162,25.063642,121.655565
1,1998/01/03,長青山莊管理委員會,汐止市長青路181巷2號,74汐使字第 0954 號,74,0954,25.111844,121.605841
1,1998/01/03,長青山莊管理委員會,汐止市長青路181巷2號,81汐使字第 0114 號,81,0114,25.111844,121.605841
1,1998/01/03,長青山莊管理委員會,汐止市長青路181巷2號,83汐使字第 0109 號,83,0109,25.111844,121.605841
1,1998/01/03,長青山莊管理委員會,汐止市長青路181巷2號,83汐使字第 1253 號,83,1253,25.111844,121.605841
1,1998/01/03,人情味小鎮B區管理委員會,汐止市福德一路37巷141弄1~25號,84汐使字第 1496 號,84,1496,25.064427,121.630348
1,1998/01/03,理明大樓管理委員會,汐止市福德一路84.86.88號,84汐使字第 0262 號,84,0262,25.058885,121.625643
1,1998/01/03,靜園管理委員會,汐止市大同路二段687巷52弄22.24.26號2~8樓,85汐使字第 0320 號,85,0320,25.072337,121.664962
1,1998/01/03,長青山莊管理委員會,汐止市長青路181巷2號,85汐使字第 0927 號,85,0927,25.111844,121.605841
1,1998/01/06,琉森湖管理委員會,汐止市大同路二段687巷57弄1~45－(單)號,85汐使字第 1455 號,85,1455,25.072337,121.664962
1,1998/01/14,老爺山莊青雲社區管理委員會,汐止市長青路210巷51~204號,83汐使字第 1155 號,83,1155,25.113392,121.615029
1,1998/01/15,研究苑別墅管理委員會,汐止市東勢街201巷129弄2號,84汐使字第 1557 號,84,1557,25.042909,121.633298
1,1998/01/15,中正福星管理委員會,汐止市中正路254－1號,86汐使字第 0304 號,86,0304,25.068899,121.657366
1,1998/01/22,濱河市管理委員會,汐止市中興路110巷8弄20號,85汐使字第 0916 號,85,0916,25.064045,121.634468
1,1998/01/22,台北水都管理委員會,汐止市工建路106~166－(雙)號,86汐使字第 0477 號,86,0477,25.062868,121.637269
1,1998/02/12,集賢樓管理委員會,汐止市明峰街2巷14.16號,85汐使字第 1340 號,85,1340,25.072219,121.636162
1,1998/02/24,世界經貿中心管理委員會,汐止市大同路三段188~222－(雙)號,81汐使字第 0723 號,81,0723,25.076747,121.666938
1,1998/02/25,國泰民安管理委員會,汐止市大同路二段687巷78~90－(雙)號,86汐使字第 0457 號,86,0457,25.072337,121.664962
1,1998/02/26,都會巴黎管理委員會,汐止市福德一路37巷2~8－(雙)號1~7樓,84汐使字第 0719 號,84,0719,25.064427,121.630348
1,1998/03/02,東方科學中心管理委員會,汐止市福德一路176巷2弄1~7－(單)號1~5樓,80汐使字第 0701 號,80,0701,25.066305,121.635447
1,1998/03/02,東方伯爵管理委員會,汐止市伯爵街51巷1~21號,84汐使字第 1603 號,84,1603,25.080459,121.637165
1,1998/03/03,綠色生活管理委員會,汐止市忠孝東路475~485－(雙)號,86汐使字第 0118 號,86,0118,25.065902,121.661489
1,1998/03/07,紅綠社區管理委員會,汐止市樟樹一路145巷14~20－(雙)號,84汐使字第 0490 號,84,0490,25.068445,121.641892
1,1998/03/11,中研宏觀管理委員會,汐止市東勢街64.66號1~10樓,85汐使字第 1723 號,85,1723,25.04126,121.636343
1,1998/03/25,山水家園管理委員會,汐止市明峰街41.43.45號,83汐使字第 0355 號,83,0355,25.067067,121.62496
1,1998/03/25,景中緣管理委員會,汐止市宜興街59巷33~39－(單)號,84汐使字第 0924 號,84,0924,25.042755,121.62231
1,1998/04/01,林肯大郡六區管理委員會,汐止市汐萬路二段228巷31弄1.2.3號,85汐使字第 0929 號,85,0929,25.091684,121.646153
1,1998/04/04,親青湖畔管理委員會,汐止市明峰街125－1.2.3號,85汐使字第 1706 號,85,1706,25.070912,121.63056
1,1998/04/04,世貿名人廣場管理委員會,汐止市大同路二段236~242－(雙)號,85汐使字第 0977 號,85,0977,25.063018,121.64702
1,1998/04/23,香榭花都管理委員會,汐止市東勢街20~38－(雙)號,81汐使字第 1400 號,81,1400,25.040132,121.626653
1,1998/04/23,香榭花都管理委員會,汐止市東勢街40號,81汐使字第 0852 號,81,0852,25.039207,121.625491
1,1998/04/28,東方山河管理委員會,汐止市鄉長路一段21~43－(單)號,86汐使字第 0035 號,86,0035,25.074956,121.665154
1,1998/05/07,健弘新世界哈佛特區管理委員會,汐止市樟樹二路二段251巷1~11號,83汐使字第 1431 號,83,1431,25.067454,121.64013
1,1998/05/07,台北奇蹟管理委員會,汐止市福德一路65~73－(單)號,83汐使字第 0779 號,83,0779,25.070557,121.639595
1,1998/05/07,江山萬里管理委員會,汐止市新台五路二段170~218－(雙)號,86汐使字第 0014 號,86,0014,25.065964,121.661846
1,1998/05/19,汐萬凱旋管理委員會,汐止市汐萬路一段220號,81汐使字第 0409 號,81,0409,25.072866,121.651841
1,1998/05/19,名人觀邸管理委員會,汐止市宜興街59巷23~31－(單)號,85汐使字第 0215 號,85,0215,25.042755,121.62231
1,1998/05/19,研樓社區管理委員會,汐止市東勢街216巷24弄2－1.2.3.4號,85汐使字第 0629 號,85,0629,25.039605,121.635454
1,1998/05/19,研樓社區管理委員會,汐止市東勢街216巷24弄1~17－(單)號,86汐使字第 0200 號,86,0200,25.039664,121.635555
1,1998/05/25,萊茵山水管理委員會,汐止市汐平路二段63巷1~51－(單)號,83汐使字第 1281 號,83,1281,25.060537,121.699933
1,1998/06/01,遠東新世界管理委員會,汐止市大同路二段312巷8至14－(雙)號,77汐使字第 0167 號,77,0167,25.066191,121.655658
1,1998/06/01,遠東新世界管理委員會,汐止市大同路二段312巷16弄11至33－(單)號,77汐使字第 0170 號,77,0170,25.065407,121.654846
1,1998/06/01,遠東新世界管理委員會,汐止市大同路二段312巷9弄1.3.5.7號,77汐使字第 0287 號,77,0287,25.066013,121.65634
1,1998/06/05,國家公園別墅北社區管理委員會,汐止市長青路132巷2~22－(雙)號,84汐使字第 0412 號,84,0412,25.109535,121.605701
1,1998/06/11,經緯中心管理委員會,汐止市大同路一段175~185－(單)號,83汐使字第 0084 號,83,0084,25.055084,121.621464
1,1998/06/18,汐止國泰翡翠花園管理委員會,汐止市龍安路171~185－(單)號,80汐使字第 1303 號,80,1303,25.064202,121.656363
1,1998/06/26,東方旺族管理委員會,汐止市大同路二段324~334－(雙)號,83汐使字第 1464 號,83,1464,25.063018,121.64702
1,1998/06/26,路易市管理委員會,汐止市樟樹一路156~196－(雙)號,86汐使字第 0343 號,86,0343,25.064451,121.641991
1,1998/06/26,忠孝名園管理委員會,汐止市橫科路18巷,87汐使字第 0158 號,87,0158,25.050974,121.617937
1,1998/07/10,凱歌世界管理委員會,汐止市樟樹二路325~331－(單)號,82汐使字第 0645 號,82,0645,25.060272,121.640266
1,1998/07/22,新台北人社區管理委員會,汐止市福德二路134~154－(雙)號1~9樓,86汐使字第 1275 號,86,1275,25.068297,121.635532
1,1998/07/22,心公園社區管理委員會,汐止市福德二路132巷6.8號1~6樓,87汐使字第 0006 號,87,0006,25.066489,121.630551
1,1998/08/14,潤泰陽光天廈管理委員會,汐止市龍安路28巷6~30－(雙)號,86汐使字第 0764 號,86,0764,25.064294,121.654124
1,1998/10/06,華爾街財經大樓管理委員會,汐止市新台五路一段123~129－(單)號,83汐使字第 1101 號,83,1101,25.056588,121.635617
1,1998/10/06,綠百代管理委員會,汐止市福德一路37巷10.14號,84汐使字第 0830 號,84,0830,25.064427,121.630348
1,1998/10/08,濱湖雅仕管理委員會,汐止市湖前街77巷2~8－(雙)號1~6樓,82汐使字第 1203 號,82,1203,25.07046,121.631648
1,1998/10/20,凱旋大地二期社區管理委員會,汐止市福德一路63巷14~60－(雙)號、19~45－(單)號,83汐使字第 0203.0204 號,83,0203,25.068221,121.637013
1,1998/10/21,青青湖畔管理委員會,汐止市民族三街1~9－(單)號,85汐使字第 1108 號,85,1108,25.070416,121.630762
1,1998/10/31,山青水秀管理委員會,汐止市水源路二段38-70號,84汐使字第 1121 號,84,1121,25.056792,121.654892
1,1999/01/26,集賢居管理委員會,汐止市明峰街2巷6.8.10號2~6樓,85汐使字第 1450 號,85,1450,25.072219,121.636162
1,1999/01/26,少年家社區公寓大廈管理委員會,汐止市樟樹二路339巷8~18－(雙)號,86汐使字第 1245 號,86,1245,25.070584,121.641111
1,1999/01/26,新雪梨管理委員會,汐止市國興街30巷2號,86汐使字第 1286 號,86,1286,25.046343,121.623319
1,1999/01/29,英郡A區管理委員會,汐止市樟樹一路5~45號,87汐使字第 0334 號,87,0334,25.068835,121.643066
1,1999/01/30,東方巴黎管理委員會,汐止市福德一路63巷17弄2~28－(雙)號2~6樓,81汐使字第 1229 號,81,1229,25.068221,121.637013
1,1999/01/30,仁愛巨星管理委員會,汐止市仁愛路151巷1~7－(單)號,86汐使字第 0462 號,86,0462,25.064791,121.663585
1,1999/02/04,傳家寶第二代管理委員會,汐止市明峰街51.53號1~7樓,83汐使字第 0646 號,83,0646,25.067067,121.62496
1,1999/02/04,東湖麗池管理委員會,汐止市康寧街141巷53.55號,84汐使字第 1113 號,84,1113,25.068066,121.620389
1,1999/02/05,保長工業園區管理委員會,汐止市大同路三段369巷2~40－(雙)號,78汐使字第 1356 號,78,1356,25.07288,121.675943
1,1999/03/03,大湖科學園區第二期管理委員會,汐止市康寧街169巷27.29號,84汐使字第 1637 號,84,1637,25.070643,121.622998
1,1999/03/16,東湖麗都管理委員會,汐止市康寧街141巷46~60－(雙)號,86汐使字第 0506 號,86,0506,25.067975,121.620912
1,1999/03/25,公園學府管理委員會,汐止市明峰街190~200－(雙)號,82汐使字第 1237 號,82,1237,25.071071,121.635778
1,1999/03/26,伯爵山莊五代社區管理委員會,汐止市伯爵街39巷2~44－(雙)號,78汐使字第 1289 號,78,1289,25.077725,121.637632
1,1999/03/26,仁愛學府管理委員會,汐止市仁愛路106巷1~19－(單)號1~7樓,85汐使字第 1492 號,85,1492,25.063282,121.662594
1,1999/03/26,桃李天廈李座管理委員,汐止市樟樹一路216巷1.3.5.7號1~7樓,85汐使字第 0345 號,85,0345,25.066046,121.642696
1,1999/03/26,摩登大廈社區公寓大廈管理委員會,汐止市福德二路55巷6弄1~17－(單)號,85汐使字第 0913 號,85,0913,25.066585,121.634214
1,1999/03/26,全民住易管理委員會,汐止市福德一路6巷2~28－(雙)號,87汐使字第 0748 號,87,0748,25.064101,121.632155
1,1999/04/02,山水雅築管理委員會,汐止市水源路二段283巷2號1~7樓,86汐使字第 0920 號,86,0920,25.049589,121.659772
1,1999/04/09,原鄉社區管理委員會,汐止市長江街361~367－(單)號,83汐使字第 0889 號,83,0889,25.071083,121.654889
1,1999/05/11,中正大廈管理委員會,汐止市中正路203~217－(單)號,84汐使字第 0805 號,84,0805,25.070115,121.662826
1,1999/05/12,亞東科學園區管理委員會,汐止市中興路31巷1~4號1~8樓,78汐使字第 0841 號,78,0841,25.065277,121.628707
1,1999/05/12,名人社區管理委員會,汐止市宜興街55號,82汐使字第 0893 號,82,0893,25.042691,121.62302
1,1999/05/12,金點國之苑管理委員會,汐止市南昌街41巷2~26－(雙)號,84汐使字第 1234 號,84,1234,25.06887,121.663166
1,1999/05/12,銀舜雙星管理委員會,汐止市新台五路二段138~148－(雙)號1~12樓,84汐使字第 0213 號,84,0213,25.065964,121.661846
1,1999/05/12,忠研樓管理委員會,汐止市橫科路45~57－(單)號1~11樓,85汐使字第 0570 號,85,0570,25.050781,121.618658
1,1999/05/12,青梅竹馬管理委員會,汐止市民族二街84巷2弄1~15－(單)號,87汐使字第 0013 號,87,0013,25.070217,121.633319
1,1999/05/12,皇福貴族管理委員會,汐止市忠孝東路227巷23.23號1~7樓,87汐使字第 0324 號,87,0324,25.067117,121.662469
1,1999/05/19,伯爵夫人管理委員會,汐止市伯爵街53巷18號,86汐使字第 0269 號,86,0269,25.080888,121.637525
1,1999/05/25,雅典王朝B區管理委員會,汐止市康寧街307巷1弄9號,81汐使字第 1189 號,81,1189,25.06762,121.626508
1,1999/06/30,迎旭山莊管理委員會,汐止市國興街21巷41號,77汐使字第 0223 號,77,0223,25.045901,121.620259
1,1999/06/30,香榭巴黎管理委員會,汐止市福德一路37巷28~34號,84汐使字第 0531 號,84,0531,25.064427,121.630348
1,1999/06/30,東隆凱悅管理委員會,汐止市汐萬路一段115巷32.34號,88汐使字第 0099 號,88,0099,25.07025,121.653094
1,1999/07/01,登峰天廈管理委員會,汐止市大同路二段184巷1~16號,87汐使字第 0797 號,87,0797,25.063374,121.653271
1,1999/07/13,錦帝管理委員會,汐止市大同路二段298號,84汐使字第 1701 號,84,1701,25.066445,121.655323
1,1999/07/19,龍璽管理委員會,汐止市大同路三段396.400號2~12樓,84汐使字第 0722 號,84,0722,25.082557,121.675591
1,2000/07/24,愛快台北一期管理委員會,汐止市工建路50號,88汐使字第 0203 號,88,0203,25.063192,121.641035
1,2000/07/24,福寓新廈管理委員會,汐止市樟樹二路243~249－(單)號,88汐使字第 0606 號,88,0606,25.060272,121.640266
1,2000/07/24,福邸龍門A區管理委員會,汐止市樟樹二路295~303－(單)號,88汐使字第 0716 號,88,0716,25.060272,121.640266
1,2000/07/24,福邸龍門B區管理委員會,汐止市樟樹二路293巷5號,88汐使字第 0728 號,88,0728,25.069752,121.640985
1,1999/07/26,大吉利管理委員會,汐止市新台五路二段87~89號,87汐使字第 1055 號,87,1055,25.068421,121.683537
1,1999/07/29,濱湖大第管理委員會,汐止市康寧街625~661－(單)號1~18樓,85汐使字第 1643 號,85,1643,25.066596,121.619932
1,1999/08/19,創世紀管理委員會,汐止市中正路76號1~8樓,83汐使字第 1756 號,83,1756,25.069749,121.661522
1,1999/08/19,吾印良品管理委員會,汐止市大同路二段687巷39號,87汐使字第 1031 號,87,1031,25.072337,121.664962
1,1999/09/03,生活大國管理委員會,汐止市福德一路37巷110~122－(雙)號2~16樓,86汐使字第 0278 號,86,0278,25.064427,121.630348
1,1999/09/03,大寧境管理委員會,汐止市復興路129~145－(單)號,88汐使字第 0076 號,88,0076,25.05749,121.661315
1,1999/09/14,綠園道管理委員會,汐止市樟樹二路330巷18號,88汐使字第 0028 號,88,0028,25.069924,121.642144
1,1999/09/16,英郡B社區管理委員會,汐止市樟樹一路2巷1~59－(單)號,87汐使字第 0309 號,87,0309,25.062109,121.642022
1,1999/09/16,中研山莊一期管理委員會,汐止市東勢街190巷1~31－(單)號,87汐使字第 0373 號,87,0373,25.041658,121.633955
1,1999/10/07,大湖科學園區管理委員會,汐止市康寧街169巷1~11－(單)號2~7樓,87汐使字第 0835 號,87,0835,25.068321,121.622699
1,1999/10/11,宏國富邑管理委員會,汐止市新台五路二段246~252號,84汐使字第 0394 號,84,0394,25.068421,121.683537
1,1999/10/11,摩登台北管理委員會,汐止市中興路158.160號,87汐使字第 0277 號,87,0277,25.070122,121.627809
1,1999/10/12,儷都花園管理委員會,汐止市樟樹二路106巷9號,84汐使字第 0305 號,84,0305,25.064534,121.640292
1,1999/10/12,新生活社區管理委員會,汐止市福德一路6巷1~27－(單)號,86汐使字第 0607 號,86,0607,25.064101,121.632155
1,1999/10/30,日月光社區管理委員會,汐止市康寧街751巷3~37－(單)號,85汐使字第 1043 號,85,1043,25.075244,121.637877
1,1999/10/30,快意通管理委員會,汐止市新台五路二段106~114－(雙)號2~17樓,88汐使字第 0050 號,88,0050,25.065964,121.661846
1,1999/11/04,山青水秀山城之戀E棟社區管理委員會,汐止市水源路二段36巷29號,84汐使字第 0006 號,84,0006,25.055869,121.655034
1,1999/11/04,桃李天廈桃座管理委員會,汐止市樟樹一路141巷1.3號,84汐使字第 0025 號,84,0025,25.066293,121.641741
1,1999/11/20,瓏山林社區管理委員會,汐止市忠三街17~153－(單)號,79汐使字第 1120 號,79,1120,25.078613,121.624446
1,1999/11/20,台北新天地二期管理委員會,汐止市保一街25巷1.3.5.7號,86汐使字第 1160 號,86,1160,25.080476,121.674372
1,1999/11/24,仁愛巨星管理委員會,汐止市仁愛路151巷7號,86汐使字第 0462 號,86,0462,25.064864,121.663368
1,1999/11/25,天池管理委員會,汐止市鄉長路二段2.4.8.10號2~7樓,83汐使字第 1784 號,83,1784,25.088747,121.659406
1,1999/11/25,早安東方連彩管理委員會,汐止市和平街28.30.32號3~11樓,85汐使字第 0976 號,85,0976,25.069817,121.660747
1,1999/11/25,中研山莊第二期管理委員會,汐止市東勢街76巷81~97號,87汐使字第 0366 號,87,0366,25.039169,121.636782
1,1999/12/01,和旺金三角管理委員會,汐止市新台五路一段159號,88汐使字第 0639 號,88,0639,25.062486,121.653788
1,1999/12/10,青年守則管理委員會,汐止市大同路二段687巷52弄1.3.5號,87汐使字第 1015 號,87,1015,25.072337,121.664962
1,1999/12/15,大湖香榭管理委員會,汐止市康寧街26~44號,84汐使字第 0207 號,84,0207,25.076722,121.654929
1,1999/12/15,春之霖管理委員會,汐止市長江街238號,84汐使字第 0810 號,84,0810,25.079502,121.662595
1,1999/12/18,台北小別墅管理委員會,汐止市水源路二段72巷32號,88汐使字第 1104 號,88,1104,25.054368,121.655475
1,1999/12/31,日出印象管理委員會,汐止市新台五路二段91.93號,84汐使字第 1125 號,84,1125,25.068421,121.683537
1,2000/01/24,世代名門管理委員會,汐止市樟樹一路272號之14 3樓,88汐使字第 0602 號,88,0602,25.06789,121.643199
1,2000/01/25,世貿麗景管理委員會,汐止市中興路100號,79汐使字第 1485 號,79,1485,25.062705,121.634399
1,2000/01/25,宏盛博第B棟管理委員會,汐止市民族六街69.71號1~7樓,88汐使字第 0317 號,88,0317,25.068042,121.627684
1,2000/01/25,宏盛博第A棟管理委員會,汐止市民族六街73~79－(單)號1~6樓,88汐使字第 0318 號,88,0318,25.068314,121.629033
1,2000/01/26,向日葵社區管理委員會,汐止市忠孝東路487號,88汐使字第 0365 號,88,0365,25.073615,121.666084
1,2000/03/03,高巢家庭社區管理委員會,汐止市大同路二段687巷59弄1~141號,87汐使字第 0982 號,87,0982,25.072337,121.664962
1,2000/03/21,遠東科技中心C棟管理委員會,汐止市大同路二段171~175－(單)號,88汐使字第 0916 號,88,0916,25.063018,121.64702
1,2000/05/05,我的家管理委員會,汐止市中興路150巷20號,83汐使字第 0152 號,83,0152,25.065131,121.633444
1,2000/05/05,馥邑名人巷管理委員會,汐止市中正路99巷2~20－(雙)號,88汐使字第 0783 號,88,0783,25.069341,121.661053
1,2000/05/18,黎明山水管理委員會,汐止市中正路262~268號,86汐使字第 0267 號,86,0267,25.067838,121.655911
1,2000/05/18,家美生活管理委員會,汐止市福德一路206巷1號,88汐使字第 0285 號,88,0285,25.065377,121.634569
1,2000/05/18,忠孝學府管理委員會,汐止市忠孝東路202號,88汐使字第 0504 號,88,0504,25.065964,121.661784
1,2000/06/09,台北新貴管理委員會,汐止市樟樹一路157~175－(單)號2~13樓,83汐使字第 1697 號,83,1697,25.064451,121.641991
1,2000/06/09,紅綠七期管理委員會,汐止市民族二街9號1~7樓,88汐使字第 0147 號,88,0147,25.070846,121.635013
1,2000/06/09,麗湖山莊管理委員會,汐止市民族五街2~22－(雙)號,88汐使字第 0379 號,88,0379,25.071539,121.62981
1,2000/07/04,青松市管理委員會,汐止市保一街49~79－(單)號,88汐使字第 1108 號,88,1108,25.081548,121.673716
1,2000/07/04,新成華府管理委員會,汐止市樟樹二路270~278－(雙)號,88汐使字第 0629 號,88,0629,25.060272,121.640266
1,2000/07/24,美宿苑管理委員會,汐止市宜興街9巷26~32－(雙)號,89汐使字第 0257 號,89,0257,25.041839,121.620833
1,2000/08/02,東湖寧靜管理委員會,汐止市康寧街29~39－(單)號1~9樓,88汐使字第 0932 號,88,0932,25.066596,121.619932
1,2000/08/02,哈佛世家NO1管理委員會,汐止市大同路二段272巷1~9－(單)號,88汐使字第 0994 號,88,0994,25.066088,121.655036
1,2000/08/17,仁愛名爵管理委員會,汐止市仁愛路118~122巷(雙)弄2~20－(雙)號,83汐使字第 0647 號,83,0647,25.068075,121.663882
1,2000/08/17,忠孝名門管理委員會,汐止市新台五路二段7.9號,86汐使字第 1332 號,86,1332,25.066842,121.664143
1,2000/08/17,東方山河(二期)管理委員會,汐止市鄉長路一段55巷28號,87汐使字第 0586 號,87,0586,25.07635,121.664914
1,2000/08/17,遠東科技中心A.B棟管理委員會,汐止市大同路二段125~167－(單)號,88汐使字第 1143 號,88,1143,25.063018,121.64702
1,2000/08/30,鳳凰科技管理委員會,汐止市環河街194巷3.5號1~1~6樓,79汐使字第 0349 號,79,0349,25.056698,121.627762
1,2000/09/20,水蓮山莊管理委員會,汐止市湖前街110巷97弄1~5號1樓,88汐使字第 1120 號,88,1120,25.074442,121.63334
1,2000/09/29,東方黎明管理委員會,汐止市福德二路158~168－(雙)號,83汐使字第 0815 號,83,0815,25.068297,121.635532
1,2000/09/29,宏盛檳城管理委員會,汐止市明峰街118號,85汐使字第 1417 號,85,1417,25.071024,121.630201
1,2000/09/29,萬世OK管理委員會,汐止市中興路168號,87汐使字第 0280 號,87,0280,25.065304,121.632189
1,2000/09/29,東苑風荷管理委員會,汐止市國興街21巷24號,89汐使字第 0021 號,89,0021,25.045884,121.621045
1,2000/11/13,牡丹社區管理委員會,汐止市伯爵街52巷1~11號,86汐使字第 0326 號,86,0326,25.080594,121.638819
1,2000/11/13,新秀賞管理委員會,汐止市新台五路二段80~102－(雙)號,88汐使字第 0767 號,88,0767,25.065964,121.661846
1,2000/11/29,摩天鎮管理委員會,汐止市大同路三段609~621－(單)號,88汐使字第 0133 號,88,0133,25.076747,121.666938
1,2001/01/11,名吉管理委員會,汐止市新興路83－1~6號,88汐使字第 0823 號,88,0823,25.061695,121.657927
1,2001/01/11,安邑大廈管理委員會,汐止市福德二路16巷2號,89汐使字第 0404 號,89,0404,25.065586,121.630112
1,2001/01/24,世代名門管理委員會,汐止市樟樹一路272號,88汐使字第 0602 號,88,0602,25.068604,121.642968
1,2001/02/08,白雲山莊管理委員會,汐止市東勢街216巷22弄2－1號,88汐使字第 0341 號,88,0341,25.040516,121.634711
1,2001/03/21,東方山莊管理委員會,汐止市汐碇路14巷1~7－(單)號1~16樓,82汐使字第 0037 號,82,0037,25.033073,121.641909
1,2001/03/21,儷都臻邸管理委員會,汐止市樟樹二路106巷2.4.14號2~6樓,84汐使字第 0961 號,84,0961,25.064267,121.640255
1,2001/03/21,市民大道管理委員會,汐止市樟樹一路268－1~13號,89汐使字第 0118 號,89,0118,25.068066,121.643028
1,2001/05/23,世運村管理委員會,汐止市勤進路143巷1.3號,71汐使字第 1505 號,71,1505,25.057507,121.665629
1,2001/05/23,日達福第管理委員會,汐止市汐平路一段6巷1~13號,83汐使字第 0825 號,83,0825,25.070799,121.680543
1,2001/05/23,凱旋大地管理委員會,汐止市康寧街885巷1~47－(單)號,88汐使字第 0968 號,88,0968,25.076319,121.650156
1,2001/06/04,博市社區管理委員會,汐止市伯爵街62~68－(雙)號1~4樓,86汐使字第 0209 號,86,0209,25.078437,121.638983
1,2001/06/07,天堂鳥社區管理委員會,汐止市大同路二段689~703－(單)號,89汐使字第 0592 號,89,0592,25.063018,121.64702
1,2001/06/12,哈佛世家NO.2社區管理委員會,汐止市大同路二段339號1~9樓,89汐使字第 0609 號,89,0609,25.067143,121.655974
1,2001/06/14,仁德福星一期管理委員會,汐止市和平街70~84－()雙號1~8樓,84汐使字第 1265 號,84,1265,25.070616,121.663217
1,2001/06/20,伯爵山莊第二期管理委員會,汐止市康寧街753巷10弄1號,83汐使字第 1257 號,83,1257,25.075655,121.63876
1,2001/06/20,綠大地社區管理委員會,汐止市長江街79巷1~21號,89汐使字第 0833 號,89,0833,25.073031,121.657844
1,2001/06/29,皇家天下管理委員會,汐止市新台五路一段167號,89汐使字第 0430 號,89,0430,25.062849,121.654678
1,2001/06/29,堪農山莊管理委員會,汐止市汐萬路三段199巷2號,89汐使字第 0808 號,89,0808,25.099086,121.640914
1,2001/07/02,明湖培園管理委員會,汐止市明峰街8.10號1~7樓,83汐使字第 0184 號,83,0184,25.067067,121.62496
1,2001/08/10,合家歡管理委員會,汐止市勤進路411~417－(單)號1~7樓,84汐使字第 1648 號,84,1648,25.059798,121.660436
1,2001/08/23,綠園道別墅管理委員會,汐止市樟樹一路155巷6.8.10.12號1~6樓,88汐使字第 0029 號,88,0029,25.068707,121.64224
1,2001/08/27,台北新視窗管理委員會,汐止市新台五路一段192~210號,90汐使字第 0050 號,90,0050,25.064627,121.659492
1,2001/09/07,台北一六八管理委員會,汐止市青山路19巷2~14－(雙)號,87汐使字第 0906 號,87,0906,25.061859,121.65654
1,2001/10/11,龍莊管理委員會,汐止市汐碇路14巷2弄1~18號1~5樓,78汐使字第 1412 號,78,1412,25.033073,121.641909
1,2001/10/17,中興綠第管理委員會,汐止市福德二路119~123－(單)號,86汐使字第 0948 號,86,0948,25.068297,121.635532
1,2001/12/13,天外天管理委員會,汐止市瑞松街150巷20號,81汐使字第 0729 號,81,0729,25.108986,121.647733
1,2001/12/13,龍之鄉管理委員會,汐止市康寧街445~453號,89汐使字第 0769 號,89,0769,25.076722,121.654929
1,2002/01/14,美滿特區管理委員會,汐止市原興路60巷2.4.6.8號,83汐使字第 0530 號,83,0530,25.065626,121.633
1,2002/01/14,花好月圓管理委員會,汐止市民族二街86.90號,89汐使字第 0762 號,89,0762,25.069626,121.632448
1,2002/01/22,合家歡新廈管理委員會,汐止市新台五路一段188.190號1~12樓,90汐使字第 0051 號,90,0051,25.064627,121.659492
1,2002/02/04,高登屋管理委員會,汐止市明峰街129號,88汐使字第 0017 號,88,0017,25.070672,121.630517
1,2002/02/21,東方皇第第二期管理委員會,汐止市福德二路165~179－(單)號,81汐使字第 1479 號,81,1479,25.068297,121.635532
1,2002/02/25,仁愛綠多管理委員會,汐止市福安6鄰仁愛路154~162－(雙)號1~9樓,89汐使字第 1013 號,89,1013,25.064388,121.663674
1,2002/02/26,仁愛特區管理委員會,汐止市伯爵街14巷2弄2~8－(雙)號,81汐使字第 0573 號,81,0573,25.078983,121.64372
1,2002/02/26,小世貿管理委員會,汐止市樟樹一路134號1~7樓,88汐使字第 0372 號,88,0372,25.064788,121.64223
1,2002/03/11,國王宮廷管理委員會,汐止市明峰街289.291－1號,80汐使字第 1107 號,80,1107,25.067067,121.62496
1,2002/04/09,國家公園別墅上社區管理委員會,汐止市長青路131巷16號,70汐使字第 1836 號,70,1836,25.111134,121.60432
1,2002/04/18,萬世OK社區管理委員會,汐止市中興10鄰原興路69號,87汐使字第 0280 號,87,0280,25.065477,121.632147
1,2002/04/30,東方皇第管理委員會,汐止市福德二路120~130－(雙)號,78汐使字第 1810 號,78,1810,25.068297,121.635532
1,2002/05/29,奇摩市管理委員會,汐止市福德一路86巷12~32號,90汐使字第 0295 號,90,0295,25.068428,121.636576
1,2002/06/19,漢諾瓦郡管理委員會,汐止市忠孝東路341~361號,79汐使字第 1233 號,79,1233,25.076284,121.667145
1,2002/06/19,傳家廣場管理委員會,汐止市中興路232號,89汐使字第 0951 號,89,0951,25.067542,121.6302
1,2002/07/04,日成新世紀佳人區管理委員會,汐止市樟樹二路253~275－(單)號,89汐使字第 0724 號,89,0724,25.060272,121.640266
1,2002/07/17,康寧科技園區管理委員會,汐止市康寧街149~163－(單)號1~6樓,81汐使字第 0172 號,81,0172,25.066596,121.619932
1,2002/07/17,仁愛名爵A棟管理委員會,汐止市仁愛路124號1~6樓,83汐使字第 0649 號,83,0649,25.06379,121.663028
1,2002/07/31,台北新天地A區管理委員會,汐止市長興街二段50巷41弄2至28－(雙)號,84汐使字第 0455 號,84,0455,25.081291,121.675042
1,2002/08/09,老爺山莊松雲峰管理委員會,汐止市長青路210巷7~33－(單)號,77汐使字第 1918 號,77,1918,25.116876,121.614761
1,2002/08/14,茄苳之祿管理委員會,汐止市茄苳路206號,89汐使字第 0881 號,89,0881,25.068608,121.670283
1,2002/08/20,世貿國家公園管理委員會,汐止市長江街99－1號,85汐使字第 0174 號,85,0174,25.073107,121.658022
1,2002/08/23,亞洲社區管理委員會,汐止市水源路一段291巷2弄1~15－(單)號,71汐使字第 1694 號,71,1694,25.058267,121.654653
1,2002/08/23,世貿新宿管理委員會,汐止市樟樹一路122~132－(雙)號,81汐使字第 0915 號,81,0915,25.064451,121.641991
1,2002/10/02,皇家巨星管理委員會,汐止市康寧街332~342－(雙)號1~6樓,82汐使字第 0317 號,82,0317,25.066596,121.619932
1,2002/10/02,榮耀伯爵管理委員會,汐止市湖興35鄰伯爵街70~92－(雙)號,88汐使字第 0447 號,88,0447,25.083362,121.638195
1,2002/10/02,新好家園管理委員會,汐止市仁愛路130~136－(雙)號1~7樓,91汐使字第 0131 號,91,0131,25.064344,121.659062
1,2002/10/29,台北旺角B區管理委員會,汐止市福德一路239~255－(單)號,89汐使字第 0687 號,89,0687,25.070557,121.639595
1,2002/11/20,日出山河管理委員會,汐止市長江街67巷2弄1~15－(單)號2~7樓,86汐使字第 0107 號,86,0107,25.072168,121.656781
1,2003/01/20,台北旺角管理委員會,汐止市福德一路258.260號,89汐使字第 0668 號,89,0668,25.058885,121.625643
1,2003/02/10,涵翠花園管理委員會,汐止市龍安路187~189號,82汐使字第 0533 號,82,0533,25.062946,121.652486
1,2003/02/19,台北大國民管理委員會,汐止市新台五路二段150.152號1~14樓,89汐使字第 1021 號,89,1021,25.068421,121.683537
1,2003/02/19,愛快台北二期管理委員會,汐止市工建路40號之1至7 ,90汐使字第 0443 號,90,0443,25.063206,121.641479
1,2003/02/19,秀峰庭管理委員會,汐止市仁愛路95~111號,91汐使字第 0178 號,91,0178,25.068075,121.663882
1,2003/05/02,審計忠孝華廈管理委員會,汐止市忠孝東路255巷6~12號,88汐使字第 0048 號,88,0048,25.067862,121.662467
1,2003/05/05,五米新奇屋管理委員會,汐止市東勢街76巷51弄2號B1樓,90汐使字第 0481 號,90,0481,25.038848,121.634011
1,2003/07/10,皇福忠孝城管理委員會,汐止市橫科路4巷7~49號,82汐使字第 0082 號,82,0082,25.050598,121.617577
1,2003/07/14,中馨貴族管理委員會,汐止市中興路152－1號,91汐使字第 0338 號,91,0338,25.064726,121.632523
1,2003/08/04,好家園NO.3管理委員會,汐止市明峰街2號,91汐使字第 0295 號,91,0295,25.07103,121.635833
1,2003/08/07,大湖國家管理委員會,汐止市康寧街141巷20弄1號,81汐使字第 0765 號,81,0765,25.06785,121.621483
1,2003/08/27,明湖清境管理委員會,汐止市明峰街17~27單號號,84汐使字第 1316 號,84,1316,25.071071,121.635778
1,2003/10/15,瑞士山莊特區社區管理委員會,汐止市瑞松街152巷31弄2.4號,73汐使字第 1924 號,73,1924,25.110683,121.64751
1,2003/11/05,世紀風情管理委員會,汐止市福德一路86巷43-1號,88汐使字第 1058 號,88,1058,25.068504,121.636679
1,2003/11/14,伯爵山莊一期管理委員會,汐止市翠峰街23~27號,71汐使字第 1816 號,71,1816,25.076112,121.642049
1,2003/12/15,東方大鎮管理委員會,汐止市新台五路一段12~35號,85汐使字第 0528 號,85,0528,25.064627,121.659492
1,2004/01/05,伯爵山莊建業樓管理委員會,汐止市康寧街753巷10弄－11號之1至12 ,72汐使字第 0469 號,72,0469,25.075209,121.639581
1,2004/04/23,城市公園管理委員會,汐止市樟樹二路332.338.號,84汐使字第 0498 號,84,0498,25.073634,121.64364
1,2004/04/29,秀峰家園管理委員會,汐止市福安街20巷30-42－(雙)號,78汐使字第 1775 號,78,1775,25.064679,121.662006
1,2004/05/04,汐止潤泰陽光四季,汐止市龍安路30-44號,82汐使字第 0100 號,82,0100,25.06415,121.65505
1,2004/05/20,明月摘星樓管理委員會,汐止市康寧街753巷18-32－(雙)號,72汐使字第 0568 號,72,0568,25.073796,121.638811
1,2004/05/20,茄苳華城管理委員會,汐止市茄苳路83~97－(單)號2~18樓,87汐使字第 0859 號,87,0859,25.070736,121.66595
1,2004/06/15,東築大廈管理委員會A棟管理委員會,汐止市福德一路37巷1~15－(單)號之2~7 ,83汐使字第 0382 號,83,0382,25.064427,121.630348
1,2004/07/15,日成新世紀才子區管理委員會,汐止市樟樹二路280至298－(雙)號,90汐使字第 0139 號,90,0139,25.060272,121.640266
1,2004/10/13,明湖麗景社區管理委員會,汐止市明峰街12號1至7樓,82汐使字第 0062 號,82,0062,25.071496,121.635141
1,2004/11/09,牡丹C區社區管理委員會,汐止市伯爵街50號7樓,88汐使字第 0118 號,88,0118,25.08021,121.638119
1,2004/12/29,青春嶺社區管理委員會,汐止市湖光里康寧751巷1號,89汐使字第 0840 號,89,0840,25.071296,121.635636
1,2005/01/10,平野春天管理委員會,汐止市福德三路10.12.號16.18.22號各附2~7樓.20.22.26號,93汐使字第0276號,93,0276,25.066383,121.627554
1,2005/01/11,首都工業園區,汐止市中興路183巷35號,77汐使字第1805號,77,1805,25.065166,121.628755
1,2005/01/12,長青山莊修改版,汐止市長青路192巷6號,87汐使字第805號,87,805,25.111757,121.606334
1,2005/05/24,安家京采公寓大廈,汐止市福德一路89~99號(單),94汐使字第046號,94,046,25.058885,121.625643
1,2005/05/11,好家圓NO3公寓大廈,汐止市明峰街2號2-1.2-2號1~7樓,91汐使字第295號,91,295,25.07103,121.635833
1,2005/06/23,忠孝名園社區,汐止市橫科路18巷33弄6號3樓,87汐使字第158號,87,158,25.049534,121.617383
1,2005/07/11,E美樂地社區,汐止市民族二街84巷16號1樓,93汐使字第0582號,93,0582,25.070513,121.633152
1,2005/10/28,綠竹賞公寓大廈,台北縣汐止市福安街61巷36號7樓,94汐使字第0154 號,94,0154,25.063151,121.664867
1,2005/10/28,綠竹賞2公寓大廈,台北縣汐止市福安街61巷18號1樓,94汐使字第0067 號,94,0067,25.063486,121.664862
1,2000/01/28,東方鴻大廈,汐止市忠孝東路257-269單號,88汐使字第0687 號,88,0687,25.065902,121.661489
1,2005/11/24,活力美樂地社區,汐止市民族二街84巷17號8樓,94汐使字第0164 號,94,0164,25.070257,121.632689
1,2006/04/03,汐止安敦凱旋大廈住戶管理委員會,汐止市大同路三段66之1-10號,83汐使字第1547號,83,1547,25.077124,121.667978
1,2006/05/17,皇家林園管理委員會,汐止市民族五街70巷2弄2號B1,78汐使字第0902號,78,0902,25.070713,121.627945
1,2006/06/12,世電你和我NO.2管理委員會,汐止市福德二路132巷34號3樓,88汐使字第0265號,88,0265,25.066459,121.630576
1,2006/08/14,伊登花園公寓大廈管理委員會,汐止市福德一路56之1號12樓,95汐使字第0041號,95,0041,25.069095,121.638174
1,2006/09/21,東方世貿大樓管理委員會,汐止市中興路95號5樓之2,80汐使字第1170號,80,1170,25.064572,121.632368
1,2006/09/21,新台五錄社區管理委員會,汐止市秀峰路81巷15弄11號2樓,94汐使字第0608號,94,0608,25.06483,121.660853
1,2006/10/26,仁愛龍門公寓大廈管理委員會,汐止市仁愛路200巷11弄1號,95汐使字第0085號,95,0085,25.065757,121.66511
1,2006/12/26,班芙戀人社區管理委員會,汐止市民族五街38-50號,95汐使字第0400號,95,0400,25.071255,121.629023
1,2007/02/15,星鑽社區管理委員會,汐止市福德二路355號6樓,81汐使字第0702號,81,0702,25.064036,121.624165
1,2007/03/02,秀峰庭二期管理委員會,汐止市仁愛路77巷2弄27號,95汐使字第0263號,95,0263,25.063844,121.661689
1,2007/04/17,吉美京都大樓管理委員會,汐止市仁愛路207號(警衛室),95汐使字第0401號,95,0401,25.066351,121.664863
1,2007/05/29,全民居易公寓大廈管理委員會,汐止市鄉長路一段55巷2號2樓,95汐使字第0448號,95,0448,25.076118,121.665695
1,2007/06/04,中太工業園區管理委員會,汐止市大同路一段302巷20號,76汐使字第0125號,76,0125,25.057171,121.636315
1,2007/07/23,東方懷石社區管理委員會,汐止市鄉長路55巷15號1樓,87汐使字第0587號,87,0587,25.076056,121.66516
1,2007/07/27,台北爵士大廈管理委員會,汐止市福德一路30之1號,96汐使字第0129號,96,0129,25.069299,121.638352
1,2007/08/13,捷運喜來登一期社區管理委員會,汐止市福德一路108號8樓之1,96汐使字第0087號,96,0087,25.068014,121.637482
1,2007/11/06,美麗湖畔社區管理委員會,汐止市東湖街5巷11號,79汐使字第0393號,79,0393,24.237432,120.815971
1,2007/11/07,捷運喜來登二期社區管理委員會,汐止市福德一路88號4樓之2,96汐使字第0159號,96,0159,25.068462,121.63787
1,2007/11/06,經典伯爵一期公寓大廈管理委員會,汐止市伯爵街53巷5號3樓,96汐使字第0240號,96,0240,25.080742,121.63782
1,2008/02/22,自由年代大廈管理委員會,汐止市龍安路1號19樓之2,96汐使字第0602號,96,0602,25.064202,121.656363
1,2008/02/22,東方新都公寓大廈管理委員會,汐止市新台五路一段178號4樓,96汐使字第0544號,96,0544,25.062556,121.654791
1,2008/02/22,清田公寓管理委員會,汐止市復興路51號,94汐使字第0126號,94,0126,25.062809,121.656786
1,2008/04/22,文匯工業有限公司管理負責人,汐止市福德一路392巷48號,96汐使字第0772號,96,0772,25.062767,121.626654
1,2008/04/25,臺北縣汐止市行政中心管理委員會,汐止市新台五路一段268號,96汐使字第0256號,96,0256,25.063853,121.658992
1,2008/04/30,香榭儷舍公寓大廈管理委員會,汐止市林森街73巷45號4樓,96汐使字第0392號,96,0392,25.041556,121.623949
1,2008/05/16,天良生技大樓管理負責人,汐止市大同路一段147號9樓,96汐使字第0244號,96,0244,25.056277,121.631684
1,2008/05/09,文勻大廈管理負責人,汐止市福德一路392巷48號,96汐使字第0772號,96,0772,25.062767,121.626654
1,2008/07/09,和風麗緻社區管理委員會,汐止市南陽街178號1樓,96汐使字第0716號,96,0716,25.058294,121.625377
1,2008/08/28,貝克漢社區管理委員會,汐止市復興路13號8樓之1,97汐使字第0102號,97,0102,25.064481,121.656156
1,2008/08/07,帝寶花園公寓大廈管理委員會,汐止市仁愛路152巷15號2樓,96汐使字第0675號,96,0675,25.06423,121.664561
1,2008/08/07,活力Double花漾區公寓大廈管理委員會,汐止市新台五路二段242號5樓之2,96汐使字第0649號,96,0649,25.065749,121.672349
1,2008/08/07,活力Double陽光區公寓大廈管理委員會,汐止市新台五路二段238-2號14樓,96汐使字第0727號,96,0727,25.066064,121.67186
1,2008/08/07,活力Double綠海區公寓大廈管理委員會,汐止市新台五路二段240號9樓,96汐使字第0728號,96,0728,25.065982,121.67221
1,2008/10/22,良德華廈管理委員會,汐止市大同路二段296巷8號1樓,83汐使字第1560號,83,1560,25.065905,121.655317
1,2008/10/08,東湖畔社區管理委員會,汐止市康寧街541巷12弄13號7樓,88汐使字第0070號,88,0070,25.069485,121.633388
1,2008/12/17,雍立大廈管理負責人,汐止市福德一路392巷23號,97汐使字第0341號,97,0341,25.061439,121.626247
1,2008/12/19,第三期新天地管理委員會,汐止市保一街35巷4至12號,86汐使字第0112號,86,0112,25.080691,121.67467
1,2009/01/07,綠意東台北公寓大廈管理委員會,汐止市莊敬街30至46號,97汐使字第0313號,97,0313,25.061706,121.656661
1,2009/01/20,品川VILLA公寓大廈社區管理委員會,汐止市東勢街24號13樓,97汐使字第0098號,97,0098,25.038506,121.62508
1,2009/01/21,經典伯爵二期公寓大廈管理委員會,汐止市伯爵街95巷2號B1樓,97汐使字第0392號,97,0392,25.083984,121.636591
1,2009/02/11,東築大廈B棟管理委員會,汐止市福德路29號7樓,83汐使字第1218號,83,1218,25.066784,121.636116
1,2009/02/18,麥渝琮管理負責人,汐止市翠峰街21巷3弄6號,97汐使字第0785號,97,0785,25.076055,121.643399
1,2009/02/11,新天地社區管理委員會,汐止市東勢街201巷11至39號,88汐使字第0508號,88,0508,25.043485,121.634848
1,2009/04/20,長堤社區管理委員會,汐止市福德一路109之2號,97汐使字第0466號,97,0466,25.067955,121.637766
1,2009/04/02,里仁花園公寓大廈管理委員會,汐止市保一街97之2號,97汐使字第0453號,97,0453,25.080085,121.67475
1,2009/03/26,松濤園管理委員會,汐止市長江街57巷21弄1至9號,81汐使字第0259號,81,0259,25.07212,121.655477
1,2009/05/27,青春嶺社區公寓大廈管理委員會,汐止市伯爵街97巷口,89汐使字第0840號,89,0840,25.08426,121.63657
1,2009/05/22,新幹線公寓大廈管理委員會,台北縣汐止市龍安路202巷39號6樓,98汐使字第013號,98,013,25.063621,121.65221
1,2009/05/22,夢想藝術村公寓大廈管理委員會,台北縣汐止市湖光里民族二街96號12樓,96汐使字第718號,96,718,25.069721,121.632699
1,2009/07/06,來欣宜興公寓大廈管理委員會,汐止市宜興街9巷8-1號,97汐使字第652號,97,652,25.04186,121.62112
1,2009/08/14,長虹大鎮B區公寓大廈管理委員會,台北縣汐止市福德二路69號之1 1樓,98汐使字第128號,98,128,25.066158,121.634418
1,2009/08/24,翠堤花園社區管理委員會,台北縣汐止市長興街二段50巷53號2樓,98汐使字第040號,98,040,25.081161,121.675347
1,2009/08/17,長虹大鎮A區公寓大廈管理委員會,台北縣汐止市福德二路73號,98汐使字第129號,98,129,25.066054,121.633759
1,2009/09/25,華鎮生活家公寓大廈管理委員會,台北縣汐止市大同路一段217－3號11樓,98汐使字第161號,98,161,25.057596,121.633934
1,2009/09/25,陽光管理負責人,台北縣汐止市大同路二段167－1號,98汐使字第188號,98,188,25.064139,121.6511
1,2009/10/12,謝順隆管理負責人,台北縣汐止市康寧街541巷3號7樓,98汐使字第127號,98,127,25.069361,121.633914
1,2009/10/16,東湖愛之屋社區管理委員會,台北縣汐止市康寧街91號2樓之1,80汐使字第892號,80,892,25.066593,121.620161
1,2009/11/05,皇家翡翠公寓大廈管理委員會,台北縣汐止市東勢街201巷5號,97汐使字第118號,97,118,25.042479,121.633803
1,2009/11/13,台灣科學園區T3館管理委員會,台北縣汐止市樟樹里8鄰工建路368號12樓,98汐使字第078號,98,078,25.059912,121.633531
1,2009/12/09,中興大觀公寓大廈管理委員會,台北縣汐止市中興路81號,85汐使字第1402號,85,1402,25.064215,121.63269
1,2009/12/09,情趣家公寓大廈管理委員會,台北縣汐止市福德一路136號7樓,82汐使字第1229號,82,1229,25.06697,121.636647
1,2009/12/22,國家交響樂社區管理委員會,台北縣汐止市福安里15鄰仁愛路151巷50號6樓,98汐使字第359號,98,359,25.065194,121.663741
1,2009/12/21,伯爵晶鑽大樓管理委員會,台北縣汐止市康寧街747號,98汐使字第372號,98,372,25.073287,121.638326
1,2010/01/08,汐緻社區管理委員會,台北縣汐止市忠孝東路488號9樓,98汐使字第585號,98,585,25.07364,121.666233
1,2010/01/15,長虹大鎮D區公寓大廈管理委員會,台北縣汐止市中興里11鄰福德二路75號1~14樓,98汐使字第564號,98,564,25.065819,121.633933
1,2010/03/17,微風小城社區管理委員會,台北縣汐止市保一街115號4樓,98汐使字第539號,98,539,25.080165,121.675163
1,2010/04/21,長虹大鎮E區公寓大廈管理委員會,台北縣汐止市福德一路206巷9號,98汐使字第680號,98,680,25.065387,121.634266
1,2010/04/21,長虹大鎮F區公寓大廈管理委員會,台北縣汐止市福德一路206巷42號,98汐使字第679號,98,679,25.065958,121.634311
1,2010/04/21,長虹大鎮C區公寓大廈管理委員會,台北縣汐止市福德二路79號,99汐使字第003號,99,003,25.06584,121.633917
1,2010/05/07,君士坦丁堡羅馬區管理委員會,台北縣汐止市宜興街9巷24號15樓,82汐使字第1159號,82,1159,25.042133,121.620931
1,2010/05/13,台五福星公寓大廈管理委員會,台北縣汐止市復興路29號,81汐使字第619號,81,619,25.063618,121.656413
1,2010/05/12,東方帝寶社區管理委員會,台北縣汐止市仁愛路201巷7號9樓,97汐使字第274號,97,274,25.065954,121.664323
1,2010/06/11,綠意青禾公寓大廈管理委員會,台北縣汐止市莊敬街29巷21號,98汐使字第659號,98,659,25.060549,121.657259
1,2010/06/11,合康晶站社區管理委員會,台北縣汐止市莊敬街29巷9弄1號,98汐使字第762號,98,762,25.061048,121.657509
1,2010/06/03,璞緻社區管理委員會,台北縣汐止市水源路一段291巷5號9樓之3,98汐使字第800號,98,800,25.058409,121.654534
1,2010/06/14,湖堡社區管理委員會(補登資料),台北縣汐止市湖前街62－1號8樓之2,84汐使字第1315號,84,1315,25.070402,121.632126
1,2010/06/18,歐洲聯邦管理委員會,台北縣汐止市秀山里秀山路112巷27號,87汐使字第416號,87,416,25.055582,121.667858
1,2010/06/18,青年守則社區商場管理委員會,台北縣汐止市建成路56巷65號,87汐使字第1015號,87,1015,25.073432,121.663563
1,2010/06/08,濱湖B區社區管理委員會,台北縣汐止市湖前街77巷5弄3號7樓,83汐使字第1449號,83,1449,25.07029,121.631371
1,2010/07/19,綠意青禾B區華廈管理委員會,台北縣汐止市莊敬街29巷16號4樓,99汐使字第035號,99,035,25.060307,121.657152
1,2010/08/05,站前畫隄社區管理委員會,台北縣汐止市鄉長路一段55巷9號10樓之1,97汐使字第588號,97,588,25.075886,121.665364
1,1999/11/25,青山綠築公寓大廈管理委員會(補登資料),台北縣汐止市汐萬路二段228巷18弄22號4樓,88汐使字第328號,88,328,25.08951,121.64923
1,2010/08/31,映相巴黎社區管理委員會,台北縣汐止市厚德里26鄰樟樹二路277巷24號3樓,98汐使字第725號,98,725,25.068875,121.640232
1,2010/11/04,雄愛家園社區管理負責人,台北縣汐止市汐萬路二段62巷2號,99汐使字第284號,99,284,25.082151,121.64957
1,2010/11/04,觀止社區管理委員會,台北縣汐止市茄苳路132－2號9樓,98汐使字第754號,98,754,25.070042,121.66845
1,2010/12/30,品川VILLA公寓大廈管理委員會,新北市汐止區東勢里8鄰東勢街130號,97汐使字第098號,97,098,25.040392,121.633467
1,2010/12/15,森泉灣社區管理委員會,新北市汐止區保長路77號2樓,99汐使字第202號,99,202,25.078536,121.67464
1,2010/12/22,周美珠管理負責人,新北市汐止區湖興里5鄰翠峰街21巷1弄1號,99汐使字第401號,99,401,25.076661,121.643116
1,2010/12/22,闕淑君管理負責人,新北市汐止區湖興里3鄰翠峰街8巷2弄2號,99汐使字第402號,99,402,25.078752,121.643983
1,2011/01/02,中興大觀公寓大廈管理委員會,新北市汐止區中興路98－3號4樓之1,85汐使字第1402號,85,1402,25.06245,121.634523
1,2011/01/02,亞太經貿廣場A棟管理委員會,新北市汐止區大同路一段308號,99汐使字第189號,99,189,25.057603,121.636578
1,2011/02/16,亞太經貿廣場B棟管理委員會,新北市汐止區大同路一段308－6號,99汐使字第393號,99,393,25.057203,121.63708
1,2011/02/01,大湖國家三期管理委員會,新北市汐止區康寧街141巷1弄3號11樓,82汐使字第693號,82,693,25.066889,121.621184
1,2011/03/25,優強汐止工業園區管理負責人,新北市汐止區環河街191號,99汐使字第304號,99,304,25.056754,121.627799
1,2011/04/26,活力Double公寓大廈管理委員會,新北市汐止區新台五路二段238－9號5樓,96汐使字第727號,96,727,25.065839,121.671823
1,2011/04/15,觀湖華廈管理委員會,新北市汐止區明峰街59號5樓,85汐使字第195號,85,195,25.071155,121.63314
1,2011/07/04,雙橡園管理委員會,新北市汐止區伯爵街77號,98汐使字第770號,98,770,25.083041,121.636943
1,2011/07/28,晶采安家社區管理委員會,新北市汐止區福德三路8號5樓,99汐使字第524號,99,524,25.069694,121.637503
1,2011/08/25,合康東極大廈管理委員會,新北市汐止區新興路106號,99汐使字第493號,99,493,25.060853,121.658071
1,2011/10/28,東方湖山村社區管理委員會,新北市汐止區招商街19巷10號4樓,79汐使字第662號,79,662,25.068442,121.667141
1,2011/10/21,中央大公園管理委員會,新北市汐止區新台五路一段232~234號,84 汐使字第859號,84,859,25.064627,121.659492
1,2011/11/08,大湖翠亨A區管理委員會,新北市汐止區康寧街61巷51號至73號,81汐使字第1726號,81,1726,25.06771,121.619856
1,2011/11/14,風華社區管理委員會,新北市汐止區福德一路106巷3號,100汐使字第315號,100,315,25.068173,121.637334
1,2011/11/15,捷運年代社區管理委員會,新北市汐止區汐萬路一段192號,98汐使字第361號,98,361,25.07203,121.652294
1,2011/12/07,三甲好禮社區管理委員會,新北市汐止區連興街128巷7弄12號8樓,83汐使字第1562號,83,1562,25.061157,121.653477
1,2011/12/05,雅典王朝A區公寓大廈管理委員會(補登資料),新北市汐止區康寧街307巷1弄2~10號,82汐使字第457號,82,457,25.067442,121.626687
1,2012/01/12,世紀經貿大樓管理委員會,新北市汐止區大同路一段276號,80汐使字第075號,80,075,25.057303,121.634327
1,2012/03/03,雅典王朝C區公寓大廈管理委員會(補登資料),新北市汐止區康寧街313號10樓,81汐使字第118號,81,118,25.067731,121.627214
1,2012/06/01,峰岳管理委員會,新北市汐止區民族一街60號,100汐使字第319號,100,319,25.070903,121.633561
1,2012/06/02,峰岳2管理委員會,新北市汐止區民族二街32巷26號,100汐使字第279號,100,279,25.071148,121.633608
1,2012/06/03,東別館社區管理委員會,新北市汐止區汐碇路16-1巷1號,100汐使字第302號,100,302,25.058342,121.652696
1,2012/06/04,儷莊橘樓公寓大廈管理委員會,新北市汐止區茄苳路88巷22號,100汐使字第447號,100,447,25.070001,121.667328
1,2012/08/01,東之星大廈管理委員會,新北市汐止區大同路二段376-384號,79汐使字第158號,79,158,25.067066,121.657884
1,2012/10/01,吉璞長虹企業總部管理委員會,新北市汐止區福德二路215號,101汐使字第242號,101,242,25.064557,121.627934
1,2012/10/02,祥宏名廈公寓大廈管理委員會,新北市汐止區祥雲街45號,100汐使字第476號,100,476,25.090039,121.647015
1,2012/10/03,富信科技大樓,新北市汐止區大同路一段120~126號,100汐使字第298號,100,298,25.062548,121.645701
1,2012/11/01,順天大樓管理委員會,新北市汐止區瑞松街18巷17號,98汐使字第277號,98,277,25.104388,121.644662
1,2012/11/02,湖悅社區管理委員會,新北市汐止區民族六路7巷15號,101汐使字第251號,101,251,25.069865,121.630652
1,2012/12/01,汐止站前凱悅社區管理委員會,新北市汐止區大同路三段451號,99汐使字第171號,99,171,25.071366,121.678661
1,2012/12/02,君士坦丁堡希臘區管理委員會,新北市汐止區宜興街9巷9號,81汐使字第1088號,81,1088,25.041839,121.620833
1,2012/12/03,雍和台北園區管理委員會,新北市汐止區南陽街185-213號,101汐使字第331號,101,331,25.05864,121.625625
1,2013/01/22,正賢家園社區管理委員會,新北市汐止區信義路6號,101汐使字第465號,101,465,25.069497,121.661973
1,2013/04/23,汐止財星世界大樓管理委員會,新北市汐止區大同路一段380號,80汐使字第1315號,80,1315,25.05951,121.639408
1,2013/04/25,甲山林天廈管理委員會,新北市汐止區大同路二段231號,100汐使字第556號,100,556,25.065355,121.653454
1,2013/06/04,樂捷市社區管理委員會,新北市汐止區民族一街66號等,102汐使字第064號,102,064,25.07082,121.633205
1,2013/07/31,中正華廈公寓大廈管理委員會,"新北市汐止區中正路285,287號",83汐使字第1588號,83,1588,25.067838,121.655911
1,2013/07/29,早安清境社區管理委員會,新北市汐止區南興路62號等,101汐使字第488號,101,488,25.059259,121.652252
1,2013/07/24,新北市汐止區台北春田社區管理委員會,新北市汐止區樟樹一路123巷1號等,78汐使字第1677號,78,1677,25.06454,121.641847
1,2013/07/16,百神米蘭大樓管理委員會,新北市汐止區大同路二段508號等,100汐使字第359號,100,359,25.054991,121.631024
1,2013/12/24,台灣科學園區管理委員會,新北市汐止區大同路一段237-1號等,101汐使字第382號,101,382,25.058017,121.634843
1,2013/12/20,一翔如意大廈管理委員會,新北市汐止區新台五路二段77號等,102汐使字第228號,102,228,25.066832,121.664109
1,2014/01/10,彭舒藍管理負責人,新北市汐止區汐萬路三段119巷26弄23號等,102汐使字第402號,102,402,25.096879,121.642017
1,2014/01/28,周淳志管理負責人,新北市汐止區仁愛路49-1號等,102汐使字第553號,102,553,25.063034,121.659961
1,2014/03/03,汐科大廈管理委員會,新北市汐止區大同路二段184巷1-1號等,102汐使字第347號,102,347,25.064069,121.653535
1,2012/04/06,亞太經貿中心二期管理委員會(補登),新北市汐止區中興路22-34號,87汐使字第786號,87,786,25.059906,121.63685
1,2014/06/30,少年家特區公寓大廈管理委員會,新北市汐止區樟樹二路339巷1及3號,86汐使字第1241號,86,1241,25.070575,121.641054
1,2014/06/20,汐止雲品川社區管理委員會,新北市汐止區建成路23巷32號等,102汐使字第627號,102,627,25.071887,121.664198
1,2014/07/18,家中璽大廈管理委員會,"新北市汐止區大同路二段481,483號及光明街19號",84汐使字第578號,84,578,25.073125,121.665074
1,2014/07/07,寰宇首席公寓大廈管理委員會,新北市汐止區大同路二段226號等,102汐使字第452號,102,452,25.065321,121.653797
1,2014/10/31,歡喜天地管理委員會,"新北市汐止區明峰街322,324,324之1號等",83汐使字第226號,83,226,25.067067,121.62496
1,2014/10/30,台北特區460號管理委員會,新北市汐止區忠孝東路460至466號(雙),83汐使字第131號,83,131,25.073177,121.66624
1,2014/11/26,富美堂社區管理委員會,新北市汐止區汐平路一段8號等,103汐使字第223號,103,223,25.070951,121.680848
1,2014/12/25,御璟社區管理委員會,新北市汐止區工建路137至155號(單),103汐使字第092號,103,092,25.063244,121.638257
1,2014/12/27,伯爵山莊樂利苑公寓大廈管理委員會(補登),新北市汐止區伯爵街2巷1至31單號及3樓,79汐使字第1278號,79,1278,25.075551,121.642122
1,2014/12/29,寶麟初韻公寓大廈管理委員會,新北市汐止區保一街1號(代表號),103汐使字第291號,103,291,25.081589,121.673694
1,2015/02/13,幸福捷境社區管理委員會,新北市汐止區福德二路68號,103汐使字第270號,103,270,25.066856,121.633557
1,2015/05/06,仰大湖社區管理委員會,新北市汐止區明峰街93號,102汐使字第255號,102,255,25.0711,121.63193
1,2015/05/18,橙億有限公司公寓大廈管理委員會,新北市汐止區大同路二段169巷64號,104汐使字第133號,104,133,25.065642,121.649942
1,2015/07/20,城中公寓大廈管委會,新北市汐止區城中里2鄰大同路二段663號,104汐使字第261號,104,261,25.071836,121.664783
1,2015/07/23,基泰都鐸薔薇公寓大廈管理委員會,新北市汐止區汐萬路三段217巷37號,103汐使字第297號,103,297,25.103176,121.643185
1,2015/07/28,春發大廈,新北市汐止區福德二路219號6樓,102汐使字第140號,102,140,25.064375,121.627854
1,2015/08/11,宸峰公寓大廈管理委員會,新北市汐止區新台五路一段129號8樓,104汐使字第147號,104,147,25.061833,121.651971
1,2015/08/28,東台北社區管理委員會,新北市汐止區中興路110巷36號5樓,79汐使字第607號,79,607,25.064695,121.634367
1,2015/09/23,高玉換管理負責人,新北市汐止區合順街70號4樓,102汐使字第430號,102,430,25.043126,121.621273
1,2015/09/30,雲天綠第公寓大廈管理委員會,新北市汐止區新台五路一段272號21樓,104汐使字第131號,104,131,25.064447,121.659183
1,2015/10/30,林秀春管理負責人,新北市汐止區大同路二段667號,103汐使字第364號,103,364,25.071928,121.664815
1,2015/11/26,張華宗管理負責人,新北市汐止區翠峰街8巷5弄9號,103汐使字第408號,103,408,25.078092,121.643459
1,2016/01/12,河畔哲人社區管理委員會,新北市汐止區新台五路一段137號,104汐使字第00303號,104,00303,25.062118,121.652795
1,2016/02/22,橫科小築社區管理負責人,新北市汐止區橫科路18巷17號,101汐使字第00109號,101,00109,25.050203,121.61779
1,2016/03/14,吳氏公寓大廈管理委員會,新北市汐止區明峰街32號,104汐使字第00611號,104,00611,25.071472,121.63387
1,2016/04/08,寶藏社區管理委員會,新北市汐止區保長路51巷18號,104汐使字第00469號,104,00469,25.07889,121.674187
1,2016/04/28,台謙好境雅境社區管理委員會,新北市汐止區長興街一段60號,104汐使字第00524號,104,00524,25.079764,121.670769
1,2016/03/28,黃家大院,新北市汐止區大同路二段187巷6弄18號,105汐使字第00043號,105,00043,25.065149,121.652854
1,2016/05/13,龍巖汐止總部大樓管理人,新北市汐止區東勢街109號,104汐使字第00134號,104,00134,25.040748,121.633101
1,2016/05/19,陳公館管理負責人,新北市汐止區鄉長路2段22號,104汐使字第00112號,104,00112,25.082664,121.668361
1,2016/07/11,康福郡管理委員會,新北市汐止區福德一路133號,84汐使字第732號,84,732,25.067138,121.63704
1,2016/07/22,忠孝華廈社區管理委員會,新北市汐止區忠孝東路511號,83汐使字第258號,83,258,25.075427,121.666656
1,2016/08/18,椿城福第公寓大廈管理委員會,新北市汐止區光明街6號,83汐使字第1801號,83,1801,25.068836,121.660979
1,2016/09/07,仁德福星二期管理委員會,新北市汐止區和平街35號(單號),78汐使字第7855號,78,7855,25.070709,121.662367
1,2016/11/24,台灣科學園區T5館大樓管理負責人,新北市汐止區工建路356-358號,105汐使字第00294號,105,00294,25.060245,121.633981
1,2017/01/12,東方黎明社區管理委員會,新北市汐止區福德一路187巷4號,83汐使字第00815號,83,00815,25.065809,121.635645
1,2017/01/26,潤泰明峰管理委員會,新北市汐止區明峰街136號,105汐使字第00301號,105,00301,25.070831,121.629712
1,2017/02/23,蘭庭序大廈管理委員會,新北市汐止區汐萬路1段193號2樓等,104汐使字第00245號,104,00245,25.071691,121.652351
1,2017/02/09,合謙好境美境社區管理委員會,新北市汐止區長興街2段56號2樓之3等,105汐使字第00280號,105,00280,25.081865,121.67438
1,2017/02/23,星喬科技園區管理負責人,新北市汐止區康寧街163-1號等,105汐使字第00533號,105,00533,25.066976,121.622462
1,2017/03/01,龍泰天廈管理委員會,新北市汐止區大同路3段437號等,81汐使字第01021號,81,01021,25.071403,121.678297
1,2017/03/03,iCASA公寓大廈管理委員會,新北市汐止區東勢街113號等,104汐使字第00471號,104,00471,25.041077,121.633223
1,2017/03/15,暐石登峰社區管理委員會,新北市汐止區民族五路28號等,105汐使字第00284號,105,00284,25.071452,121.629301
1,2017/04/06,隱馥玉公寓大廈管理委員會,新北市汐止區中興路179-5號等,105汐使字第00164號,105,00164,25.066652,121.630427
1,2017/04/21,合謙富境社區管理委員會,新北市汐止區長興街2段62號等,105汐使字第00407號,105,00407,25.081916,121.674578
1,2017/05/23,凱旋大地別墅社區管理委員會,新北市汐止區汐萬路1段418巷1弄2號等,88汐使字第00937號,88,00937,25.078367,121.650549
1,2017/06/09,環瑋大地管理委員會,新北市汐止區樟樹二路112號等,83汐使字第00242號,83,00242,25.064872,121.63982
1,2017/07/13,國揚雲端科技大樓管理委員會,新北市汐止區南興路51號等,105汐使字第00535號,105,00535,25.060628,121.652508
1,2017/08/02,慶寶社區管理負責人,新北市汐止區水源路1段245號等,106汐使字第00086號,106,00086,25.059943,121.654261
1,2017/08/08,新興家園公寓大廈管理負責人,新北市汐止區新興路42~52號,86汐使字第00011號,86,00011,25.060869,121.658257
1,2017/10/16,綠意皇邑社區管理委員會,新北市汐止區橋東里忠孝東路490~492號,105汐使字第00225號,105,00225,25.075495,121.666931
1,2017/10/17,鄉友社區管理負責人,新北市汐止區鄉友街9號等,106汐使字第00410號,106,00410,25.080804,121.668167
1,2017/10/20,南興綠園社區管理委員會,新北市汐止區南興路79~81號,105汐使字第00175號,105,00175,25.058776,121.653412
1,2017/10/25,香帥公寓大廈管理負責人,新北市汐止區江北里15鄰汐萬路1段211巷26號 ,106汐使字第00374號,106,00374,25.071759,121.651094
1,2017/10/27,三正社區管理負責人,新北市汐止區宜興街108號,106汐使字第00360號,106,00360,25.042997,121.623279
1,2017/09/08,君悅公寓大廈管理負責人,新北市汐止區民族二街13號,105汐使字第00545號,105,00545,25.070592,121.634944
1,2017/11/06,汐平華廈管理委員會,新北市汐止區汐平路一段28號等,85汐使字第00498號,85,00498,25.070571,121.681985
1,2017/09/29,適逸居社區管理負責人,新北市汐止區宜興街124號,105汐使字第00560號,105,00560,25.042992,121.623478
1,2017/11/07,矽科國際大樓管理負責人,新北市汐止區南興路58號,105汐使字第00536號,105,00536,25.059556,121.652643
1,2017/11/02,春華社區管理負責人,新北市汐止區新昌路35號,106汐使字第00372號,106,00372,25.067969,121.662272
1,2017/12/25,漢寶科技大樓公寓大廈管理委員會,新北市汐止區福德三路363~369號,105汐使字第00219號,105,00219,25.066383,121.627554
1,2018/01/12,金龍桃城公寓大廈管理負責人陳奕夫,新北市汐止區民族二街22號5樓,104汐使字第00541號,104,00541,25.072053,121.63536
1,2017/11/27,和蘭公寓社區管理負責人,新北市汐止區水源路一段242號,106汐使字第00183號,106,00183,25.060257,121.654124
1,2018/02/05,勤樸大臻大樓,新北市汐止區大同路一段499號,106汐使字第00119號,106,00119,25.062186,121.644709
1,2018/02/27,半島花園A棟社區管理委員會,新北市汐止區樟樹二路466號7樓,106汐使字第00230號,106,00230,25.07372,121.643613
1,2018/03/05,汐萬17管理負責人,新北市汐止區汐萬路一段17號7樓之1,80汐使字第00171號,80,00171,25.067471,121.655897
1,2018/04/17,東方明珠大廈二期管理委員會,新北市汐止區民權街二段87-91號,83汐使字第00085號,83,00085,25.047658,121.619226
1,2018/04/09,誼誠大樓管理負責人,新北市汐止區湖前街68巷9號7樓,105汐使字第00158號,105,00158,25.070785,121.632806
1,2018/03/16,超級花園社區管理委員會,新北市汐止區樟樹二路93號1樓,105汐使字第00337號,105,00337,25.062895,121.639562
1,2018/10/03,北歐晴社區管理委員會,新北市汐止區中正路298號5樓,106汐使字第00565號,106,00565,25.068299,121.656524
1,2018/10/03,風華社區管理委員會,新北市汐止區福山里12鄰國興街23巷10號 ,106汐使字第00494號,106,00494,25.04568,121.621999
1,2018/10/03,蔣?(王美)瑤管理負責人,新北市汐止區保長里16鄰保長路37巷14號 ,107汐使字第00200號,107,00200,25.079633,121.673357
1,2018/10/08,康郡社區管理委員會,新北市汐止區仁愛路106巷23-31號,106汐使字第00285號,106,00285,25.062999,121.662792
1,2018/12/17,半島花園BC棟社區管理委員會,新北市汐止區樟樹二路438號,107汐使字第00067號,107,00067,25.073566,121.643334
1,2019/01/30,閱泰然社區管理委員會,新北市汐止區水源路一段168巷6-18號,107汐使字第00100號,107,00100,25.062249,121.655249
1,2019/02/25,麗園公寓大廈社區管理委員會,新北市汐止區大同路二段446-454號,107汐使字第00018號,107,00018,25.067273,121.659621
1,2019/02/25,上東城社區管理委員會,新北市汐止區康寧街459巷51號,107汐使字第00363號,107,00363,25.069513,121.630236
1,2019/03/22,汐寶之星管理負責人,新北市汐止區仁愛路43-45號,107汐使字第00242號,107,00242,25.063375,121.659651
1,2018/10/19,合康雲極社區管理委員會,新北市汐止區自強里8鄰新興路145號12樓 ,107汐使字第00064號,107,00064,25.060813,121.658377
1,2018/06/22,幸福城市社區管理委員會(10806補登),新北市汐止區中興里11鄰福德二路57號 ,106汐使字第00329號,106,00329,25.066925,121.634179
1,2019/07/23,哲人德林社區管理委員會,新北市汐止區仁愛路162-6~162-8號,107汐使字第00471號,107,00471,25.064906,121.664254
1,2019/08/19,御東城社區管理委員會,新北市汐止區康寧街459巷18號1樓,108汐使字第00113號,108,00113,25.0698,121.631091
1,2019/09/03,品美學社區管理委員會,新北市汐止區南興路89號,107汐使字第00082號,107,00082,25.058851,121.65315
1,2019/09/16,富春山居管理負責人,新北市汐止區湖興里17鄰康寧街753巷2弄18號,106汐使字第00560號,106,00560,25.074646,121.639684
1,2019/09/24,大同硯社區管理委員會,新北市汐止區和平街9號,107汐使字第00404號,107,00404,25.070657,121.663225
1,2019/10/15,翠御社區管理委員會,新北市汐止區汐碇路11號,107汐使字第00243號,107,00243,25.05861,121.653451
1,2019/12/19,益翔青庭公寓大廈管理委員會,新北市汐止區保長路53號,108汐使字第00172號,108,00172,25.078673,121.673632
1,2020/01/20,敦美苑社區管理委員會,新北市汐止區仁愛路152巷77號1樓,108汐使字第00209號,108,00209,25.063344,121.665012
1,2015/05/18,橙億有限公司公寓大廈管理委員會-10904補登,新北市汐止區大同路2段169巷68-2號等,108汐使字第00483號,108,00483,25.065766,121.649897
1,1998/01/01,佳人綠園公寓大廈管理委員會-1090406補登,新北市汐止區福德一路106巷8~18號,086汐使字第00946號,086,00946,25.068472,121.637261
1,2020/03/02,迎東湖社區管理委員會,新北市汐止區湖光里明峰街7-13號,104汐使字第00465號,104,00465,25.071176,121.635347
1,2020/04/20,東湖畔管理委員會,新北市汐止區湖光里湖東街36號,108汐使字第00205號,108,00205,25.072244,121.63511
1,2020/06/29,勤樸天際社區管理委員會,新北市汐止區大同路1段103~109號及111巷13~18號,102汐使字第00428號,102,00428,25.062548,121.645701
1,2020/07/02,耀東城社區管理委員會,新北市新北市汐止區金龍里24鄰康寧街459巷10號,109汐使字第00020號,109,00020,25.068992,121.631435
1,2020/07/14,恆美學社區管理委員會,新北市汐止區南興路96-98號,105汐使字第00401號,105,00401,25.058689,121.65334
1,2020/08/10,欣富築社區管理委員會,新北市汐止區茄苳路286號,108汐使字第00312號,108,00312,25.067784,121.672431
1,2020/08/07,明湖儷莊管理委員會,新北市汐止區民族二街30巷8-10號,104汐使字第00289號,104,00289,25.071869,121.634563
1,2020/08/21,天墅社區公寓大廈管理委員會,新北市汐止區東勢街201巷163弄88號B2,107汐使字第00039號,107,00039,25.042583,121.632606
1,2020/08/19,忠孝大院管理委員會,新北市汐止區忠孝東路415號1樓,108汐使字第00142號,108,00142,25.071393,121.665784
1,2020/08/28,東湖捷境大樓管理委員會,新北市汐止區康寧街52-60號,108汐使字第00438號,108,00438,25.066578,121.618765
1,2020/10/07,站前水漾社區管理委員會,新北市汐止區長安里長興街1段29號,107汐使字第00296號,107,00296,25.079051,121.669753
1,2020/10/14,山水清境大樓管理委員會,新北市汐止區水源路一段275號6樓,85汐使字第1140號,85,1140,25.058907,121.654202
1,2020/11/11,中研翡麗公寓大廈管理委員會,新北市汐止區宜興里20鄰林森街35號,108汐使字第00137號,108,00137,25.040182,121.622539
1,2020/12/27,金龍皇璽社區管理委員會,新北市汐止區康寧街623巷2-10號,108汐使字第00359號,108,00359,25.071839,121.63664
1,2021/01/02,大園汐止廠房管理負責人,新北市汐止區大同路1段489-493號,109汐使字第00319號,109,00319,25.061422,121.642861
1,2021/01/13,興富發莊園中研A+社區管理委員會,新北市汐止區東勢街201巷1號,107汐使字第00058號,107,00058,25.042,121.63363
1,2021/01/19,遠雄U-TOWN管理委員會,新北市汐止區新台五路1段99號B3,103汐使字第00395號,103,00395,25.06162,121.648248
1,2021/01/30,葳格博閱社區管理委員會,新北市汐止區北峰里康寧街357-373號,109汐使字第00201號,109,00201,25.067688,121.628339
1,2021/02/17,汐止聖方濟朝聖地公寓大廈管理負責人,新北市汐止區大同路2段637號,108汐使字第00171號,108,00171,25.07141,121.664302
1,2021/04/15,龍霖臻藏社區管理委員會,新北市汐止區保一街18號,109汐使字第00408號,109,00408,25.080673,121.673793
1,2021/05/05,旭日雅築社區管理委員會,新北市汐止區長興街2段4巷11-23號,83汐使字第1199號,83,1199,25.080584,121.672732
1,2021/05/13,冠東城社區管理委員會,新北市汐止區康寧街459巷1-43號,109汐使字第00309號,109,00309,25.069012,121.631159
1,2021/05/20,東福大地社區住戶管理委員會,新北市汐止區保一街8巷20號3樓,83汐使字第1800號  81汐建字第1743號,83,1800,25.08096,121.673139
1,2021/08/01,大永大廈管理負責人,新北市汐止區福德二路288號,110汐使字第00103號,110,00103,25.065147,121.626527
1,2021/08/05,采采良品采悅館管理委員會,新北市汐止區興福里福德一路176巷6-12號,109汐使字第00373號,109,00373,25.066333,121.635641
1,2021/08/09,水源居社區公寓大廈管理委員會,新北市汐止區水源路2段72巷6弄1-13號,83汐使字第1520號,83,1520,25.055844,121.655572
1,2021/09/01,台灣金聯汐止大樓管理負責人,新北市汐止區保長路422-426號,109汐使字第25號,109,25,25.072236,121.684149
1,2021/09/13,國揚矽谷管理委員會,新北市汐止區中興路43號,110汐使字第16號,110,16,25.061934,121.634118
1,2021/09/29,自由室社區管理委員會,新北市汐止區忠孝東路258巷16弄8-12號,110汐使字第00080號,110,00080,25.067126,121.66355
1,2021/10/16,四季晏北晏社區管理委員會,新北市汐止區樟樹二路167-175號,110汐使字第007號,110,007,25.06755,121.640474
1,2021/10/16,四季晏南晏社區管理委員會,新北市汐止區樟樹二路161-165號,110汐使字第008號,110,008,25.067312,121.640389
1,2021/10/22,湖之妍公寓大廈管理委員會,新北市汐止區康寧街607-609號,108汐使字第00062號,108,00062,25.071093,121.63593
1,2021/11/25,富貴名邸社區管理委員會,新北市汐止區汐平路1段18號,108汐使字第147號,108,147,25.07071,121.681372
1,2021/12/19,大同社區管理委員會,新北市汐止區大同路2段206號,84汐使字第021號,84,021,25.064841,121.653339
1,2022/01/04,福德One社區管理委員會,新北市汐止區福德一路188-202號,110汐使字第200號,110,200,25.066002,121.634944
1,2022/01/19,筑丰陽陽大廈管理委員會,新北市汐止區樟樹二路358號1樓,110汐使字第127號,110,127,25.070917,121.641859
1,2022/02/08,情人味社區管理委員會,新北市汐止區福德一路86巷7-13號,82汐使字第1388號,82,1388,25.068704,121.637663
1,1996/09/14,台北滿天星管理委員會,板橋市長江路二段211至225號,84板使字第 0400 號,84,0400,25.03257,121.468322
1,1996/10/09,大聯盟管理委員會,板橋市大觀路三段133巷15號3樓,85板使字第 0497 號,85,0497,24.994312,121.433038
1,1996/11/23,中山大樓管理委員會,板橋市中山路二段99號12樓之12 ,85板使字第 0941 號,85,0941,25.016173,121.474414
1,1996/11/29,久揚天廈管理委員會,板橋市中山路一段293號之1 14樓,83板使字第 1722 號,83,1722,25.014683,121.47089
1,1996/12/12,板橋新都市管理委員會,板橋市篤行路二段161巷8號13樓,81板使字第 1142 號,81,1142,24.987304,121.429458
1,1997/01/24,莒光雙喜臨門管理委員會,板橋市莒光路159巷2號2樓,84板使字第 1516 號,84,1516,25.024429,121.473479
1,1997/03/04,台北大第管理委員會,板橋市篤行路二段131巷76號11樓,84板使字第 0248 號,84,0248,24.99016,121.432291
1,1997/03/10,好鄰居大貴區管理委員會,板橋市懷德街139巷49號3樓,85板使字第 0588 號,85,0588,25.031057,121.480202
1,1997/03/26,雙冠軍管理委員會,板橋市國慶路213巷25號4樓,85板使字第 0824 號,85,0824,24.996877,121.462509
1,1997/05/27,麒麟天地東區管理委員會,板橋市金門街297巷7號13樓,84板使字第 0682 號,84,0682,24.986457,121.430656
1,1997/06/11,民生廣場管理委員會,板橋市民生路一段35號7樓之1 ,84板使字第 1533 號,84,1533,25.012664,121.475739
1,1997/06/27,合宜管理委員會,板橋市實踐路34號10樓之2 ,85板使字第 1331 號,85,1331,25.007085,121.463539
1,1997/07/03,傳家廣場管理委員會,板橋市龍泉街110號16樓之1 ,84板使字第 0777 號,84,0777,25.024542,121.456821
1,1997/07/04,龍都緣管理委員會,板橋市龍興街103巷1號5樓,84板使字第 0334 號,84,0334,25.003433,121.444318
1,1997/07/17,文化第王管理委員會,板橋市文化路二段182巷1弄12號12樓,84板使字第 1302 號,84,1302,25.02783,121.47156
1,1997/07/21,愛因斯坦管理委員會,板橋市長安街261巷25號2樓,83板使字第 0734 號,83,0734,25.011308,121.472962
1,1997/08/08,大漢東宮管理委員會,板橋市文聖街202號,80板使字第 0778 號,80,0778,25.025832,121.480134
1,1997/08/26,玉平雙公園管理委員會,板橋市篤行路三段68號1樓,85板使字第 1438 號,85,1438,24.985541,121.427098
1,1997/09/18,薪貴居管理委員會,板橋市雨農路21號12樓之4 ,86板使字第 0338 號,86,0338,25.024242,121.461446
1,1997/09/22,陽明管理委員會,板橋市陽明街25巷11號9樓,82板使字第 0688 號,82,0688,25.021203,121.465968
1,1997/09/25,財星管理委員會,板橋市南雅南路一段55號,85板使字第 0738 號,85,0738,25.005987,121.45594
1,1997/09/27,豪美館前管理委員會,板橋市館前東路104號13樓,79板使字第 0750 號,79,0750,25.007521,121.462877
1,1997/10/21,天藍凱悅管理委員會,板橋市貴興路88號9樓,83板使字第 0531 號,83,0531,25.003122,121.455949
1,1997/10/22,高爾夫花園廣場采風座管理委員會,板橋市南雅南路二段11巷5號,84板使字第 1550 號,84,1550,25.002389,121.454865
1,1997/10/24,福弟管理委員會,板橋市新海路135巷47號7樓,84板使字第 1006 號,84,1006,25.02249,121.459712
1,1997/10/30,板橋名人居管理委員會,板橋市莊敬路25巷4弄3號5樓,86板使字第 0138 號,86,0138,25.027442,121.474014
1,1997/11/03,文化金都大廈管理委員會,板橋市文聖街42號,84板使字第 0633 號,84,0633,25.031245,121.476472
1,1997/11/03,吉祥儒邑管理委員會,板橋市文化路二段410巷2弄16號1至14樓,85板使字第 0478 號,85,0478,25.03069,121.474074
1,1997/11/08,榮華大廈管理委員會,板橋市大觀路3段160巷25弄2號1樓,85板使字第 0709 號,85,0709,24.99367,121.430423
1,1997/11/13,全家福公寓大廈管理委員會,板橋市金門街215巷27號6樓,85板使字第 1628 號,85,1628,24.989998,121.433079
1,1997/11/25,板橋大公園管理委員會,板橋市篤行路二段70號2樓,84板使字第 0169 號,84,0169,24.99221,121.431391
1,1997/11/25,百世順公寓大廈管理委員會,板橋市國光路183號,85板使字第 0216 號,85,0216,25.018519,121.46092
1,1997/12/04,陽光庭園社區大樓管理委員會,板橋市大觀路三段212巷38號,85板使字第 1040 號,85,1040,24.993123,121.42973
1,1997/12/10,國盛富地管理委員會,板橋市仁化街103號,85板使字第 0175 號,85,0175,25.032318,121.476603
1,1997/12/12,御花園管理委員會,板橋市華興街17號,72板使字第 0486 號,72,0486,25.004567,121.458848
1,1997/12/16,青年福利園管理委員會,板橋市和平路129巷16號,85板使字第 1348 號,85,1348,24.995905,121.462766
1,1997/12/30,江山美人管理委員會,板橋市大觀路三段160巷34弄5至29號,85板使字第 1542 號,85,1542,24.994575,121.430027
1,1998/01/03,興頤園管理委員會,板橋市溪北路166至170號,85板使字第 1124 號,85,1124,24.987921,121.430908
1,1998/01/05,松園管理委員會,板橋市大觀路三段160巷22號,83板使字第 0987 號,83,0987,24.993873,121.430342
1,1998/01/05,市中星管理委員會,板橋市中山路二段443巷4號8樓,85板使字第 0148 號,85,0148,25.020529,121.481313
1,1998/01/06,玉暉管理委員會,板橋市中山路二段252號12樓,86板使字第 0234 號,86,0234,25.018263,121.478783
1,1998/01/08,新宿花園管理委員會,板橋市篤行路一段32號,84板使字第 0188 號,84,0188,24.993881,121.431818
1,1998/01/09,幸福名宮管理委員會,板橋市文聖街149巷23弄6號5樓,79板使字第 0639 號,79,0639,25.028894,121.479496
1,1998/01/09,新陽樓管理委員會,板橋市南雅南路二段144巷95號6樓,86板使字第 0391 號,86,0391,24.994674,121.450137
1,1998/01/12,金世家管理委員會,板橋市長江路二段69至93號,86板使字第 0733 號,86,0733,25.031811,121.465232
1,1998/01/26,漢江春曉管理委員會,板橋市民生路三段246至252號,85板使字第 0179 號,85,0179,25.031157,121.464311
1,1998/02/10,錦鏽中國管理委員會,板橋市成都街93~103號,85板使字第 0552 號,85,0552,25.005393,121.463635
1,1998/03/10,三福如意金典管理委員會,板橋市南雅南路一段40號,86板使字第 0140 號,86,0140,25.006149,121.455791
1,1998/03/10,豐田甲天廈管理委員會,板橋市溪城路105~121號,86板使字第 0394 號,86,0394,24.982279,121.4278
1,1998/03/18,板橋傑座管理委員會,板橋市三民路二段139~151號,83板使字第 0890 號,83,0890,25.011635,121.479249
1,1998/03/18,富貴公寓大廈管理委員會,板橋市大觀路160巷25弄3號2樓,86板使字第 0578 號,86,0578,24.993469,121.430511
1,1998/03/21,板橋京都管理委員會,板橋市重慶路269巷79~93號,85板使字第 0957 號,85,0957,24.999305,121.46588
1,1998/03/26,大庭新城管理委員會,板橋市國光路69號B1,84板使字第 0426 號,84,0426,25.018191,121.459284
1,1998/03/26,望族花園管理委員會,板橋市四川路二段130巷53~77－(單)號,85板使字第 0522 號,85,0522,24.993766,121.449943
1,1998/04/01,天第管理委員會,板橋市5鄰區運路22~32－(雙)號,80板使字第 1376 號,80,1376,25.010463,121.466446
1,1998/04/08,陽明凱旋管理委員會,板橋市雨農路2.6號,85板使字第 1537 號,85,1537,25.024574,121.461568
1,1998/04/16,適合苑社區管理委員會,板橋市三民路二段81巷27弄19號,85板使字第 1451 號,85,1451,25.017595,121.480915
1,1998/04/20,寶島福(屯B)管理委員會,板橋市萬安街53巷22~36－(雙)號,85板使字第 0337 號,85,0337,25.023498,121.483402
1,1998/04/21,台灣世家管理委員會,板橋市莊敬路9~23－(單)號,86板使字第 0992 號,86,0992,25.028476,121.474036
1,1998/04/23,板橋仕管理委員會,板橋市大觀路三段50巷81~93－(單)號,86板使字第 0545 號,86,0545,24.996762,121.431417
1,1998/04/24,群發富第管理委員會,板橋市金門街379巷7~29－(單)號,79板使字第 1591 號,79,1591,24.984366,121.428253
1,1998/04/27,吉祥富貴管理委員會,板橋市四維路174－1.2.3號,81板使字第 1471 號,81,1471,25.026502,121.464558
1,1998/04/27,麒麟天地A區管理委員會,板橋市金門街260巷2號,83板使字第 1447 號,83,1447,24.986912,121.429844
1,1998/04/29,大鎮江山管理委員會,板橋市國慶路175~199－(單)號,86板使字第 0952 號,86,0952,24.995524,121.457579
1,1998/05/05,中正花都管理委員會,板橋市中正路17~27－(單)號1~12樓,80板使字第 0424 號,80,0424,25.014249,121.456284
1,1998/05/08,萬歲新天地管理委員會,板橋市中山路二段531巷17弄,86板使字第 0852 號,86,0852,25.022141,121.482778
1,1998/05/13,金扶輪管理委員會,板橋市中山路一段2號,74板使字第 2086 號,74,2086,25.007348,121.459669
1,1998/05/14,金吉第管理委員會,板橋市中山路一段50巷36號,86板使字第 0339 號,86,0339,25.009136,121.461986
1,1998/05/21,文化天下管理委員會,板橋市雙十路27至43－(單)號,86板使字第 0163 號,86,0163,25.025569,121.477223
1,1998/05/22,金鑽管理委員會,板橋市南雅南路一段8號,83板使字第 0671 號,83,0671,25.006618,121.456029
1,1998/05/25,新站御庭管理委員會,板橋市民族路256.258號,82板使字第 1049 號,82,1049,25.006609,121.470656
1,1998/06/03,四川大樓管理委員會,板橋市四川路二段237~243－(單)號,81板使字第 0905 號,81,0905,24.996825,121.456761
1,1998/06/03,新寶天第管理委員會,板橋市四川路一段107號,84板使字第 1321 號,84,1321,25.005088,121.459866
1,1998/06/03,福德雙星管理委員會,板橋市篤行路三段32號,84板使字第 1365 號,84,1365,24.98664,121.428219
1,1998/06/04,鎮(土反)橋管理委員會,板橋市國慶路3~13－(單)號,84板使字第 1677 號,84,1677,24.995524,121.457579
1,1998/06/09,大觀明園管理委員會,板橋市金門街8~16－(雙)號1~16樓,83板使字第 1790 號,83,1790,24.993317,121.433443
1,1998/06/09,文化奇蹟萬居管理委員會,板橋市文化路二段182巷1弄32號,85板使字第 1442 號,85,1442,25.028673,121.472139
1,1998/06/16,藝術寶第管理委員會,板橋市永安12鄰莒光路217~227－(單)號,86板使字第 0863 號,86,0863,25.024459,121.470651
1,1998/06/24,冠軍名邸管理委員會,板橋市長江路二段28~38－(雙)號1~7樓,86板使字第 1287 號,86,1287,25.032598,121.467724
1,1998/06/25,一品華廈管理委員會,板橋市重慶路274巷2~14－(雙)號,86板使字第 0736 號,86,0736,25.000367,121.462791
1,1998/06/29,公園大道公寓大廈管理委員會,板橋市陽明街251~259－(單)號,83板使字第 1483 號,83,1483,25.021629,121.466358
1,1998/06/29,捷和藍京管理委員會,板橋市民生路二段229至249－(單)號,86板使字第 1023 號,86,1023,25.016614,121.473519
1,1998/07/01,松柏名家管理委員會,板橋市中山路二段416巷36－1~4號,87板使字第 0010 號,87,0010,25.019917,121.482849
1,1998/07/03,文化大人國管理委員會,板橋市文化路二段182巷3弄48至78－(雙)號,86板使字第 0975 號,86,0975,25.0274,121.471428
1,1998/07/06,皇家望族管理委員會,板橋市篤行路二段131巷54.56弄1~6號1~7樓,81板使字第 0617 號,81,0617,24.990538,121.43168
1,1998/07/06,文化大地管理委員會,板橋市莊敬路56~60－(雙)號,82板使字第 1621 號,82,1621,25.028476,121.474036
1,1998/07/06,真善美花園管理委員會,板橋市新海路362~374－(雙)號,85板使字第 1138 號,85,1138,25.024405,121.458183
1,1998/07/09,林園春曉管理委員會,板橋市府中路126號,84板使字第 0794 號,84,0794,25.009474,121.454885
1,1998/07/10,高爾夫花園管理委員會,板橋市南雅南路二段3~9－(單)號1~18樓,85板使字第 0126 號,85,0126,25.003405,121.454672
1,1998/07/28,帝國金鑽管理委員會,板橋市金門街25巷2~10－(單)號,79板使字第 1575 號,79,1575,24.994395,121.434361
1,1998/07/28,藝術學院管理委員會,板橋市國慶路170~182－(雙)號,84板使字第 0790 號,84,0790,24.995524,121.457579
1,1998/07/28,雙十年華管理委員會,板橋市雙十路一段20號,86板使字第 0562 號,86,0562,25.02438,121.478018
1,1998/07/31,重慶台北管理委員會,板橋市國慶路184~184－(雙)號,84板使字第 0278 號,84,0278,24.995524,121.457579
1,1998/08/07,遠揚名人管理委員會,板橋市南雅南路二段144巷66~92－(雙)號,77板使字第 1945 號,77,1945,24.996015,121.451468
1,1998/08/10,遠百新貴管理委員會,板橋市館前西路6號,86板使字第 1237 號,86,1237,25.007107,121.459074
1,1998/08/10,高閣社區管理委員會,板橋市莊敬路191.197號,86板使字第 0579 號,86,0579,25.02174,121.4742
1,1998/08/10,三民富園管理委員會,板橋市富山街18巷2.6號,87板使字第 0410 號,87,0410,25.022753,121.478393
1,1998/08/14,綠如意管理委員會,板橋市莊敬路154~156號,86板使字第 0885 號,86,0885,25.02174,121.4742
1,1998/08/20,久代世家管理委員會,板橋市中山路二段60巷39弄11~18號1~5樓,87板使字第 0140 號,87,0140,25.015187,121.475616
1,1998/08/25,三甲好禮管理委員會,板橋市稚暉街18~30－(雙)號2~6樓,85板使字第 0121 號,85,0121,25.004033,121.455749
1,1998/08/25,興洋名宮管理委員會,板橋市文聖街21~31－(單)號2~8樓,87板使字第 0117 號,87,0117,25.030449,121.477131
1,1998/08/28,好運道管理委員會,板橋市長江路二段188~200號2~9樓,87板使字第 0051 號,87,0051,25.033591,121.471534
1,1998/09/02,大地回春管理委員會,板橋市龍泉街108巷11~33－(單)號2~7樓,86板使字第 1217 號,86,1217,25.024491,121.456719
1,1998/09/02,公園大鎮管理委員會,板橋市民生路二段148~184號,86板使字第 0455 號,86,0455,25.022127,121.468099
1,1998/09/04,龍鳳雙星管理委員會,板橋市新海路328號,86板使字第 1009 號,86,1009,25.02409,121.460466
1,1998/09/07,首都天廈管理委員會,板橋市三民路一段1巷41~49－(單)號,79板使字第 1531 號,79,1531,25.024284,121.479474
1,1998/09/07,聚寶莊管理委員會,板橋市新生街7~13－(單)號1~7樓,86板使字第 0119 號,86,0119,25.021158,121.455264
1,1998/09/08,黃石園管理委員會,板橋市茶館街17~27－(單)號,86板使字第 0953 號,86,0953,25.010804,121.456802
1,1998/09/11,天生贏家管理委員會,板橋市民生路二段16號,86板使字第 0951 號,86,0951,25.016511,121.473192
1,1998/09/11,文化國廣場管理委員會,板橋市文化路二段431~439－(單)號,87板使字第 0448 號,87,0448,25.025798,121.470009
1,1998/09/14,文化勳章管理委員會,板橋市文化路二段82~102－(雙)號,84板使字第 0753 號,84,0753,25.025798,121.470009
1,1998/09/17,華興戲苑管理委員會,板橋市大明街18號,86板使字第 0903 號,86,0903,25.002634,121.458956
1,1998/09/17,文化領袖管理委員會,板橋市文化路2段313號,86板使字第 0730 號,86,0730,25.029831,121.471898
1,1998/09/19,園與屋B座管理委員會,板橋市文聖街205巷2.4號1~7樓,71板使字第 0375 號,71,0375,25.026599,121.479628
1,1998/09/21,日順管理委員會,板橋市館前西路207.209號,71板使字第 0749 號,71,0749,25.008431,121.452713
1,1998/09/22,中山晴園管理委員會,板橋市三民路一段31巷80.82.84號1~7樓,84板使字第 0901 號,84,0901,25.024062,121.481903
1,1998/09/24,溪城社區管理委員會,板橋市溪城路91~103號,86板使字第 0693 號,86,0693,24.982279,121.4278
1,1998/09/29,冠軍名門管理委員會,板橋市三民路二段97~103號,86板使字第 1337 號,86,1337,25.011635,121.479249
1,1998/10/02,莊敬華園管理委員會,板橋市莊敬路75巷2號,75板使字第 1478 號,75,1478,25.026636,121.473102
1,1998/10/19,金華龍邸管理委員會,板橋市公館街252~270號,87板使字第 0362 號,87,0362,25.021212,121.459326
1,1998/10/22,百任園管理委員會,板橋市長江路二段86~116號,87板使字第 0354 號,87,0354,25.033591,121.471534
1,1998/11/11,吉祥花園廣場管理委員會,板橋市莒光路133巷7弄1號,75板使字第 0698 號,75,0698,25.024222,121.472564
1,1998/11/11,華江麗境管理委員會,板橋市文化路二段417巷30號,87板使字第 0047 號,87,0047,25.033417,121.474012
1,1998/11/17,百宸園管理委員會,板橋市文化路一段101巷1號,80板使字第 0215 號,80,0215,25.014265,121.460984
1,1998/11/17,玫瑰森活管理委員會,板橋市龍泉街108巷26~106號,87板使字第 0138 號,87,0138,25.023703,121.456614
1,1998/11/17,金世紀錄管理委員會,板橋市長江路二段37~61號,87板使字第 0506 號,87,0506,25.033591,121.471534
1,1998/11/18,哈佛名第管理委員會,板橋市國泰街27號,86板使字第 0142 號,86,0142,25.006712,121.468954
1,1998/11/27,文化京華管理委員會,板橋市文化路一段333號,83板使字第 0970 號,83,0970,25.020773,121.466396
1,1998/11/27,大富管理委員會,板橋市懷德街19~139號,85板使字第 0459 號,85,0459,25.028717,121.480562
1,1998/12/04,華江龍門管理委員會,板橋市長江路三段22~32號,82板使字第 0173 號,82,0173,25.034901,121.47619
1,1998/12/10,寶山重慶名邸管理委員會,板橋市重慶路88巷1號,87板使字第 0065 號,87,0065,25.005939,121.461751
1,1998/12/11,新家社區管理委員會,板橋市沙崙街31~37號,87板使字第 0342 號,87,0342,24.994219,121.430229
1,1998/12/18,雙十豪景管理委員會,板橋市長江路二段275~281號,84板使字第 0526 號,84,0526,25.033591,121.471534
1,1998/12/18,窈窕屋管理委員會,板橋市民生路二段226巷8弄22~28號,86板使字第 1308 號,86,1308,25.021585,121.470204
1,1998/12/30,柏園管理委員會,板橋市大觀路三段160巷36~48號,84板使字第 0280 號,84,0280,24.99423,121.429599
1,1999/01/11,觀日華廈管理委員會,板橋市光復街163號1樓,86板使字第 0902 號,86,0902,25.020472,121.485303
1,1999/01/13,統領世界管理委員會,板橋市雙十路一段44巷14~60號,78板使字第 0861 號,78,0861,25.024913,121.47759
1,1999/01/13,文苑大樓管理委員會,板橋市中正路84號,85板使字第 1477 號,85,1477,25.0149,121.456641
1,1999/01/21,文化馥園管理委員會,板橋市仁化街40號1~8樓,84板使字第 0886 號,84,0886,25.03158,121.475031
1,1999/02/04,後站名家管理委員會,板橋市大華街166至190號1~7樓,86板使字第 1267 號,86,1267,25.00413,121.459059
1,1999/02/22,站前金鑽管理委員會,板橋市後埔街79.81.83號,87板使字第 0110 號,87,0110,25.004998,121.460769
1,1999/02/25,第二期板橋學園管理委員會,板橋市金門街421巷1~17號,85板使字第 0809 號,85,0809,24.983158,121.428085
1,1999/04/23,陽明翠提管理委員會,板橋市陽明街94至136號,80板使字第 0809 號,80,0809,25.023917,121.46369
1,1999/04/23,正隆新第管理委員會,板橋市三民路二段正隆巷5號1~5樓,84板使字第 0436 號,84,0436,25.01291,121.47765
1,1999/04/29,百福名園管理委員會,板橋市民族路34巷18號,87板使字第 0105 號,87,0105,25.009115,121.462404
1,1999/06/09,豐富人生管理委員會,板橋市中山路二段212巷2~4號,87板使字第 0286 號,87,0286,25.017004,121.478472
1,1999/06/16,第一家庭管理委員會,板橋市大觀路三段198巷1至5號,85板使字第 1062 號,85,1062,24.992801,121.430671
1,1999/08/12,裕民管理委員會,板橋市裕民街112至126號,82板使字第 0717 號,82,0717,25.027504,121.459061
1,1999/08/12,大吉地管理委員會,板橋市中山路二段133至155號,87板使字第 0903 號,87,0903,25.016856,121.475381
1,1999/08/17,碧瑤江山第二期管理委員會,板橋市金門街2至20號,83板使字第 1594 號,83,1594,24.99426,121.433331
1,1999/08/20,文化名人管理委員會,板橋市文化路一段270巷3弄1至11號,84板使字第 1338 號,84,1338,25.020893,121.468273
1,1999/08/20,勝輝新象管理委員會,板橋市長江路一段208至242號,87板使字第 0704 號,87,0704,25.030691,121.462697
1,1999/08/20,陽明天下管理委員會,板橋市陽明街241巷25號,88板使字第 0264 號,88,0264,25.024453,121.463049
1,1999/09/01,文書院管理委員會,板橋市四川路一段131至153號,87板使字第 0767 號,87,0767,25.00419,121.460029
1,1999/09/01,海山天下管理委員會,板橋市富山街18巷22至76號,88板使字第 0063 號,88,0063,25.022753,121.478393
1,1999/09/06,板橋世家管理委員會,板橋市民族路199號,87板使字第 0905 號,87,0905,25.007493,121.468999
1,1999/09/07,凱旋花園管理委員會,板橋市裕民街113~131號,78板使字第 0544 號,78,0544,25.027035,121.458622
1,1999/09/27,大阪城紅寶石管理委員會,板橋市四川路二段245巷19弄26至40號,87板使字第 0974 號,87,0974,24.993389,121.451987
1,1999/09/27,艾菲爾管理委員會,板橋市金門街372巷11至31號,88板使字第 0153 號,88,0153,24.984919,121.427282
1,1999/10/14,福臨門B區管理委員會,板橋市懷德街139巷20弄50至64號,88板使字第 0176 號,88,0176,25.030571,121.480503
1,1999/10/20,太陽村II管理委員會,板橋市龍泉街90巷2至18(雙)號,85板使字第 0004 號,85,0004,25.024961,121.456278
1,1999/10/20,龍之邦B區管理委員會,板橋市文化路二段182巷3弄51至101號,87板使字第 0793 號,87,0793,25.0274,121.471428
1,1999/10/26,尚品晶華管理委員會,板橋市金門街235巷16弄15之1號,88板使字第 0075 號,88,0075,24.989021,121.432939
1,1999/10/29,正隆廣場管理委員會,板橋市民生路一段5至27號,83板使字第 1633 號,83,1633,25.011728,121.47512
1,1999/10/29,龍之邦A區管理委員會,板橋市雙十路二段209至235號,87板使字第 0577 號,87,0577,25.028949,121.472787
1,1999/11/01,板橋我家第二期管理委員會,板橋市新海路72巷53~75號,87板使字第 1001 號,87,1001,25.023237,121.461581
1,1999/11/01,艾菲爾社區管理委員會,板橋市篤行路三段81~95號,88板使字第 0242 號,88,0242,24.984667,121.426309
1,1999/11/04,華新花園管理委員會,板橋市文化路一段141~147號,74板使字第 2116 號,74,2116,25.023171,121.46741
1,1999/11/09,第王管理委員會,板橋市中山路二段89巷20~32號,87板使字第 0809 號,87,0809,25.017976,121.473479
1,1999/11/10,忠孝華廈管理委員會,板橋市重慶路245巷77~83號,83板使字第 0282 號,83,0282,25.000707,121.466335
1,1999/11/17,湯臣福里管理委員會,板橋市中正路216巷127~133號3~14樓,80板使字第 0429 號,80,0429,25.019489,121.460603
1,1999/11/18,松柏華廈管理委員會,板橋市松柏街50巷3~13號,88板使字第 0732 號,88,0732,25.028123,121.477765
1,1999/11/19,福臨門A區管理委員會,板橋市懷德街181巷1~27號1~7樓,88板使字第 0177 號,88,0177,25.030296,121.480915
1,1999/11/20,昀信誠品管理委員會,板橋市重慶路245巷48號1~7樓,85板使字第 1041 號,85,1041,25.000862,121.465033
1,1999/11/20,至善珍廣場管理委員會,板橋市雙十路二段81~87號1~22樓,87板使字第 0989 號,87,0989,25.028949,121.472787
1,1999/11/20,福星花園管理委員會,板橋市國泰街39巷6弄1.3.5號,88板使字第 0214 號,88,0214,25.005699,121.468439
1,1999/11/25,正隆廣場管理委員會,板橋市民生路一段3~33號,83板使字第 1633 號,83,1633,25.015013,121.473533
1,1999/11/25,公園王A區管理委員會,板橋市溪崑二街130巷2~28號,87板使字第 0952 號,87,0952,24.988562,121.424921
1,1999/11/25,公園王(B)區管理委員會,板橋市溪崑二街132巷1.3.5號,87板使字第 0953 號,87,0953,24.987839,121.425497
1,1999/12/02,皇普大阪城綠寶石區管理委員會,板橋市四川路二段245巷37弄3~19號,87板使字第 0477 號,87,0477,24.993023,121.452454
1,1999/12/02,第一家庭管理委員會,板橋市民族路31.33.35號1~8樓,88板使字第 0565 號,88,0565,25.006609,121.470656
1,1999/12/07,大仁富貴居管理委員會,板橋市大仁街110巷12弄13~23號1~5樓,87板使字第 0012 號,87,0012,25.016408,121.453449
1,1999/12/08,米蘭小鎮A區管理委員會,板橋市金門街312~322號1~8樓,87板使字第 0897 號,87,0897,24.983574,121.426982
1,1999/12/17,首都天廈管理委員會,板橋市文化路二段443.445號1~12樓,77板使字第 1639 號,77,1639,25.035675,121.478894
1,1999/12/22,台北紅不讓管理委員會,板橋市篤行路三段43~49號1~12樓,88板使字第 0524 號,88,0524,24.984667,121.426309
1,1999/12/24,永福名廈管理委員會,板橋市莒光路135~139號1~8樓,85板使字第 1146 號,85,1146,25.022144,121.474296
1,1999/12/29,一品門第管理委員會,板橋市忠孝路84.86.88號1~7樓,78板使字第 1345 號,78,1345,25.00333,121.467541
1,1999/12/30,金門花園管理委員會,板橋市金門街31巷2~48號,87板使字第 0997 號,87,0997,24.993355,121.434186
1,2000/01/26,民生首富管理委員會,板橋市民生路三段15~27號1~10樓,77板使字第 1648 號,77,1648,25.031314,121.463247
1,2000/01/27,台北狀元管理委員會,板橋市新海路344~360號,84板使字第 1307 號,84,1307,25.028278,121.457864
1,2000/02/01,擎天大廈管理委員會,板橋市重慶路247~253號,81板使字第 1397 號,81,1397,24.99682,121.464391
1,2000/02/11,凱悅花園廣場管理委員會,板橋市萬安街53巷17－3號8樓,87板使字第 1039 號,87,1039,25.023412,121.483441
1,2000/02/11,忠孝華廈管理委員會,板橋市忠孝路237號5樓,88板使字第 0315 號,88,0315,25.002908,121.46606
1,2000/02/16,富臨極品管理委員會,板橋市雨農路28號,88板使字第 0532 號,88,0532,25.024539,121.461489
1,2000/02/22,青春舞曲管理委員會,板橋市三民路148.150號,85板使字第 0930 號,85,0930,25.011635,121.479249
1,2000/02/26,高爾夫世界社區管理委員會,板橋市南雅南路二段11號,86板使字第 1018 號,86,1018,25.002507,121.454314
1,2000/02/28,林園天廈管理委員會,板橋市南雅西路二段2－3號5樓,77板使字第 1448 號,77,1448,25.009087,121.453176
1,2000/02/28,海山閣中管理委員會,板橋市板新路23號8樓,87板使字第 1083 號,87,1083,25.012647,121.474588
1,2000/02/28,昇陽天廈管理委員會,板橋市莊敬路34號,87板使字第 0347 號,87,0347,25.027421,121.473025
1,2000/02/28,薪市鎮龍祥管理委員會,板橋市板新路157號7樓,87板使字第 0830 號,87,0830,25.015582,121.469721
1,2000/02/28,板橋學園第三期社區管理委員會,板橋市金門街417號1樓,87板使字第 0889 號,87,0889,24.983857,121.427311
1,2000/03/02,觀音管理委員會,板橋市板新路101~107號1~10樓,82板使字第 1013 號,82,1013,25.016124,121.468121
1,2000/03/02,文化大院管理委員會,板橋市文化路二段548巷30~40號1~7樓,86板使字第 0637 號,86,0637,25.033479,121.477131
1,2000/03/03,米蘭小鎮B區管理委員會,板橋市金門街351號,87板使字第 0771 號,87,0771,24.985168,121.428895
1,2000/03/10,碧瑤江山第四期管理委員會,板橋市金門街372巷6號,87板使字第 0960 號,87,0960,24.984096,121.427009
1,2000/03/17,松新青年大亨管理委員會,板橋市三民路175~183號,86板使字第 0198 號,86,0198,25.011635,121.479249
1,2000/03/17,公園新象管理委員會,板橋市中正路413巷15號1~7樓,88板使字第 0510 號,88,0510,25.022552,121.453506
1,2000/03/20,豐德商業管理委員會,板橋市中山路二段100號,88板使字第 0292 號,88,0292,25.016493,121.475644
1,2000/03/28,永貫傑座管理委員會,板橋市篤行路二段113號1~7樓,87板使字第 0478 號,87,0478,24.991008,121.431467
1,2000/03/30,南雅雅築管理委員會,板橋市南雅南路一段4巷12.14號1~5樓,85板使字第 1055 號,85,1055,25.005441,121.455236
1,2000/03/30,天下大市社區管理委員會,板橋市民族路212~220號2~14樓,88板使字第 0745 號,88,0745,25.006609,121.470656
1,2000/04/05,尊品管理委員會,板橋市四川路一段257~263號,88板使字第 0090 號,88,0090,24.997088,121.457155
1,2000/04/08,雙十公寓管理委員會,板橋市雙十路三段6.8號1~13樓,86板使字第 0306 號,86,0306,25.032416,121.470202
1,2000/04/19,鴻龍社區管理委員會,板橋市四川路二段1~17號1~12樓,88板使字第 0714 號,88,0714,24.993959,121.450421
1,2000/04/24,富貴吉祥管理委員會,板橋市中山路二段102巷2.6.8號1~8樓,88板使字第 0292 號,88,0292,25.01624,121.475983
1,2000/04/29,國泰板橋第一新城C區管理委員會,板橋市三民路二段正泰四巷1~21號1~5樓,73板使字第 1696 號,73,1696,25.01386,121.477688
1,2000/05/03,國泰板橋第一新城J區管理委員會,板橋市三民路二段186巷6弄2~14號2~5樓,75板使字第 1812 號,75,1812,25.014789,121.478115
1,2000/05/05,國泰板橋第一新城管理委員會,板橋市三民路二段正泰3巷2~16號1~5樓,75板使字第 0660 號,75,0660,25.011775,121.478696
1,2000/05/10,國泰板橋第一新城管理委員會,板橋市三民路正泰3巷1~23號,74板使字第 0645 號,74,0645,25.020928,121.478753
1,2000/05/18,寶聯新象管理委員會,板橋市三民路二段40號,83板使字第 1451 號,83,1451,25.017654,121.479069
1,2000/05/30,板橋文化芳鄰管理委員會,板橋市莒光路39巷10.12號1~7樓,79板使字第 1129 號,79,1129,25.02523,121.471191
1,2000/05/31,國泰板橋第一新城D區管理委員會,板橋市三民路二段正泰5巷2~18號,73板使字第 0169 號,73,0169,25.011724,121.478694
1,2000/06/16,領袖天下管理委員會,板橋市四川路二段16巷1~9號1~10樓,80板使字第 0158 號,80,0158,24.997339,121.456114
1,2000/06/16,松都日麗區管理委員會,板橋市金門街324巷6~14號1~7樓,87板使字第 1064 號,87,1064,24.985372,121.428126
1,2000/06/30,松都風和區管理委員會,板橋市金門街330號,88板使字第 0830 號,88,0830,24.984759,121.428291
1,2000/07/01,公園世紀A區管理委員會,板橋市莊敬路220巷29弄1~13號,88板使字第 1005 號,88,1005,25.020351,121.472601
1,2000/07/01,公園世紀C區管理委員會,板橋市莊敬路220巷13~27號,88板使字第 0953 號,88,0953,25.020761,121.471996
1,2000/07/06,民生綠大第管理委員會,板橋市中山路二段10巷71~81號1~12樓,82板使字第 1079 號,82,1079,25.016317,121.473992
1,2000/07/14,正頎管理委員會,板橋市文化路二段321號,88板使字第 0894 號,88,0894,25.03019,121.472227
1,2000/07/17,雙十華夏管理委員會,板橋市雙十路二段71.73號1~12樓,86板使字第 1312 號,86,1312,25.028949,121.472787
1,2000/08/01,民生大道管理委員會,板橋市民生路二段214~224號,88板使字第 0865 號,88,0865,25.022127,121.468099
1,2000/08/05,公園新第管理委員會,板橋市莒光路78巷11~17號1~7樓,84板使字第 1165 號,84,1165,25.023644,121.472103
1,2000/08/05,江翠國廣場管理委員會,板橋市文化路二段410巷2.6.10號,89板使字第 0338 號,89,0338,25.030125,121.474858
1,2000/08/16,長安天廈管理委員會,板橋市板新路11.13.15號,87板使字第 0941 號,87,0941,25.016124,121.468121
1,2000/08/16,重慶華廈管理委員會,板橋市重慶路245巷11~21號,88板使字第 0541 號,88,0541,25.000707,121.466335
1,2000/08/29,成都府管理委員會,板橋市成都街29~39號1~9樓,89板使字第 0225 號,89,0225,25.005393,121.463635
1,2000/08/30,三和管理委員會,板橋市吳鳳路81巷35號1~7樓,86板使字第 0927 號,86,0927,25.030763,121.46574
1,2000/09/04,家麗堡管理委員會,板橋市新海路63~69號,88板使字第 0870 號,88,0870,25.028278,121.457864
1,2000/09/25,五福臨門管理委員會,板橋市篤行路二段136.138號1~7樓,89板使字第 0023 號,89,0023,24.987815,121.429559
1,2000/10/17,生活家管理委員會,板橋市南雅西路二段97.99號1~7樓,86板使字第 1098 號,86,1098,25.015982,121.452304
1,2000/10/17,富貴親家管理委員會,板橋市莊敬路100號1~7樓,89板使字第 0171 號,89,0171,25.024398,121.471137
1,2000/10/23,板橋大學城管理委員會,板橋市篤行路三段34~42號1~13樓,89板使字第 0117 號,89,0117,24.984667,121.426309
1,2000/10/26,台北溫哥華管理委員會,板橋市文化路二段481~499號,88板使字第 0984 號,88,0984,25.035675,121.478894
1,2000/10/26,狀元紅管理委員會,板橋市國泰街75巷28弄52~66號1~8樓,89板使字第 0016 號,89,0016,25.004069,121.467305
1,2000/10/31,城龍桂冠管理委員會,板橋市四川路一段97號2~11樓,88板使字第 1160 號,88,1160,25.005444,121.459794
1,2000/11/08,溫莎名園管理委員會,板橋市重慶路346巷5~15號,88板使字第 1036 號,88,1036,24.996863,121.463748
1,2000/11/28,吉利財星管理委員會,板橋市民族路40~52號,88板使字第 0218 號,88,0218,25.006609,121.470656
1,2000/11/30,懷翠庭園管理委員會,板橋市懷德街181巷27~38號1~5樓,77板使字第 0499 號,77,0499,25.030296,121.480915
1,2000/12/08,網路花園社區管理委員會,板橋市實踐路93巷65~79號,89板使字第 0429 號,89,0429,25.005993,121.467416
1,2000/12/13,康和新賞管理委員會,板橋市民生路二段200號,89板使字第 0254 號,89,0254,25.021117,121.469803
1,2000/12/16,板信銀行家社區管理委員會,板橋市中正路330號,87板使字第 0113 號,87,0113,25.021649,121.454487
1,2000/12/21,文化馥都管理委員會,板橋市文化路二段263巷8.10.12號,89板使字第 0132 號,89,0132,25.029672,121.471186
1,2000/12/30,三民住易,板橋市三民路二段140號1~8樓,89板使字第 0096 號,89,0096,25.015967,121.479037
1,2001/01/08,家麗堡NO2管理委員會,板橋市漢生西路123.125號1~7樓,89板使字第 0660 號,89,0660,25.02428,121.463111
1,2001/01/12,信義大亨管理委員會,板橋市廣權路9.11.13號,89板使字第 0066 號,89,0066,24.99348,121.465652
1,2001/01/16,懷翠庭園甲區管理委員會,板橋市懷德街183.185號,77板使字第 1259 號,77,1259,25.028717,121.480562
1,2001/01/17,捷運千禧管理委員會,板橋市文化路二段516~528號,88板使字第 0588 號,88,0588,25.035675,121.478894
1,2001/01/19,皇邸管理委員會,板橋市四川路二段47巷2號,89板使字第 0192 號,89,0192,24.995137,121.453908
1,2001/02/08,環遊世界管理委員會,板橋市中正路332~340號,83板使字第 0692 號,83,0692,25.029591,121.45654
1,2001/02/08,大阪城藍寶石管理委員會,板橋市四川路二段123－1~18號,89板使字第 0301 號,89,0301,24.994015,121.451147
1,2001/02/22,公園世紀B區管理委員會,板橋市莊敬路220巷8~66號1~12樓,89板使字第 0106 號,89,0106,25.020761,121.471996
1,2001/02/26,鄰家花園管理委員會,板橋市和平路安樂巷86.88號1樓,88板使字第 0146 號,88,0146,24.993026,121.462269
1,2001/02/27,太陽村管理委員會,板橋市龍泉街90巷1.3號,84板使字第 0102 號,84,0102,25.025224,121.456109
1,2001/03/14,鳳翔管理委員會,板橋市民族路192.194號,88板使字第 0595 號,88,0595,25.006609,121.470656
1,2001/04/03,昇陽文化廳管理委員會,板橋市民生路三段6至12號,89板使字第 0721 號,89,0721,25.024557,121.467997
1,2001/04/10,藍園管理委員會,板橋市埔乾9鄰光復街36~50號,88板使字第 1126 號,88,1126,25.022542,121.483898
1,2001/04/11,站前銀座管理委員會,板橋市四川路一段57號,82板使字第 0780 號,82,0780,25.006208,121.459657
1,2001/04/27,遠揚新世界管理委員會,板橋市南雅南路二段144巷2~64號,75板使字第 1506 號,75,1506,24.994674,121.450137
1,2001/05/09,民生捷座管理委員會,板橋市民生路三段24~38號,88板使字第 1144 號,88,1144,25.031314,121.463247
1,2001/05/11,文聖大街B區管理委員會,板橋市大同街52.56號1~7樓,89板使字第 1046 號,89,1046,25.028487,121.480076
1,2001/05/14,台北經典管理委員會,板橋市忠孝路31~41號,89板使字第 0809 號,89,0809,25.00333,121.467541
1,2001/05/16,忠孝敦煌管理委員會,板橋市忠孝路239巷2~16號,89板使字第 0666 號,89,0666,25.004024,121.467483
1,2001/05/28,中山名門管理委員會,板橋市中山路二段565巷1~21號,89板使字第 1043 號,89,1043,25.022694,121.483825
1,2001/05/31,昀信三民管理委員會,板橋市三民路二段36號1~12樓,83板使字第 1136 號,83,1136,25.017914,121.479073
1,2001/06/05,文聖大街A區管理委員會,板橋市大同街57~75號1~10樓,90板使字第 0020 號,90,0020,25.028487,121.480076
1,2001/06/12,中瀚商務雅築管理委員會,板橋市雨農路27巷1.5.9號1~9樓,89板使字第 0414 號,89,0414,25.023955,121.461549
1,2001/06/14,帝王家管理委員會,板橋市民生路三段29巷1.3號1~12樓,81板使字第 0666 號,81,0666,25.023997,121.466299
1,2001/06/27,板信管理委員會,板橋市漢生東路171號1~7樓,86板使字第 0572 號,86,0572,25.012255,121.469483
1,2001/06/27,春池宇宙光社區管理委員會,板橋市民生路三段66.68號,89板使字第 0857 號,89,0857,25.031314,121.463247
1,2001/07/02,海德公園管理委員會,板橋市雙十路二段35.37.39號,89板使字第 0861 號,89,0861,25.028949,121.472787
1,2001/07/03,板橋新站管理委員會,板橋市漢生東路15~21號,89板使字第 0120 號,89,0120,25.007148,121.472055
1,2001/07/04,三民新家管理委員會,板橋市三民路二段38號2~12樓,81板使字第 1263 號,81,1263,25.017851,121.479056
1,2001/07/19,歐堡名門社區管理委員會,板橋市金門街369巷11~25號,90板使字第 0067 號,90,0067,24.981387,121.428442
1,2001/07/20,甜蜜寶貝管理委員會,板橋市重慶路308巷10~14號1~12樓,84板使字第 0263 號,84,0263,24.997399,121.463652
1,2001/07/27,大同管理委員會,板橋市沙崙街23.25號,89板使字第 0974 號,89,0974,24.994219,121.430229
1,2001/08/27,雙璽大樓管理委員會,板橋市雙十路二段108.110號1~12樓,89板使字第 1016 號,89,1016,25.028949,121.472787
1,2001/08/27,一品家園管理委員會,板橋市溪崑二街43~49號1~8樓,89板使字第 0251 號,89,0251,24.986598,121.426768
1,2001/09/04,家禾樺廈管理委員會,板橋市富山街18巷12號1~7樓,88板使字第 0693 號,88,0693,25.022473,121.478491
1,2001/09/12,華泰名門管理委員會,板橋市稚暉街46巷28~38號,89板使字第 0094 號,89,0094,25.003412,121.456355
1,2001/09/13,全家福管理委員會,板橋市雨農路6~16號,77板使字第 0285 號,77,0285,25.024117,121.460584
1,2001/09/25,心站地帶管理委員會,板橋市忠誠1鄰文化路一段311號,89板使字第 0884 號,89,0884,25.020329,121.465964
1,2001/09/27,首府管理委員會,板橋市福丘6鄰民族路45號,85板使字第 0351 號,85,0351,25.009647,121.462756
1,2001/10/22,宇宙光社區管理委員會,板橋市民生路三段68號,89板使字第 0857 號,89,0857,25.025853,121.466978
1,2001/10/23,百喜管理委員會,板橋市中正路135巷12弄12號1~6樓之1~4 ,72板使字第 2255 號,72,2255,25.015986,121.455794
1,2001/10/31,昇陽立都住宅區管理委員會,板橋市文化路二段295~309號,86板使字第 0931 號,86,0931,25.035675,121.478894
1,2001/11/02,總督天下管理委員會,板橋市重慶路308巷19號,80板使字第 0742 號,80,0742,24.997551,121.463621
1,2001/11/05,板橋廣福公園管理委員會,板橋市廣和街79~85號,82板使字第 0249 號,82,0249,24.991828,121.462616
1,2001/11/12,南雅邑品管理委員會,板橋市貴興路106巷7~27號1~6樓,90板使字第 0013 號,90,0013,25.003451,121.454768
1,2001/11/15,光復新座管理委員會,板橋市光復街167~177號1~7樓,85板使字第 0915 號,85,0915,25.022542,121.483898
1,2001/11/21,昇陽立都管理委員會,板橋市文化路二段285~309號,86板使字第 0931 號,86,0931,25.035675,121.478894
1,2001/11/24,薪市鎮鳳祥管理委員會,板橋市板新路202~210號,87板使字第 0729 號,87,0729,25.016124,121.468121
1,2001/12/21,三民龍門管理委員會,板橋市三民路一段54.56號1~9樓,84板使字第 0282 號,84,0282,25.018795,121.479066
1,2002/01/11,信義經貿管理委員會,板橋市干城路160號2~9樓之1 ,88板使字第 0193 號,88,0193,24.992034,121.460494
1,2002/01/11,中央公園B區管理委員會,板橋市篤行路三段77.79號,89板使字第 0491 號,89,0491,24.984667,121.426309
1,2002/01/11,重慶晶鑽管理委員會,板橋市重慶路8.10.12號,89板使字第 0690 號,89,0690,24.99682,121.464391
1,2002/01/24,漢生大樓管理委員會,板橋市漢生西路71.73.75號1~7樓,84板使字第 0452 號,84,0452,25.02428,121.463111
1,2002/01/29,新樂園管理委員會,板橋市懷德街174巷25~39號,85板使字第 1223 號,85,1223,25.029066,121.478246
1,2002/02/04,重慶學苑管理委員會,板橋市重慶路302號,89板使字第 0731 號,89,0731,24.998405,121.463785
1,2002/02/07,華江新秀,板橋市文化路二段382號,90板使字第 0032 號,90,0032,25.030851,121.473416
1,2002/02/21,宏聚管理委員會,板橋市文化路二段548巷29.31號,84板使字第 1388 號,84,1388,25.033479,121.477131
1,2002/02/22,田明文化金融管理委員會,板橋市文化路一段266.268號,83板使字第 0307 號,83,0307,25.023171,121.46741
1,2002/03/01,文化名邸社區管理委員會,板橋市光武街110巷29~37號,79板使字第 0598 號,79,0598,25.030559,121.467391
1,2002/03/22,祥峰管理委員會,板橋市新埔8鄰文化路一段419－5.6號,77板使字第 0394 號,77,0394,25.022542,121.467335
1,2002/03/29,府前大廈管理委員會,板橋市實踐路17~25號,64板使字第 2242 號,64,2242,25.002738,121.464605
1,2002/04/08,文聖大街C區管理委員會,板橋市大同街77.79號1~7樓,89板使字第 1045 號,89,1045,25.028487,121.480076
1,2002/05/01,光復新家管理委員會,板橋市光復街109號,87板使字第 1091 號,87,1091,25.019428,121.484457
1,2002/05/10,板橋區文化社區管理委員會,板橋市文化路一段52巷24號,77板使字第 1924 號,77,1924,25.011087,121.461274
1,2002/05/13,爵士館社區管理委員會,板橋市莊敬路75巷31.35號,90板使字第 0662 號,90,0662,25.026306,121.473969
1,2002/05/24,懷德晶華管理委員會,板橋市懷德街174巷1號,91板使字第 0020 號,91,0020,25.029543,121.47919
1,2002/06/14,站前凱悅管理委員會,板橋市中山路一段1號,90板使字第 0106 號,90,0106,25.007415,121.459371
1,2002/07/08,民族經典管理委員會,板橋市民族路58.60號1~11樓,90板使字第 0012 號,90,0012,25.006609,121.470656
1,2002/07/10,米蘭皇家管理委員會,板橋市大華街22.24.26號,90板使字第 0642 號,90,0642,25.00413,121.459059
1,2002/07/15,第一屆公園學府管理委員會,板橋市四川路2段245巷34－54(雙)號,75板使字第 1709 號 75板使字第 1172 號,75,1709,24.993182,121.450783
1,2002/07/18,生活社區管理委員會,板橋市四川路二段245巷75~121號,83板使字第 0306 號,83,0306,24.992598,121.453462
1,2002/07/31,錢站後站B棟管理委員會,板橋市館前東路18~24號,81板使字第 0949 號,81,0949,25.007774,121.464402
1,2002/08/02,捷運皇家管理委員會,板橋市雙十路三段12~16號,90板使字第 0192 號,90,0192,25.033169,121.469646
1,2002/08/16,公園學府管理委員會,板橋市四川路二段245巷66~72號1~7樓,87板使字第 1034 號,87,1034,24.992598,121.453462
1,2002/08/26,建霖榮邸管理委員會,板橋市中正路296~300號1~10樓,89板使字第 0629 號,89,0629,25.029591,121.45654
1,2002/09/11,椰風生活管理委員會,板橋市和平路安樂巷34號,90板使字第 0446 號,90,0446,24.993537,121.461516
1,2002/09/12,民族社區管理委員會,板橋市漢生東路310~324號,69板使字第 0728 號,69,0728,25.007148,121.472055
1,2002/09/20,珍寶華園管理委員會,板橋市莊敬路75巷6.8號1~7樓,82板使字第 1446 號,82,1446,25.026306,121.473969
1,2002/10/03,金美滿管理委員會,板橋市滿平街75~85號1~7樓,86板使字第 0650 號,86,0650,24.987992,121.429069
1,2002/10/04,遠東新世界第一期管理委員會,板橋市南雅南路二段142巷1~23號,73板使字第 2009 號,73,2009,24.99657,121.451305
1,2002/10/04,中央公園A區管理委員會,板橋市篤行路三段78號,89板使字第 0490 號,89,0490,24.98515,121.426542
1,2002/10/04,非常歐洲管理委員會,板橋市新海路150~206號,90板使字第 0447 號,90,0447,25.028278,121.457864
1,2002/11/04,大昌珍寶莊敬社區管理委員會,板橋市莊敬路25巷3~15號,84板使字第 0258 號,84,0258,25.0271,121.47429
1,2002/11/05,捷運晶華管理委員會,板橋市江寧路三段87巷2弄6.8號1~5樓,91板使字第 0054 號,91,0054,25.033252,121.473173
1,2002/11/11,集市大樓管理委員會,板橋市幸福路70巷1.3號,86板使字第 0898 號,86,0898,25.020505,121.460459
1,2002/11/12,大順小財神管理委員會,板橋市南雅東路8號,86板使字第 1212 號,86,1212,25.00598,121.455178
1,2002/11/20,怡廣場管理委員會,板橋市中山路一段10號1~14樓,82板使字第 0140 號,82,0140,25.007961,121.460122
1,2002/11/20,漢生管理委員會,板橋市漢生西路40~48號1~7樓,87板使字第 1040 號,87,1040,25.02428,121.463111
1,2002/11/28,親石庭A區管理委員會,板橋市南雅南路二段4巷26.28號1~5樓,91板使字第 0033 號,91,0033,25.003636,121.454246
1,2002/12/11,早安公園管理委員會,板橋市民生路二段188~198號1~12樓,83板使字第 1563 號,83,1563,25.022127,121.468099
1,2002/12/12,親石庭C區管理委員會,板橋市南雅南路二段18.20號1~7樓,91板使字第 0215 號,91,0215,24.994724,121.451032
1,2002/12/18,上上座華廈管理委員會,板橋市中正路236巷97~109號1~5樓,83板使字第 0087 號,83,0087,25.019697,121.459807
1,2002/12/24,遠東新世界社區第二期管理委員會,板橋市南雅南路二段144巷1號,73板使字第 2010 號,73,2010,24.996015,121.451468
1,2002/12/24,帝寶大樓管理委員會,板橋市民族路228~232號,90板使字第 0721 號,90,0721,25.006609,121.470656
1,2002/12/26,天賜良緣管理委員會,板橋市公園街58號2~9樓,91板使字第 0333 號,91,0333,25.00785,121.461967
1,2002/12/31,板南祥和管理委員會,板橋市四川路二段245巷10~24號1~8樓,86板使字第 1191 號,86,1191,24.992598,121.453462
1,2003/01/08,新富時代公寓管理委員會,板橋市文化路二段430號,90板使字第 0667 號,90,0667,25.031851,121.474372
1,2003/01/15,麗庭珍寶公寓大廈管理委員會,板橋市大同街50巷6~12號,91板使字第 0 050 號,91,0,25.026098,121.478795
1,2003/01/15,麗軒珍寶公寓大廈管理委員會,板橋市大同街50巷26~32號,91板使字第 0052 號,91,0052,25.026098,121.478795
1,2003/01/16,觀愛社區管理委員會,板橋市沙崙街29號,91板使字第 0205 號,91,0205,24.994205,121.431282
1,2003/01/27,正隆天第管理委員會,板橋市民生路一段28號之1 ,90板使字第 0457 號,90,0457,25.012566,121.476574
1,2003/01/30,世界公園管理委員會,板橋市金門街376.378號,91板使字第 0224 號,91,0224,24.983574,121.426982
1,2003/02/10,鴻運貴族管理委員會,板橋市文德路46~52號,83板使字第 1177 號,83,1177,25.023551,121.461285
1,2003/02/11,永圓管理委員會,板橋市中山路二段505巷41.43.45號,85板使字第 0674 號,85,0674,25.022915,121.482024
1,2003/02/14,曾家管理委員會大樓管理委員會,板橋市民生路二段46.48.50號2~12樓,82板使字第 1387 號,82,1387,25.022127,121.468099
1,2003/02/14,江翠名門管理委員會,板橋市文聖街163165號2~8樓,91板使字第 0451 號,91,0451,25.025594,121.480628
1,2003/02/14,五福國廣場管理委員會,板橋市懷德街201巷12.14.20號2~11樓,91板使字第 0484 號,91,0484,25.029709,121.482479
1,2003/03/10,碧瑤江山第一期管理委員會,板橋市金門街317巷2-8號,83板使字第 0207 號,83,0207,24.985994,121.429762
1,2003/03/14,城市公爵社區管理委員會,板橋市溪崑一街52巷2-18號,79板使字第 0635 號,79,0635,24.990514,121.429247
1,2003/03/19,重慶公園大第管理委員會,板橋市重慶路245巷32弄5-13單號號,89板使字第 0641 號,89,0641,25.000581,121.464781
1,2003/03/24,玫瑰公園大貴區管理委員會,板橋市龍泉街108巷110-160號,90板使字第 0090 號,90,0090,25.024003,121.455816
1,2003/04/18,民生千囍管理委員會,板橋市民生路二段206-210號,91板使字第 0466 號,91,0466,25.021186,121.469746
1,2003/05/05,巨匠社區管理委員會,板橋市文化路二段225巷27~33號,91板使字第 0371 號,91,0371,25.028455,121.469023
1,2003/05/26,怡園管理委員會,板橋市大華街128~132號,91板使字第 0316 號,91,0316,25.00413,121.459059
1,2003/05/26,文化遠見管理委員會,板橋市文化路二段182巷1弄16~26號,91板使字第 0495 號,91,0495,25.029135,121.472157
1,2003/05/26,麗池花園社區B區管理委員會,板橋市金門街67巷7-15單號號,92板使字第 0009 號,92,0009,24.992929,121.433426
1,2003/07/09,麗池花園社區管理委員會A區管理委員會,板橋市金門街51~65號,92板使字第 0025 號,92,0025,24.983574,121.426982
1,2003/07/30,統領新都管理委員會,板橋市中山路二段62號,78板使字第 0027 號,78,0027,25.015709,121.473996
1,2003/07/31,金築賞社區管理委員會,板橋市文化路二段246~252號,92板使字第 0022 號,92,0022,25.035675,121.478894
1,2003/08/12,玫瑰公園大富區管理委員會,板橋市龍泉街123~157號,90板使字第 0114 號,90,0114,25.023492,121.456959
1,2003/08/20,文化天廈管理委員會,板橋市文化路一段67~71號,77板使字第 1743 號,77,1743,25.023171,121.46741
1,2003/08/28,日安陽明管理委員會,板橋市漢生西路165巷1~7單號號,91板使字第 0518 號,91,0518,25.023188,121.462839
1,2003/09/01,遠揚香檳特區管理委員會,板橋市南雅南路二段144巷69.71號,81板使字第 0941 號,81,0941,24.994674,121.450137
1,2003/09/03,金原宏星管理委員會,板橋市中山路二段109~113號,80板使字第 553 號,80,553,25.022414,121.485358
1,2003/09/05,麗霖珍廣場管理委員會,板橋市大同街50巷55.57.59號,91板使字第 0505 號,91,0505,25.026098,121.478795
1,2003/09/09,金板橋管理委員會,板橋市三民路二段28~34雙號號,84板使字第 0925 號,84,0925,25.01821,121.479076
1,2003/10/13,耶林珍寶公寓大廈管理委員會,板橋市雙十路二段47巷51至61號,92板使字第 0122 號,92,0122,25.025051,121.474836
1,2003/10/21,麗池花園C區管理委員會,板橋市金門街42~62號,92板使字第 0230 號,92,0230,24.983574,121.426982
1,2003/10/22,忠孝名門管理委員會,板橋市忠孝路96~102號,92板使字第 0283 號,92,0283,25.00333,121.467541
1,2003/11/20,法國賞公寓大廈管理委員會,板橋市光復街181至215號,91板使字第 0521 號,91,0521,25.021218,121.48464
1,2004/01/02,三元有利大廈管理委員會,板橋市莊敬路133至139號,84板使字第 0665 號,84,0665,25.025072,121.471813
1,2004/01/02,正隆麗池管理委員會,板橋市民生路一段1號之1.2 ,92板使字第 0061 號,92,0061,25.011628,121.476372
1,2004/01/05,將帥星座管理委員會,板橋市館前東路116至132號,83板使字第 0156 號,83,0156,25.007717,121.464053
1,2004/01/12,世際傳家管理委員會,板橋市中正路102號之1.2 2至14樓,81板使字第 0690 號,81,0690,25.01537,121.4567
1,2004/01/19,吉品名家B區管理委員會,板橋市金門街317巷16至30號2至6樓,90板使字第 0099 號,90,0099,24.98553,121.430331
1,2004/01/19,吉品名家C區管理委員會,板橋市金門街337巷7弄30至40號,90板使字第 0632 號,90,0632,24.985378,121.430858
1,2004/01/19,吉品名家A區管理委員會,板橋市金門街317巷23.25號之2至5 ,92板使字第 0100 號,92,0100,24.98553,121.430331
1,2004/03/17,翠園豪景管理委員會 ,板橋市溪頭街324-330號,92板使字第 0337 號,92,0337,25.032551,121.467445
1,2004/03/25,板橋世貿園區管理委員會,板橋市信義路161號,79板使字第 1103 號,79,1103,24.992525,121.458626
1,2004/03/31,民生華廈管理委員會公寓大廈管理委員會,板橋市重慶路287-291號,88板使字第 0667 號,88,0667,24.999278,121.463651
1,2004/04/05,大地回春A區管理委員會,板橋市龍泉街90巷20-30號2~7樓,87板使字第 0270 號,87,0270,25.024968,121.455901
1,2004/04/19,新海山管理委員會,板橋市縣民大道三段270巷1號,92板使字第 0496 號,92,0496,25.023392,121.478312
1,2004/05/26,生活樂章管理委員會,板橋市信義路38.40號2~12樓,83板使字第 1521 號,83,1521,24.990048,121.460776
1,2004/07/16,豐收季節公寓管理委員會,板橋市四川路245巷61至71號,81板使字第 1463 號,81,1463,24.992076,121.452726
1,2004/08/10,富祥公寓管理委員會,板橋市中山路二段416巷38弄11至27號之1.2 ,75板使字第 0820 號,75,0820,25.019366,121.481987
1,2004/09/21,世紀花園公寓大廈管理委員會,板橋市華興街37至43號1至7樓,77板使字第 1562 號,77,1562,25.00466,121.457931
1,2004/09/27,金線大道管理委員會,板橋市三民路二段142－(144B1)號,84板使字第 0015 號,84,0015,25.01821,121.479076
1,2004/11/08,維多利亞華廈管理委員會,板橋市中正路319號.中正路375巷42號9樓,92板使字第 0064 號,92,0064,25.022821,121.453303
1,2004/12/22,瑞林珍寶公寓大廈管理委員會,板橋市文聖街179號3樓,93板使字第 0336 號,93,0336,25.027069,121.479596
1,2004/12/22,首人尊邸公寓大廈管理委員會,板橋市溪崑二街112巷12號5樓,92板使字第 0390 號,92,0390,24.988852,121.426022
1,2004/12/28,永福社區管理委員會,板橋市陽明街279巷27號,83板使字第 0368 號,83,0368,25.02559,121.461397
1,2004/12/29,正隆新城公寓大廈管理委員會,板橋市三民路二段204-10號2樓,73板使字第 1779 號,73,1779,25.012309,121.47833
1,2005/01/11,靜巷管理委員會,"板橋市實踐路65巷6號,之1至5號2.4樓",93板使字第0268號,93,0268,25.006357,121.464447
1,2005/01/17,名門公寓管理委員會,板橋市長江路2段256號2至8樓,93板使字第0076號,93,0076,25.032613,121.469174
1,2005/01/14,華新花園大廈B棟管理委員會,板橋市文化路1段135.137.139各附2至12樓,75板使字第1326號,75,1326,25.009668,121.457691
1,2005/01/25,大地回春B區管理委員會,板橋市龍泉街108巷14號1樓,93板使字第0107號,93,0107,25.024683,121.455962
1,2005/02/01,儷緻華園管理委員會,板橋市明德街15.17號1至6樓,93板使字第0634號,93,0634,25.010784,121.460106
1,2005/02/14,品味人生社區管理委員會,板橋市南雅南路二段144巷73號6樓,86板使字第0852號,86,0852,24.994609,121.450514
1,2005/02/14,環球商業管理委員會,板橋市民族路87號,79板使字第1191號,79,1191,25.008527,121.466162
1,2005/02/18,板橋皇家管理委員會,板橋市裕民街132號11樓,80板使字第0175號,80,0175,25.027407,121.458841
1,2005/02/18,新站巴黎公寓大廈管理委員會,板橋市板新路55號3樓之1,93板使字第0383號,93,0383,25.013442,121.473643
1,2005/03/10,碧瑤麗園公寓大廈管理委員會,板橋市溪城路63號4樓,93板使字第0534號,93,0534,24.984307,121.42645
1,2005/03/17,綠亭居公寓大廈,板橋市信義路243號,93板使字第0242號,93,0242,24.99108,121.460117
1,2005/03/17,館前財星公寓大廈,板橋市四川路一段23號7樓,89板使字第0683號,89,0683,25.006855,121.459543
1,2005/03/17,四維公寓大廈,板橋市四維路249號10樓,83板使字第0118號,83,0118,25.027629,121.463612
1,2005/05/24,白宮御花園,板橋市金門街297巷27~43號,94板使字第0048號,94,0048,24.985726,121.431449
1,2005/05/19,家麒金典,板橋市宏國路15~25號,93板使字第0237號,93,0237,25.032067,121.470412
1,2005/05/31,馥華生活家,板橋市縣民大道三段270巷21號5樓,94板使字第0050號,94,0050,25.022604,121.478705
1,2005/05/27,晴園美墅公寓大廈,板橋市金門街215巷26-5號,93板使字第0376號,93,0376,24.989343,121.433342
1,2005/06/07,府中站前公寓大廈,板橋市重慶路80號7樓,94板使字第0034號,94,0034,25.006065,121.461918
1,2005/06/07,文化尊爵公寓大廈,板橋市文聖街40巷5-1號4樓,83板使字第1058號,83,1058,25.031015,121.47606
1,2005/06/09,當代風華公寓大廈,板橋市忠孝路忠義巷17弄28號10樓,94板使字第0003號,94,0003,25.004752,121.466031
1,2005/06/20,三甲中山社區,板橋市中山路二段371號11樓,86板使字第0511號,86,0511,25.019324,121.479917
1,2005/06/22,新站21合康愛樂社區,板橋市實踐路65巷41號,93板使字第0554號,93,0554,25.006506,121.465093
1,2005/07/06,捷運經典,板橋市大同街38號2樓,94板使字第0060號,94,0060,25.02738,121.478444
1,2005/08/10,雅舍大樓,板橋市中山路二段412巷21弄9號4樓,86板使字第0995號,86,0995,25.020222,121.483992
1,2005/08/08,騰飛大道,板橋市中山路二段457號2樓,85板使字第1446號,85,1446,25.020444,121.481679
1,2005/08/08,當代風華,板橋市忠孝路忠義巷17弄28號4樓,94板使字第0003號,94,0003,25.004752,121.466031
1,2005/08/08,風和A區　,板橋市忠孝路48巷36-3號4樓,94板使字第0244號,94,0244,25.000429,121.46068
1,2005/08/08,風和B區　,板橋市忠孝路48巷36-5號7樓,94板使字第0243號,94,0243,25.000351,121.46068
1,2005/08/29,白宮御花園B區,板橋市金門街297巷26號7樓,94板使字第0207號,94,0207,24.985609,121.431368
1,2005/08/29,白宮御花園C區,板橋市金門街317巷12號2樓,94板使字第0208號,94,0208,24.985772,121.430017
1,2005/08/29,生活品味,板橋市民生路二段226巷25號1樓,88板使字第0037號,88,0037,25.022085,121.470932
1,2005/10/11,盈松華廈,板橋市文化路二段500號13樓,84板使字第1232 號,84,1232,25.033355,121.475702
1,2005/10/04,日安陽明第二期,板橋市漢生西路161號2樓,94板使字第0097 號,94,0097,25.023273,121.463059
1,2005/11/02,名仕園公寓大廈,板橋市溪崑二街76號5樓-4,74板使字第1814 號,74,1814,24.990466,121.427334
1,2005/11/02,和錄大同公寓大廈,板橋市大同街50巷18號,94板使字第0206 號,94,0206,25.026868,121.478748
1,2005/11/30,五福國寶二期公寓大廈,板橋市懷德街201巷28號,94板使字第0302 號,94,0302,25.029714,121.482232
1,2005/12/09,沙崙公寓大廈,板橋市沙崙街15號2-7樓,94板使字第0438號,94,0438,24.994012,121.432509
1,2005/12/31,金阪神社區,板橋市南雅東路16-22號2-14樓,94板使字第0232號,94,0232,25.006356,121.454903
1,2005/12/31,麗池經典公寓大廈,板橋市金門街47巷8-52雙號2-13樓,94板使字第0272號,94,0272,24.993461,121.433554
1,2006/01/01,東錦大樓,南雅西路二段156巷53號,93板使字第0129號,93,0129,25.012727,121.452417
1,2006/02/09,香雅公寓大廈,大仁街53巷2弄1號2樓,72板使字第1772號,72,1772,25.01603,121.454578
1,2006/02/01,天照商業大樓,大觀路三段236號8樓,79板使字第1085號,79,1085,24.992225,121.429796
1,2006/02/02,四川天下公寓大廈,四川路一段269號3樓,81中使字第01129號,81,01129,25.002106,121.459616
1,2006/03/10,藍天綠第公寓大廈,民生路二段125號8樓,82板使字第0842號,82,0842,24.230473,120.656193
1,2006/03/27,南雅尊邸大廈,南雅南路一段110號12樓,89板使字第0095號,89,0095,25.004307,121.454769
1,2006/03/27,凱旋城公寓,實踐路110號5樓,74板使字第1279號,74,1279,25.004501,121.464048
1,2006/04/10,金久普公寓大廈(已撤銷),信義路117號5樓,85板使字第0512號,85,0512,24.488319,120.680383
1,2006/04/10,凱旋門大廈,中山路二段90巷3號3樓,94板使字第0111號,94,0111,25.138722,121.511585
1,2006/06/08,建福大樓公寓大廈,三民路一段89號8樓,80板使字第0849號,80,0849,25.056713,121.563827
1,2006/06/20,榮耀之星公寓大廈,信義路179-1號,94板使字第0576號,94,0576,24.350263,120.620634
1,2006/06/22,揚昇河畔公寓大廈,館前西路275號11樓之3,92板使字第0484號,92,0484,25.008431,121.452713
1,2006/07/21,光華榕園管理委員會,光華街19巷36號2-5樓,94板使字第0403號,94,0403,22.996741,120.635397
1,2006/08/01,民生樺廈管理委員會,民生路三段170-6號5樓,88板使字第0297號,88,0297,24.811074,120.976185
1,2006/10/31,大亨企業大樓公寓大廈,中山路二段443巷53號7樓,80板使字第0377號,80,0377,25.138722,121.511585
1,2006/11/08,新海幸福公寓管理委員會,新海路431巷27號4樓,68板使字第2907號,68,2907,25.026609,121.457697
1,2006/11/07,中正月灣公寓大廈,中正路413巷11號8樓,95板使字第0260號,95,0260,25.02248,121.453796
1,2006/11/20,華府DC公寓大廈,中山路一段139-1號1樓,95板使字第0295號,95,0295,25.138774,121.511576
1,2006/11/22,雙橡園公寓大廈,南雅西路二段239號4樓,81板使字第1070號,81,1070,25.014202,121.451448
1,2006/11/22,凱旋花園廣場第二期公寓大廈,裕民街145號7樓,78板使字第0488號,78,0488,25.027135,121.458772
1,2006/12/01,王林公寓大廈管理委員會,篤行路三段20之2號,95板使字第0164號,95,0164,24.987158,121.428676
1,2007/01/04,板新大樓管理委員會,板橋市板新路27號5樓,86板使字第0059號,86,0059,25.012899,121.474716
1,2007/02/15,豪美公園廣場公寓大廈管理委員會,板橋市中正路71號11樓,78板使字第1065號,78,1065,25.014026,121.456098
1,2007/02/12,雙十珍寶公寓大廈管理委員會,板橋市雙十路二段10號1樓,95板使字第0566號,95,0566,25.02672,121.476609
1,2007/03/19,亞東新都廳社區管理委員會,板橋市四川路二段104之1號,95板使字第0568號,95,0568,24.994122,121.450649
1,2007/03/15,富山大樓管理委員會,板橋市富山街7巷5號2樓之1,95板使字第0464號,95,0464,25.02157,121.478602
1,2007/03/15,久泰花園社區,板橋市大觀路二段174巷138號,95板使字第0504號,95,0504,25.002534,121.44154
1,2007/04/10,海德堡公寓大廈管理委員會,板橋市實踐路93巷81號7樓,95板使字第0541號,95,0541,25.005595,121.467382
1,2007/04/18,萊芬園大廈管理委員會,板橋市信義路26巷8號13樓,95板使字第0615號,95,0615,24.995315,121.456466
1,2007/05/22,遠揚名家公寓大廈管理委員會,板橋市南雅南路二段144巷67號9樓,79板使字第0170號,79,0170,24.994831,121.450657
1,2007/05/28,巨榮工業有限公司,板橋市干城路151號,96板使字第0065號,96,0065,24.992878,121.460122
1,2007/06/04,金富天廈公寓大廈管理委員會,板橋市忠孝路263號1樓,95板使字第0245號,95,0245,25.003088,121.466966
1,2004/04/27,忠孝七期社區管理委員會(補登報備資料),板橋市忠孝路190巷15號5樓,91板使字第0118號,91,0118,25.002444,121.46641
1,2007/07/17,新站國寶公寓大廈管理委員會,板橋市重慶路96巷32號10樓,96板使字第0111號,96,0111,25.000588,121.466041
1,2007/08/17,穅佑有限公司,板橋市南雅東路31號,96板使字第0011號,96,0011,25.006208,121.45432
1,2007/08/22,慈濟板橋靜思堂公寓大廈,板橋市大觀路二段265巷15號,95板使字第0717號,95,0717,24.996103,121.442937
1,2007/08/07,天福社區公寓大廈,板橋市龍興街97巷12號1樓,68板使字第2717號,68,2717,25.002903,121.443663
1,2007/08/22,千禧園社區公寓大廈,板橋市萬板路163號4樓,96板使字第0113號,96,0113,25.023624,121.473922
1,2007/10/23,巨蛋東京花園廣場管理委員會,板橋市民生路三段317號32樓,95板使字第0484號,95,0484,25.031186,121.463284
1,2007/11/16,旺族管理委員會,板橋市干城路161號5樓之1,82板使字第0006號,82,0006,24.991983,121.460892
1,2007/11/02,健華新城公寓大廈管理委員會,板橋市文化路一段309號,95板使字第0024號,95,0024,25.019501,121.465301
1,2007/11/22,家樂府公寓大廈管理委員會,板橋市光復街52巷5號7樓,96板使字第0496號,96,0496,25.018115,121.482252
1,2007/12/07,遠揚新站社區公寓大廈管理委員會,板橋市南雅南路二段27-49號,96板使字第0401號,96,0401,24.995099,121.451625
1,2007/12/14,富貴名門公寓大廈管理委員會,板橋市四維路225號1樓,96板使字第0523號,96,0523,25.027187,121.463691
1,2007/12/17,新站歐洲管理委員會,板橋市南雅東路1號,96板使字第0484號,96,0484,25.00563,121.4555
1,2008/01/25,歐洲公園社區公寓大廈管理委員會,板橋市國慶路158巷18號,96板使字第0435號,96,0435,24.995301,121.461305
1,2008/01/24,國泰板橋第一新城E區公寓大廈管理委員會,板橋市三民路二段正泰5巷5號3樓,73板使字第1698號,73,1698,25.018561,121.479425
1,2008/01/31,重慶光點公寓大廈管理委員會,板橋市國慶路182巷32之1號9樓,96板使字第0176號,96,0176,24.995531,121.46276
1,2008/01/17,興吉祥華廈A區公寓大廈管理委員會,板橋市萬板路76號,96板使字第0143號,96,0143,25.023118,121.472673
1,2008/01/18,興吉祥華廈B區公寓大廈管理委員會,板橋市萬板路82巷2號,96板使字第0144號,96,0144,25.023112,121.473218
1,2008/01/10,皇家尊爵大樓管理委員會,板橋市中正路302號7樓-1,89板使字第0507號,89,0507,25.020724,121.454869
1,2008/01/15,麗池花園廣場公寓大廈管理委員會,板橋市篤行路一段10-1號1樓,96板使字第0201號,96,0201,24.995611,121.431814
1,2008/01/10,信義計劃公寓大廈管理委員會,板橋市信義路235之7號3樓,96板使字第0504號,96,0504,24.991406,121.459957
1,2008/07/27,馥華大台北公寓大廈管理委員會,板橋市中山路二段411-1號5樓,96板使字第0548號,96,0548,25.019874,121.480697
1,2008/02/13,國泰板橋第一新城F區管理委員會,板橋市三民路二段正泰六巷9號2樓,73板使字第1700號,73,1700,25.013052,121.478249
1,2008/03/06,新站尊爵公寓大廈管理委員會,板橋市漢生東路321號,96板使字第0748號,96,0748,25.00765,121.472345
1,2008/03/11,捷運陽明公寓大廈管理委員會,板橋市陽明街46號10樓,96板使字第0627號,96,0627,25.021992,121.4658
1,2008/04/03,名人金典公寓大廈管理委員會,板橋市民有街73巷8號,96板使字第0643號,96,0643,25.026944,121.464654
1,2008/04/02,格林珍寶公寓大廈管理委員會,板橋市大同街50巷49號13樓,96板使字第0714號,96,0714,25.026322,121.479001
1,2008/04/14,八達通環遊市江子翠站大樓管理委員會,板橋市文化路二段367號16樓之8,96板使字第0366號,96,0366,25.031026,121.473095
1,2008/05/14,國家世紀館公寓大廈管理委員會,板橋市漢生東路272之3號16樓,96板使字第0554號,96,0554,25.012295,121.468817
1,2008/05/12,法國翡翠公寓大廈管理委員會,板橋市海山路23號,97板使字第0063號,97,0063,25.008973,121.468389
1,2008/06/18,富宥風華公寓大廈管理委員會,板橋市公館街13號,96板使字第0099號,96,0099,25.014391,121.460378
1,2008/06/23,福林寶典公寓大廈管理委員會,板橋市松江街30號12樓,96板使字第0689號,96,0689,25.026762,121.468851
1,2008/06/24,板新華廈管理委員會,板橋市板新路120-128號,97板使字第0086號,97,0086,25.015515,121.471054
1,2008/06/11,國光社區管理委員會,板橋市中正路325巷47號B1,81板使字第1375號,81,1375,25.018792,121.453104
1,2008/06/25,全家樂高社區管理委員會,板橋市大觀路三段139號2樓,96板使字第0707號,96,0707,24.993939,121.432317
1,2008/08/01,公園大賞公寓大廈管理委員會,板橋市金門街159號11樓,96板使字第0795號,96,0795,24.990385,121.43268
1,2008/07/31,LIFE新板城管理委員會,板橋市公園街36號1樓,97板使字第0175號,97,0175,25.008409,121.462293
1,2008/07/09,上上願社區管理委員會,板橋市文聖街158號之3-9樓,96板使字第0418號,96,0418,25.027224,121.478905
1,2008/08/08,史丹佛社區管理委員會,板橋市新府路1號1樓,96板使字第0599號,96,0599,25.012112,121.464023
1,2008/08/22,新棧大樓管理委員會,板橋市民權路213巷8號7樓,86板使字第0351號,86,0351,25.01518,121.457279
1,2008/08/18,靜巷麗舍公寓大廈管理委員會,板橋市忠孝路64巷8號,96板使字第0676號,96,0676,25.001624,121.461104
1,2008/08/19,國泰晶華公寓大廈管理委員會,板橋市國泰街75巷29號12樓,97板使字第0168號,97,0168,25.005513,121.467977
1,2008/09/02,仁愛國宅社區公寓大廈管理委員會,板橋市忠孝路48巷70號5樓,72板使字第2207號,72,2207,24.999275,121.461534
1,2008/10/23,光華華廈管理委員會,板橋市光華街12巷8號,96板使字第0337號,96,0337,25.011616,121.454462
1,2008/10/21,板橋原宿公寓大廈管理委員會,板橋市中山路一段50巷22號,85板使字第0008號,85,0008,25.008761,121.461518
1,2008/12/29,白宮御花園第二期A區公寓大廈管理委員會,板橋市金門街351-1號6樓,96板使字第0747號,96,0747,24.985014,121.429047
1,2008/12/29,白宮御花園第二期B區公寓大廈管理委員會,板橋市金門街347-2號5樓,96板使字第0740號,96,0740,24.985073,121.429195
1,2008/12/17,崇德堂華廈管理委員會,板橋市文化路二段441巷18號,97板使字第0496號,97,0496,25.03395,121.474272
1,2008/12/16,新站宏築大廈管理委員會,板橋市廣和街33之2號,97板使字第0312號,97,0312,24.993832,121.463128
1,2009/01/17,權世界大廈管理委員會,板橋市縣民大道二段88號B1,97板使字第0493號,97,0493,25.01472,121.466509
1,2009/02/25,海山學園公寓大廈管理委員會,板橋市海山路5號,95板使字第0096號,95,0096,25.009356,121.469294
1,2009/02/25,重慶傑作大樓管理委員會,板橋市成都街71巷2號,91板使字第0490號,91,0490,25.005298,121.46236
1,2009/02/27,陽明賞公寓大廈管理委員會,板橋市陽明街164巷2號5樓,95板使字第0242號,95,0242,25.024346,121.463572
1,2009/04/16,仁愛別墅公寓大廈,板橋市大豐街112號,98板使字第0054號,98,0054,25.001282,121.461425
1,2009/04/21,歡欣名邸公寓大廈管理委員會,板橋市三民路二段正隆巷1號1樓,97板使字第0773號,97,0773,25.012848,121.477753
1,2009/04/27,昇陽府中棧大廈管理委員會,板橋市館前西路66號,97板使字第0504號,97,0504,25.007103,121.457787
1,2009/04/27,信義龍門管理委員會,板橋市和平路4號,79板使字第0157號,79,0157,24.994157,121.458164
1,2009/05/07,中山御花園公寓大廈管理委員會,台北縣板橋市中山路二段465巷74弄11號3樓,84板使字第811號,84,811,25.022319,121.48165
1,2009/04/30,民治賞花園公寓大廈管理委員會,台北縣板橋市民治街49號11樓,97板使字第591號,97,591,25.033835,121.479055
1,2009/05/13,金華名園公寓大廈管理委員會,台北縣板橋市金華街9巷4號1樓,76板使字第1589號,76,1589,25.020392,121.455475
1,2009/05/21,傑克的院子公寓大廈管理委員會,台北縣板橋市廣和街68號4樓,97板使字第724號,97,724,24.99391,121.462226
1,2009/06/08,板橋金城公寓大廈管理委員會,台北縣板橋市溪福里21鄰金門街421巷8號2樓,98板使字第093號,98,093,24.983512,121.427262
1,2009/06/11,滿平帝堡公寓大廈管理委員會,台北縣板橋市溪北里17鄰溪崑一街122號1樓,97板使字第410號,97,410,24.988482,121.429196
1,2009/06/29,領袖歐洲威登社區管理委員會,台北縣板橋市五權街30巷37弄2－7號1樓,97板使字第055號,97,055,24.992954,121.462965
1,2009/07/28,馥華時尚會館社區管理委員會,台北縣板橋市新府路68號5樓,97板使字第722號,97,722,25.011046,121.465231
1,2009/07/27,百樂社區管理委員會,台北縣板橋市中山路二段116－14號,72板使字第1906號,72,1906,25.016472,121.476367
1,2009/08/14,臻愛公寓大廈管理委員會,台北縣板橋市金門街369巷37號1樓,98板使字第055號,98,055,24.984265,121.429253
1,2009/08/12,中山民生社區管理委員會,台北縣板橋市中山路二段50－3號11樓,98板使字第048號,98,048,25.015219,121.473356
1,2009/08/11,榮耀交響曲公寓大廈管理委員會,台北縣板橋市萬板路36號3樓之8,97板使字第732號,97,732,25.022548,121.472012
1,2009/08/18,家麒文化宴公寓大廈管理委員會,台北縣板橋市莊敬路75巷3號,97板使字第017號,97,017,25.026636,121.473102
1,2009/08/26,河岸麗第公寓大廈管理委員會,台北縣板橋市長江路二段8號3樓,98板使字第063號,98,063,25.031341,121.464742
1,2009/09/10,江翠及第-新貴區公寓大廈管理委員會,台北縣板橋市吳鳳路17－2號7樓,98板使字第199號,98,199,25.030494,121.467546
1,2009/09/08,王敦仁紀念大樓公寓大廈管理委員會,台北縣板橋市篤行路三段玉平巷68弄7號之2,98板使字第094號,98,094,24.986151,121.42761
1,2009/09/14,富豪社區管理委員會(補登資料),台北縣板橋市埔墘里17鄰中山路二段372巷27－1號,78板使字第1900號,78,1900,25.020336,121.482584
1,2009/09/25,泰昌公寓大廈管理委員會,台北縣板橋市館前西路145號8樓,82板使字第741號,82,741,25.007874,121.456224
1,2009/09/28,站前美麗殿管理委員會,台北縣板橋市漢生東路161巷7號6樓,98板使字第386號,98,386,25.012457,121.469853
1,2009/09/08,板橋市自強新村第十一分區管理委員會,台北縣板橋市自強新村69－1號,78板使字第738號,78,738,25.013176,121.454494
1,2009/10/09,高更社區公寓大廈管理委員會,台北縣板橋市中山路一段160-5號,98板使字第288號,98,288,25.011975,121.4662
1,2009/10/23,公園賞管理委員會,台北縣板橋市大觀路三段212巷60號5樓,98板使字第082號,98,082,24.993283,121.430032
1,2009/11/13,生活極品公寓大廈管理委員會,台北縣板橋市光明街98－1號4樓,88板使字第691號,88,691,25.002586,121.462187
1,2009/12/16,永豐光仁公寓大廈管理委員會,台北縣板橋市中山路二段309巷10號1樓,98板使字第414號,98,414,25.019034,121.478605
1,2009/12/16,國鼎公寓大廈管理委員會,台北縣板橋市漢生東路166號12樓,98板使字第215號,98,215,25.014657,121.467027
1,2009/12/29,金銘豪邸公寓大廈管理委員會,台北縣板橋市溪崑二街92巷18號,98板使字第603號,98,603,24.989659,121.426222
1,2009/12/30,華江麗境NO.2管理委員會,台北縣板橋市長江路三段26號6樓,98板使字第387號,98,387,25.033584,121.472466
1,2010/01/18,詠芙園公寓大廈管理委員會,台北縣板橋市新翠里8鄰英士路58巷20－1號,96板使字第674號,96,674,25.025499,121.460577
1,2010/01/25,江翠及第-名門區公寓大廈管理委員會,台北縣板橋市吳鳳路19－4號,98板使字第693號,98,693,25.030857,121.467152
1,2010/01/19,統麒雙星B區大廈管理委員會,台北縣板橋市溪北里7鄰溪崑二街61號3樓,98板使字第482號,98,482,24.990435,121.428236
1,2010/01/20,中山首府社區管理委員會,台北縣板橋市中山路二段328－2號4樓,96板使字第721號,96,721,25.019739,121.481431
1,2010/02/25,皇翔帝國大廈社區管理委員會,台北縣板橋市四川路二段247號24樓,98板使字第527號,98,527,24.992971,121.450339
1,2010/01/26,統麒雙星A區大廈管理委員會,台北縣板橋市溪北里7鄰溪崑二街57號5樓,98板使字第492號,98,492,24.99066,121.428217
1,2010/01/28,板橋市富邦世紀大廈住戶管理委員會,台北縣板橋市中正路37號11樓,75板使字第408號,75,408,25.01318,121.456168
1,2010/02/10,沐夏會館社區管理委員會,台北縣板橋市雙十路一段6號8樓,98板使字第557號,98,557,25.02422,121.478306
1,2010/03/10,畫世紀公寓大廈管理委員會,台北縣板橋市漢生東路256號22樓,98板使字第503號,98,503,25.013635,121.46793
1,2010/05/12,台北精點大樓管理委員會,台北縣板橋市三民路二段194號12樓,83板使字第172號,83,172,25.014866,121.478654
1,2010/05/12,潤泰台北新大陸社區管理委員會,台北縣板橋市三民路二段35巷3號19樓之1,81板使字第270號,81,270,25.01789,121.479809
1,2010/05/14,板橋雙十金星大廈管理委員會,台北縣板橋市大同街2號8樓,78板使字第1434號,78,1434,25.026641,121.47684
1,2010/06/24,文邑公寓大廈管理委員會,台北縣板橋市漢生東路291號5樓,99板使字第027號,99,027,25.00863,121.471598
1,2010/06/03,江翠華府管理委員會,台北縣板橋市長江路二段216－1號3樓,99板使字第104號,99,104,25.03226,121.467957
1,2010/07/06,松板大府公寓大廈管理委員會,台北縣板橋市金門街286號5樓,98板使字第797號,98,797,24.986018,121.429441
1,2010/07/21,家麒文化公寓大廈管理委員會,台北縣板橋市莊敬路67－1號12樓,96板使字第705號,96,705,25.026527,121.474245
1,2010/08/16,華江一品麗品苑社區管理委員會,台北縣板橋市長江路二段163號4樓,99板使字第038號,99,038,25.032001,121.466351
1,2010/08/10,板橋市文化廣場大廈管理委員會,台北縣板橋市文化路二段182巷25號8樓,76板使字第1629號,76,1629,25.026634,121.472489
1,2010/08/12,第一天廈公寓大廈管理委員會,台北縣板橋市文化路二段385－8號,99板使字第074號,99,074,25.03134,121.473141
1,2010/08/27,新東安57管理委員會,台北縣板橋市民生路一段36－1號1樓,98板使字第655號,98,655,25.014415,121.474585
1,2010/08/27,美捷市社區管理委員會,台北縣板橋市華東街302號4樓,98板使字第051號,98,051,25.002752,121.453057
1,2010/08/26,詠勝雅築管理委員會,台北縣板橋市自由路51巷8號,98板使字第702號,98,702,25.023555,121.465092
1,2009/02/06,溪洲王公寓大廈管理委員會(補登資料),台北縣板橋市篤行路三段16－1號6樓,89板使字第467號,89,467,24.987404,121.428813
1,2006/06/28,懷德華廈公寓大廈管理委員會(補登資料),台北縣板橋市懷德街2號4樓之3,84板使字第1232號,84,1232,25.033055,121.476024
1,2010/09/13,三輝心悅社區管理委員會,台北縣板橋市和平里和平路61號1樓,99板使字第168號,99,168,24.99474,121.461068
1,2010/09/29,京宴公寓大廈管理委員會,台北縣板橋市金門街302號12樓,98板使字第586號,98,586,24.985348,121.42886
1,2010/10/15,雅築華廈管理委員會,台北縣板橋市三民路二段245巷39號5樓,84板使字第545號,84,545,25.012626,121.48039
1,2010/10/15,華江一品御品苑社區管理委員會,台北縣板橋市長江路二段181號2樓,99板使字第021號,99,021,25.032138,121.466739
1,2010/10/15,吉峻園首公寓大廈管理委員會,台北縣板橋市重慶路245巷50弄38號6樓,99板使字第224號,99,224,24.999728,121.465
1,2010/10/26,誠都華廈公寓大廈管理委員會,台北縣板橋市貴興路66號3樓,85板使字第355號,85,355,25.003332,121.456614
1,2010/09/29,台北新大陸辦公棟管理委員會,台北縣板橋市三民路二段31號20樓,81板使字第270號,81,270,25.01781,121.479412
1,2010/11/10,福容麗池+公寓大廈管理委員會,台北縣板橋市和平里2鄰和平路82號7樓之1,98板使字第361號,98,361,24.994529,121.461462
1,2010/12/15,TPKA研發大樓管理負責人,新北市板橋區四川路一段332號,99板使字第178號,99,178,25.000254,121.458645
1,2010/12/15,重慶大戶大廈管理委員會,新北市板橋區國慶路213巷3－5號,99板使字第275號,99,275,24.997215,121.463228
1,2010/12/16,金富天廈II期公寓大廈管理委員會,新北市板橋區忠孝路190巷16號11樓,98板使字第580號,98,580,25.002303,121.465864
1,2010/12/15,板信雙子星花園廣場公寓大廈管理委員會,新北市板橋區縣民大道二段60號11樓,98板使字第588號,98,588,25.012067,121.463077
1,2011/01/12,好室多公寓大廈管理委員會,新北市板橋區金門街49－7號8樓,99板使字第373號,99,373,24.99303,121.433909
1,2011/01/12,皇勝憘悅公寓大廈管理委員會,新北市板橋區民生路一段95號8樓之3,99板使字第351號,99,351,25.014004,121.474374
1,2011/01/17,新都廳社區管理委員會,新北市板橋區漢生東路266號12樓,99板使字第262號,99,262,25.013324,121.468294
1,2011/02/21,金寶大樓公寓大廈管理委員會,新北市板橋區莒光路215號7樓,89板使字第613號,89,613,25.022881,121.474234
1,2011/02/24,哈利波特大廈管理委員會,新北市板橋區溪崑一街42－8號2樓,98板使字第790號,98,790,24.990601,121.429728
1,2011/03/02,青茵悅公寓大廈管理委員會,新北市板橋區萬板路520號10樓,99板使字第377號,99,377,25.026378,121.480722
1,2011/03/02,文化風閣社區管理委員會,新北市板橋區文化路二段441巷9號11樓,99板使字第438號,99,438,25.033351,121.474511
1,2011/03/10,長宏管理委員會,新北市板橋區吳鳳路90巷17－1號2樓,64板使字第1957號,64,1957,25.03196,121.467592
1,2011/03/18,永福雙十公寓大廈管理委員會,新北市板橋區雙十路二段50號3樓,98板使字第300號,98,300,25.02774,121.475725
1,2011/05/03,公園禮公寓大廈管理委員會,新北市板橋區信義路150巷65號14樓,99板使字第025號,99,025,24.991731,121.457051
1,2011/04/21,東方明珠公寓大廈管理委員會,新北市板橋區中山路一段156－1號10樓之2,98板使字第721號,98,721,25.011599,121.465801
1,2011/04/21,東方明珠商場區管理委員會,新北市板橋區深丘里17鄰中山路一段156－3號,98板使字第721號,98,721,25.011538,121.465548
1,2011/05/06,松阪大府二期公寓大廈管理委員會,新北市板橋區滿平街110巷32號3樓,99板使字第418號,99,418,24.988406,121.427447
1,2011/06/16,青木賞閱青區管理委員會,新北市板橋區金門街82巷10號12樓,99板使字第651號,99,651,24.993084,121.432648
1,2011/08/11,新板京王大廈管理委員會,新北市板橋區華興街28號9樓,99板使字第574號,99,574,25.004766,121.458988
1,2011/08/02,嚴國哲公寓大廈管理委員會,新北市板橋區溪崑一街27之2號,99板使字第319號,99,319,24.991793,121.430649
1,2011/08/29,青木賞樂青區公寓大廈管理委員會,新北市板橋區篤行路二段1巷1之5號,100板使字第135號,100,135,24.993196,121.432329
1,2011/09/19,新板御賞大廈管理委員會,新北市板橋區觀光街56-1號,100板使字第057號,100,057,25.016497,121.470868
1,2011/09/21,板橋國泰三民家園管理委員會,新北市板橋區三民路2段居仁巷2弄50號,78板使字第2657號,78,2657,25.012844,121.480658
1,2011/10/03,松阪大府三期管理委員會,新北市板橋區金門街260巷52號,99板使字第558號,99,558,24.986243,121.428775
1,2011/10/07,大福地大樓管理委員,新北市板橋區館前西路138號,88板使字第829號,88,829,25.008065,121.456318
1,2011/10/04,新月麗都公寓管理委員會,新北市板橋區溪崑一街30巷1號,100板使字第149號,100,149,24.991019,121.429925
1,2011/11/08,世界花園橋峰大樓管理委員會,新北市板橋區中山路1段168之1號,99板使字第555號,99,555,25.011996,121.467598
1,2011/11/09,世界橋峰大樓管理委員會,新北市板橋區中山路一段168號,99板使字第555號,99,555,25.011932,121.467479
1,2011/11/18,國泰人壽板橋第貳大樓,新北市板橋區三民路一段210號,94板使字第546號,94,546,25.019361,121.479068
1,2011/12/20,新板大遠百管理委員會,新北市板橋區漢生東路133－3號,68板使字第3783號,68,3783,25.014271,121.467983
1,2011/12/16,新大觀公寓大廈管理委員會,新北市板橋區僑中二街20號11樓,100板使字第074號,100,074,25.01066,121.445991
1,2011/12/15,青木賞賞青區管理委員會,新北市板橋區金門街79號1樓,100板使字第321號,100,321,24.992708,121.433218
1,2011/12/08,淞暘富逸管理委員會,新北市板橋區中正路228號1樓,100板使字第301號,100,301,25.018702,121.455834
1,2012/01/05,國慶理想家大樓管理委員會,新北市板橋區國慶路205號,83板使字第1238號,83,1238,24.997029,121.463384
1,2012/01/12,稚暉公寓大廈管理委員會,新北市板橋區稚暉街37巷1號1樓,67板使字第2978號,67,2978,25.004252,121.457354
1,2012/02/03,寶捷麗公寓大廈管理委員會,新北市板橋區金門街369巷10號10樓,100板使字第452號,100,452,24.983758,121.428914
1,2012/02/10,遠揚加州社區管理委員會,新北市板橋區南雅南路二段122－10號10樓,100板使字第217號,100,217,24.997806,121.451967
1,2012/02/24,中正勳章公寓大廈管理委員會,新北市板橋區中正路293號6樓,86板使字第879號,86,879,25.019356,121.455269
1,2012/04/20,東方富域社區管理委員會,新北市板橋區福丘里14鄰縣民大道二段80號,99板使字第522號,99,522,25.01452,121.46624
1,2012/05/17,浩市達社區管理委員會,新北市板橋區大華街34號9樓,99板使字第409號,99,409,25.005731,121.458659
1,2012/06/05,仰德珍寶公寓大廈管理委員會,新北市板橋區松柏街50巷41-63號,100板使字第355號,100,355,25.029561,121.476094
1,2012/07/04,府中商業大樓公寓管理委員會,新北市板橋區府中路67號,101板使字第081號,101,081,25.009308,121.457941
1,2012/07/05,禮墅社區管理委員會,新北市板橋區文化路一段285巷2弄20-1號,98板使字第610號,98,610,25.0196,121.464167
1,2012/08/04,麗寶鵬程商業大樓,新北市板橋區縣民大道二段3號,99板使字第422號,99,422,25.012142,121.462215
1,2012/09/02,欣岳淳境大廈管理委員會,新北市板橋區金門街369巷28號,101板使字第176號,101,176,24.983388,121.428039
1,2012/09/03,新巨蛋管理委員會,新北市板橋區文化路一段360號,99板使字第278號,99,278,25.023422,121.468655
1,2012/09/04,百暉首璽公寓大廈管理委員會,新北市板橋區民權路85號,100板使字第2561號,100,2561,25.011807,121.460876
1,2012/09/05,太子學院社區管理委員會,新北市板橋區龍泉街126號,101板使字第125號,101,125,25.023969,121.457121
1,2012/09/06,國家文化館公寓大廈管理委員,新北市板橋區文化路二段175號,100板使字第505號,100,505,25.027908,121.470369
1,2012/10/06,光點大廈管理委員會,新北市板橋區民族路151巷56號,98板使字第180號,98,180,25.008381,121.469971
1,2012/10/07,板橋大遠百管理負責人,新北市板橋區新站路28號,100板使字第842號,100,842,25.013622,121.466627
1,2012/10/08,世界之藝管理委員會,新北市板橋區中正路320號,100板使字第136號,100,136,25.021082,121.454648
1,2012/11/03,板橋區自強新村第一分區管理委員會,新北市板橋區自強新村6號,64板使字第013號,64,013,25.014213,121.45524
1,2012/12/05,埔墘第一大廈管理委員會,新北市板橋區三民路一段187號,78板使字第793號,78,793,25.0193,121.479397
1,2013/01/11,一品陞月管理委員會,新北市板橋區南雅南路一段23號,101板使字第104號,101,104,25.006803,121.456428
1,2013/01/11,文化森美學社區管理委員會,新北市板橋區光武街50巷25號,101板使字第157號,101,157,25.027373,121.467792
1,2013/01/15,富貴大廈管理委員會,新北市板橋區大觀路3段160巷23號,86板使字第578號,86,578,24.993669,121.43066
1,2013/01/23,文化中國公寓大廈管理委員會,新北市板橋區莊敬路25巷18號,83板使字第009號,83,009,25.027422,121.474297
1,2013/02/19,大將首悅管理委員會,新北市板橋區重慶路245巷7號,101板使字第0236號,101,0236,25.000779,121.463555
1,2013/02/22,中鼎公寓大廈管理維護有限公司(補登),新北市板橋區文化路二段441巷18號,97板使字第0496號,97,0496,25.03395,121.474272
1,2013/03/22,金龍公寓大廈管理委員會,新北市板橋區金門街369巷36號,101板使字第422號,101,422,24.982907,121.428329
1,2013/03/06,大凱臻品公寓大廈管理委員會,"新北市板橋區南雅西路二段140,142號",100板使字第188號,100,188,25.015982,121.452304
1,2013/03/21,三信商業大樓管理委員會,新北市板橋區重慶路66號,81板使字第674號,81,674,25.006454,121.461841
1,2013/03/07,金品雅緻大廈管理委員會,新北市板橋區重慶路269巷77號,101板使字第343號,101,343,24.999165,121.46561
1,2013/02/25,金富帝寶社區管理委員會,新北市板橋區重慶路245巷80-106號,99板使字第510號,99,510,25.001062,121.46608
1,2013/03/01,敦美社區管理委員會,新北市板橋區國慶路158巷26號,101板使字第385號,101,385,24.995488,121.460928
1,2013/04/29,重慶大樓管理委員會,新北市板橋區重慶路260號,80板使字第737號,80,737,25.000668,121.462841
1,2013/05/10,雀居公寓大廈管理委員會,新北市板橋區中山路二段416巷3弄14號,101板使字第363號,101,363,25.020683,121.483973
1,2013/06/20,文筵社區管理委員會,新北市板橋區民族路129巷12弄11號等,102板使字第019號,102,019,25.008362,121.468434
1,2013/07/17,曼哈頓金融中心管理負責人,新北市板橋區中山路一段156號,102板使字第159號,102,159,25.011406,121.465205
1,2013/07/09,板橋大公園公寓大廈管理委員會,新北市板橋區篤行路二段70號等,84板使字第169號,84,169,24.99221,121.431391
1,2013/07/11,領御管理委員會,新北市板橋區中山路一段181號等,101板使字第449號,101,449,25.013002,121.46768
1,2013/07/02,麗池香榭管理委員會,新北市板橋區金門街67巷28號等,102板使字第078號,102,078,24.992712,121.434022
1,2013/09/25,永福大樓大同管理負責人,新北市板橋區大同街41號等,101板使字第215號,101,215,25.027363,121.478066
1,2013/09/03,世中心公寓大廈管理委員會,新北市板橋區中山路一段89號等,102板使字第083號,102,083,25.010144,121.461492
1,2013/09/03,府中參御苑公寓大廈管理委員會,新北市板橋區四川路一段46號等,102板使字第031號,102,031,25.005887,121.459455
1,2013/11/18,馥華松苑社區管理委員會,新北市板橋區中山路一段216巷10號等,102板使字第091號,102,091,25.013224,121.471464
1,2013/12/16,府中金融大廈管理委員會,新北市板橋區府中路22號等,83板使字第1581號,83,1581,25.009741,121.459847
1,2014/01/03,錦秀大地管理委員會,新北市板橋區大觀路二段127號等,83板使字第1114號,83,1114,25.001248,121.445948
1,2011/11/29,世界花園橋峰大樓商業區管理負責人,新北市板橋區中山路一段168號等,99板使字第555號,99,555,25.011932,121.467479
1,2014/02/19,勝輝築苑公寓大廈管理委員會,新北市板橋區五權街1-8號等,102板使字第418號,102,418,24.995173,121.463729
1,2014/03/31,山姆板橋管理委員會,新北市板橋區文化路二段348號,95板使字第526號,95,526,25.030515,121.473106
1,2014/03/19,欣岳逸境社區管理委員會,新北市板橋區金門街369巷12號等,102板使字第451號,102,451,24.983635,121.428679
1,2014/04/28,昇陽寓見大廈管理負責人,新北市板橋區光環路一段80號等,102板使字第604號,102,604,25.016864,121.481684
1,2014/04/08,板橋市信義大樓管理委員會,新北市板橋區信義路103號等,82板使字第1504號,82,1504,24.993653,121.457577
1,2014/05/15,板信城品大廈管理委員會,新北市板橋區成都街18號等,102板使字第215號,102,215,25.00476,121.460629
1,2014/05/20,三輝謙匯社區管理委員會,新北市板橋區民族路183號等,101板使字第238號,101,238,25.007563,121.468832
1,2014/05/21,一品居公寓大廈管理負責人,新北市板橋區篤行路三段17號等,102板使字第595號,102,595,24.987266,121.429053
1,2014/05/08,寶麗金公寓大廈管理委員會,新北市板橋區民治街92-3號等,102板使字第592號,102,592,25.031773,121.479016
1,2014/06/05,興旺華廈公寓大廈管理委員會,新北市板橋區貴興路48號等,85板使字第186號,85,186,25.003278,121.457115
1,2014/08/12,溫馨小築管理委員會,新北市板橋區中山路二段90巷43弄25號等,102板使字第407號,102,407,25.015438,121.477216
1,2014/10/07,謙岳住宅公寓大廈管理委員會,新北市板橋區新站路1至3號,102板使字第621號,102,621,25.011381,121.467125
1,2014/10/06,湛然新天地社區管理委員會,新北市板橋區光環路二段26號等,102板使字第625號,102,625,25.014022,121.482138
1,2014/10/14,得意居公寓大廈管理委員會,"新北市板橋區貴興路94,96,96之1,98號",87板使字第811號,87,811,25.001712,121.454955
1,2014/11/27,本裕商業大樓管理委員會,新北市板橋區成都街43至47號(單),88板使字第712號,88,712,25.005051,121.461405
1,2015/01/15,皇族新都公寓大廈管理委員會,新北市板橋區民族路184至190號及170巷11至25號,80板使字第1012號,80,1012,25.008783,121.467647
1,2015/01/20,三猿廣場管理負責人,新北市板橋區文化路一段360號等,99板使字第278號,99,278,25.023422,121.468655
1,2015/01/15,三輝都匯社區管理委員會,新北市板橋區文化路二段182巷3弄46號等,103板使字第057號,103,057,25.028437,121.472415
1,2015/01/07,Mega Tower辦公大樓管理負責人,新北市板橋區新站路16、16之1、18號,102板使字第608號,102,608,25.015349,121.46476
1,2015/02/03,江之翠社區管理委員會,新北市板橋區文化路二段417巷6至14號,103板使字第035號,103,035,25.033335,121.474078
1,2015/02/10,合利公寓大廈管理委員會,新北市板橋區國泰街39巷5弄18號等,103板使字第132號,103,132,25.006032,121.468914
1,2015/03/18,稚內華廈管理負責人,新北市板橋區文化路二段345號,98板使字第106號,98,106,25.030619,121.47263
1,2015/03/09,皇冠公寓大廈管理委員會,新北市板橋區中山路二段412巷29弄8號,103板使字第311號,103,311,25.019964,121.484258
1,2015/04/24,文筳美學社區管理委員會,新北市板橋區民族里8鄰民族路151巷71號,103板使字第480號,103,480,25.008609,121.469596
1,2015/05/19,富邦世紀華園第一期管理委員會,新北市板橋區中正路一巷16弄6-1號,74板使字第060號,74,060,25.012035,121.455251
1,2015/06/25,大觀名園,板橋區大觀路3段228號5樓,102板使字第198號,102,198,24.992215,121.430188
1,2015/06/29,花園公寓大廈,板橋區重慶路127巷8號7樓,85板使字第1136號,85,1136,25.004826,121.463132
1,2015/07/13,台北威龍公寓大廈管理委員會,新北市板橋區重慶路305號2樓,83板使字第450號,83,450,24.998781,121.463829
1,2015/07/22,新站禾風社區管理委員會,板橋區民族路223號11樓,103板使字第518號,103,518,25.007441,121.46966
1,2015/08/07,忠孝狀元華廈公寓大廈管理委員會,板橋區忠孝路255號7樓,98板使字第254號,98,254,25.002988,121.466544
1,2015/08/04,妙雲宮公寓大廈管理負責人,板橋區重慶路37號,104板使字第232號,104,232,25.007655,121.461687
1,2015/08/20,富邦世紀華園第二期公寓大廈,板橋區中正路25巷2弄3號,74板使字第1493號,74,1493,25.012892,121.45573
1,2015/09/23,極上學公寓大廈管理委員會,板橋區實踐路65巷6-2號2樓,104板使字第93號,104,93,25.006425,121.46444
1,2015/09/17,富貴連城社區管理委員會,板橋區國光路194之2號7樓,82板使字第877號,82,877,25.018409,121.461487
1,2015/10/16,田園居管理委員會,板橋區仁化街91號,85板使字第1609號,85,1609,25.032249,121.476337
1,2015/11/27,台北芳鄰大廈管理委員會,板橋區文聖街211號6樓,82板使字第208號,82,208,25.026047,121.480166
1,2016/01/07,弘逸公寓大廈管理委員會,新北市板橋區縣民大道3段188號,104板使字第00573號,104,00573,25.021373,121.475486
1,2016/01/18,民權公寓大廈管理委員會,新北市板橋區民權路250號,103板使字第00141號,103,00141,25.014802,121.458423
1,2016/03/07,如意公寓大廈管理委員會,新北市板橋區漢生西路89巷4弄11號,104板使字第00464號,104,00464,25.018758,121.461398
1,2016/03/09,民生經貿大樓管理委員會,新北市板橋區漢生西路165巷99號,92板使字第544號,92,544,25.0237,121.461774
1,2016/06/08,心板硯管理委員會,新北市板橋區中正路183巷14弄7號,103板使字第00340號,103,00340,25.016718,121.455843
1,2016/06/13,尊品公寓大廈管理委員會,新北市板橋區四川路一段257-265號,88板使字第090號,88,090,25.002371,121.459756
1,2016/08/31,含翠雙星公寓大廈管理委員會,新北市板橋區大觀路三段212巷14-32(雙號),80板使字第531號,80,531,24.992501,121.430471
1,2016/09/21,台北生活家管理委員會,新北市板橋區新海路135巷1號,83板使字第232號,83,232,25.02327,121.460695
1,2016/10/11,富玥大廈管理委員會,新北市板橋區四維路177巷4弄18號,105板使字第00058號,105,00058,25.026567,121.463558
1,2016/11/01,青年福利社區管理委員會,新北市板橋區龍泉街103-113號,84板使字第0861號,84,0861,25.02444,121.457266
1,2016/11/23,馥麗社區管理委員會,新北市板橋區篤行路3段21-23號,105板使字第00153號,105,00153,24.987141,121.428969
1,2016/12/15,三輝都匯公寓大廈管理委員會,新北市板橋區文化路二段182巷3弄46號,103板使字第00057號,103,00057,25.028437,121.472415
1,2016/12/14,信義樂章公寓大廈管理委員會,新北市板橋區信義路196號,105板使字第00292號,105,00292,24.991008,121.459588
1,2017/01/20,合景文苑社區管理委員會,新北市板橋區民族路219巷26號,103板使字第00479號,103,00479,25.0085,121.469481
1,2016/12/30,永捷貴築管理委員會,新北市板橋區重慶路269巷2號,105板使字第00190號,105,00190,24.999132,121.464125
1,2017/01/04,富臨極品管理委員會,新北市板橋區英士路49-1號,88板使字第00532號,88,00532,25.024698,121.461158
1,2017/01/04,永雄雅築管理委員會,新北市板橋區縣民大道三段246號,104板使字第00001號,104,00001,25.022759,121.477497
1,2017/03/17,新板圖社區管理委員會,新北市板橋區莊敬路231巷1號等,105板使字第00074號,105,00074,25.021792,121.472477
1,2017/03/17,三輝都匯2部曲社區管理委員會,新北市板橋區莊敬路8號等,104板使字第00382號,104,00382,25.02802,121.47329
1,2017/04/24,馥華原鄉公寓大廈管理委員會,新北市板橋區僑中二街118號等,105板使字第00379號,105,00379,25.006297,121.444723
1,2017/04/25,勝輝V1社區管理委員會,新北市板橋區府中路18號等,105板使字第00490號,105,00490,25.009786,121.460005
1,2017/04/27,龍華商業大樓管理負責人,新北市板橋區長江路1段7號等,106板使字第00028號,106,00028,25.028869,121.457953
1,2017/05/18,新板微風+公寓大廈管理委員會,新北市板橋區中山路二段553巷16號等,105板使字第00445號,105,00445,25.022628,121.483296
1,2017/05/23,福匯常住公寓大廈管理委員會,新北市板橋區大同街16號等,105板使字第00370號,105,00370,25.026926,121.477658
1,2017/06/06,勝輝都匯中心管理委員會,新北市板橋區中山路2段443巷75號等,105板使字第00510號,105,00510,25.022525,121.480684
1,2017/06/07,亞東會館管理負責人,新北市板橋區南雅南路2段120號等,100板使字第00217號,100,00217,24.999606,121.452641
1,2017/06/23,蒲陽文萃公寓大廈管理委員會,新北市板橋區長安街168號等,105板使字第00502號,105,00502,25.010864,121.473652
1,2017/06/29,長興及第公寓大廈管理委員會,新北市板橋區三民路2段正隆巷24號等,76板使字第00170號,76,00170,25.013171,121.47763
1,2017/07/12,御極大樓管理委員會,新北市板橋區中正路106號等,105板使字第00288號,105,00288,25.015542,121.456788
1,2017/08/04,幸福苑公寓大廈管理委員會,新北市板橋區實踐路124~126(雙)號 ,74板使字第02088號,74,02088,25.008168,121.463547
1,2017/09/08,海悅希華公寓大廈管理委員會,新北市板橋區翠華街6巷127號等,104板使字第000271號,104,000271,25.024391,121.481877
1,2017/09/25,怡華臻藏大廈管理委員會,新北市板橋區永豐街55巷25號等,102板使字第00363號,102,00363,25.018222,121.473527
1,2017/10/25,頤和邦社區管理委員會,新北市板橋區中山路二段505巷38號,106板使字第00103號,106,00103,25.02253,121.482065
1,2017/11/27,擎亞NO.9社區管理委員會,新北市板橋區光明街16號,104板使字第00589號,104,00589,25.002481,121.460113
1,2017/12/07,中華電信板橋資料中心公寓大廈管理負責人,新北市板橋區國慶路6、8號,105板使字第00081號,105,00081,24.99573,121.45928
1,2017/12/28,全陽圓社區管理委員會,新北市板橋區吳鳳路50巷89號等,106板使字第00330號,106,00330,25.030519,121.470303
1,2018/01/26,京板澤大廈管理委員會,新北市板橋區南雅西路2段291號,105板使字第00494號,105,00494,25.015447,121.452004
1,2018/02/21,勤樸富邑社區管理委員會,新北市板橋區南雅南路二段104號,106板使字第00305號,106,00305,25.001245,121.453311
1,2018/03/02,陳堡公寓大廈管理負責人,新北市板橋區龍興街63巷41號4樓,106板使字第00409號,106,00409,25.00175,121.441934
1,2018/03/15,中山運公寓大廈管理負責人,新北市板橋區區運路80號2樓,76板使字第01775號,76,01775,25.01029,121.466537
1,2018/03/21,日勝幸福站A3區管理委員會,新北市板橋區合宜路149號14樓之2,106板使字第00250號,106,00250,24.99752,121.446746
1,2018/04/24,昇之陽社區管理委員會,新北市板橋區四維路328號1樓,106板使字第00316號,106,00316,25.030345,121.462273
1,2018/06/15,三輝歌劇苑管理委員會,新北市板橋區文化路1段188巷39之1號,105板使字第00417號,105,00417,25.019228,121.467837
1,2018/06/26,正明光復公寓大廈管理負責人 ,新北市板橋區中山路2段412巷29弄11號7樓,105板使字第00321號,105,00321,25.020194,121.484228
1,2018/06/25,東玥社區管理委員會 ,新北市板橋區華東街260號1樓,103板使字第00385號,103,00385,25.001262,121.4528
1,2018/07/02,園與屋管理委員會,新北市板橋區文聖街192號2樓,081板使字第00376號,081,00376,25.026527,121.479494
1,2018/07/13,新板PLUS公寓大廈管理委員會,新北市板橋區民生路2段209-2號9樓,106板使字第00380號,106,00380,25.020665,121.46894
1,2018/07/31,上品匯公寓大廈管理委員會,新北市板橋區文化路1段188巷15號,106板使字第00581號,106,00581,25.019293,121.466718
1,2018/08/08,日勝幸福站A2區管理委員會,新北市板橋區合安一路77號6樓-2,104板使字第00057號,104,00057,24.999866,121.448194
1,2018/08/27,府中之星社區管理委員會,新北市板橋區景福路28號4樓,107板使字第00029號,107,00029,25.005682,121.461466
1,2018/09/10,福和樓A棟社區管理委員會,新北市板橋區漢生東路303號3樓,71板使字第01814號,71,01814,25.008367,121.471699
1,2018/10/08,府中華廈管理負責人,新北市板橋區南雅南路一段3巷46號,102板使字第00018號,102,00018,25.005958,121.456676
1,2018/10/08,極上美公寓大廈管理委員會,新北市板橋區民生路2段209號,107板使字第00128號,107,00128,25.020712,121.469048
1,2010/09/11,海葉公寓大廈管理負責人,新北市板橋區溪崑二街68號4樓,107板使字第00160號,107,00160,24.990441,121.42788
1,2018/10/09,(又又)盈社區管理委員會,新北市板橋區宏國路53號8樓,107板使字第00088號,107,00088,25.031908,121.468481
1,2018/10/11,永雄府中心公寓大廈管理委員會,新北市板橋區四川路一段218號16樓,106板使字第00381號,106,00381,25.002072,121.459337
1,2018/10/17,鄉雲里仁管理委員會,新北市板橋區四川路一段286巷8號4樓,107板使字第00402號,107,00402,25.001023,121.458304
1,2018/11/02,沅臻名璟公寓大廈管理委員會,新北市板橋區存德街95號5樓,107板使字第00054號,107,00054,24.991047,121.432259
1,2018/11/08,台北南區營業處管理負責人吳佳琳,新北市板橋區四川路1段287號,104板使字第00337號,104,00337,25.000684,121.458939
1,2018/11/30,榮耀經典公寓大廈管理委員會,新北市板橋區三民路2段76號,103板使字第00202號,103,00202,25.017009,121.479099
1,2018/12/13,禾宜公寓大廈管理委員會,新北市板橋區國泰街75巷28弄2號,107板使字第00326號,107,00326,25.005441,121.467574
1,2018/12/25,馥華原美公寓大廈管理委員會 ,新北市板橋區大觀路1段38巷26號,107板使字第00232號,107,00232,25.004341,121.445984
1,2019/02/14,植木賞社區管理委員會,新北市板橋區金門街253巷2弄13號10樓,107板使字第00330號,107,00330,24.988213,121.432184
1,2019/02/19,漢生大樓管理委員會,新北市板橋區漢生東路163號2樓,73板使字第00194號,73,00194,25.012426,121.469376
1,2019/02/21,囍市公寓大廈管理委員會,新北市板橋區縣民大道一段111號8樓,107板使字第00297號,107,00297,25.005512,121.456558
1,2019/05/16,日勝幸福站A6東區管理委員會,新北市板橋區樂群路142號10樓之1,107板使字第00006號,107,00006,24.99724,121.445303
1,2019/05/23,貴興華廈社區管理負責人,新北市板橋區貴興路111號,107板使字第00212號,107,00212,25.002504,121.45582
1,2019/05/29,華盛頓社區管理委員會,新北市板橋區莊崑路63號,107板使字第00306號,107,00306,24.999009,121.432157
1,2016/05/24,江翠大樓管理委員會(1080625補登),新北市板橋區文化路2段486~488號,73板使字第00905號,73,00905,25.035675,121.478894
1,2019/06/19,第一期板橋學園社區管理委員會(老舊社區申請成立),新北市板橋區金門街253巷2弄18號,82板使字第01426號,82,01426,24.988204,121.431754
1,2019/07/04,日勝幸福站A6西區管理員會,新北市板橋區合宜一路71號7樓之5,107板使字第00006號,107,00006,24.996404,121.444299
1,2019/07/05,鼎吉菲揚社區管理委員會,新北市板橋區互助街9號22樓,107板使字第00199號,107,00199,25.027595,121.463145
1,2019/08/30,府中贊大廈管理委員會,新北市板橋區府中路60號,107板使字第00454號,107,00454,25.009651,121.45697
1,2019/09/16,湛然幸福時光公寓大廈管理委員會,新北市板橋區光環路2 段32-76號,107板使字第00468號,107,00468,25.013994,121.48163
1,1999/05/10,玉平三公園公寓大廈管理委員會(1081003補登),台北縣板橋市篤行路三段69號,087板使字第00866號,087,00866,24.985595,121.427469
1,2019/11/19,和春公寓大廈管理負責人,新北市板橋區漢生東路193巷17弄6號,108板使字第00330號,108,00330,25.01246,121.470735
1,2019/11/21,風和樹公寓大廈管理委員會,新北市板橋區雙十路2段31號10樓,108板使字第00091號,108,00091,25.025587,121.476782
1,2019/11/25,源邸社區管理委員會,新北市板橋區中正路65-67號,108板使字第00141號,108,00141,25.013784,121.456138
1,2019/12/03,昇陽文薈大廈管理委員會,新北市板橋區民生路三段10號,107板使字第00391號,107,00391,25.024428,121.467899
1,2019/12/03,樂業安居公寓大廈管理委員會,新北市板橋區光正街67號7樓,107板使字第00024號,107,00024,25.018232,121.461583
1,2019/12/04,江翠ONE管理委員會,新北市板橋區華江一路202號10樓,107板使字第00483號,107,00483,25.035322,121.473506
1,2019/12/05,公園上品社區管理委員會,新北市板橋區英士路32號13樓,107板使字第00056號,107,00056,25.025133,121.461599
1,2019/12/09,儒林居社區管理委員會,新北市板橋區雙十路3段22號10樓,081板使字第00190號,081,00190,25.030791,121.471322
1,2020/03/02,文化NO.5公寓大廈管理委員會,新北市板橋區萬板路372號,108板使字第00058號,108,00058,25.025164,121.478566
1,2020/03/10,幸福MRT社區管理委員會,新北市板橋區文化路2段410巷26號,108板使字第00077號,108,00077,25.030729,121.47447
1,2020/03/12,江翠綻社區管理委員會,新北市板橋區雙十路3 段10巷3號10樓,108板使字第00309號,108,00309,25.030788,121.471962
1,2020/03/16,和平公園社區管理委員會,新北市板橋區重慶路346巷1號,108板使字第00213號,108,00213,24.997057,121.464139
1,2020/03/18,翠峰社區管理委員會,新北市板橋區藝文街118號9樓,108板使字第00378號,108,00378,25.02193,121.45123
1,2020/04/01,芯花開公寓大廈管理委員會,新北市板橋區幸福里11鄰新海路135巷49號 ,108板使字第00308號,108,00308,25.02249,121.459712
1,2020/04/24,寶格麗公寓大廈管理委員會,新北市板橋區僑中一街80巷5號,108板使字第00050號,108,00050,25.012314,121.447745
1,2020/04/30,帝后花園管理委員會,新北市板橋區中正路151-161號,108板使字第00158號,108,00158,25.015882,121.456487
1,2020/05/21,艋舺龍山寺板橋文化廣場管理負責人,新北市板橋區文化路2段242號,093板使字第00275號,093,00275,25.027788,121.470945
1,2020/02/06,德鄰大樓管理委員會-109/5/28補登,新北市板橋區溪頭里17鄰長江路二段296號2樓,108板使字第00302號,108,00302,25.033056,121.470845
1,2020/05/27,站前君悅社區管理委員會,新北市板橋區溪崑二街55號,108板使字第00418號,108,00418,24.990666,121.428365
1,2020/06/15,江翠Park社區管理委員會,新北市板橋區大漢街27號9樓,108板使字第00336號,108,00336,25.03125,121.461569
1,2020/07/31,文化苑管理委員會,新北市板橋區文化路一段188巷9弄8號1樓,62板使字第01154號,62,01154,25.018736,121.467849
1,2020/08/07,聯上函翠管理委員會,新北市板橋區華江一路500號14樓,108板使字第00491號,108,00491,25.033155,121.466669
1,2020/08/07,御新板公寓大廈管理委員會,新北市板橋區實踐路38號,109板使字第00125號,109,00125,25.006798,121.463603
1,2020/08/24,i-Life社區,新北市板橋區宏國路39號11樓-2,109板使字第00011號,109,00011,25.03179,121.468183
1,2020/09/18,家傳公寓大廈管理委員會,新北市板橋區華東街272號之3,105板使字第00079號,105,00079,25.001901,121.45304
1,2020/11/05,板橋國光公寓大廈,新北市板橋區中正路275巷55號,85板使字第1266號,85,1266,25.017956,121.453143
1,2020/11/08,新潤青峰社區管理委員會,新北市板橋區永翠路92號,109板使字第00124號,109,00124,25.021166,121.451733
1,2020/12/09,國王大廈住戶管理委員會,新北市板橋區民生路232號,70板使字第866號,70,866,25.022689,121.468755
1,2020/12/11,麗麒朝陽大廈管理委員會,新北市板橋區廣權路53號,108板使字第00307號,108,00307,24.992049,121.463235
1,2020/12/15,永豐名人世界住戶管理委員會,新北市板橋區三民路2 段181巷4弄1號,"70板使字第3977號
76板使字第403號
76板使字第402號",70,3977,25.014303,121.479972
1,2020/12/28,嘉洋公寓大廈管理負責人:林長壽,新北市板橋區光武街6號之3,61板使字第124號,61,124,25.024982,121.468003
1,2021/01/11,双捷晶品名門區管理委員會,新北市板橋區長江路2段168號1樓,109板使字第00257號,109,00257,25.031842,121.466747
1,2021/01/18,金家園社區管理委員會,新北市板橋區溪崑二街126號,88板使字第601號,88,601,24.988077,121.425988
1,2021/01/29,磐郡社區管理委員會,新北市板橋區和平路49號10樓之2,109板使字第00252號,109,00252,24.994591,121.460541
1,2021/02/01,圓泰新月紀念會館管理負責人:吳秋賢,新北市板橋區新月三街1號,110板使字第00012號,110,00012,25.026714,121.456065
1,2021/02/04,幸大輝皇大樓管理委員會,新北市板橋區新海路53號4樓,108板使字第00493號,108,00493,25.021242,121.462042
1,2021/03/03,松下雲品公寓大廈管理委員會,新北市板橋區國慶路182巷9號,109板使字第00052號,109,00052,24.99603,121.463149
1,2021/03/15,囍堂大廈管理委員會,新北市板橋區縣民大道一段121號8樓,109板使字第00281號,109,00281,25.005647,121.456658
1,2021/04/24,板新綻公寓大廈管理委員會,新北市板橋區三民路2 段235號,109板使字第00329號,109,00329,25.01276,121.479112
1,2021/04/27,福氣大樓負責人,新北市板橋區溪崑二街26號6樓,78板使字第1525號,78,1525,24.991343,121.428552
1,2021/05/16,館前雙星公寓大廈管理委員會金,新北市板橋區館前東路26號,81板使字第1063號,81,1063,25.007131,121.460489
1,2021/08/03,柏克萊公園社區管理委員會,新北市板橋區藝文街399號3樓,110板使字第020號,110,020,25.018445,121.45068
1,2021/08/13,?捷晶品新貴區管理委員會,新北市板橋區長江路2 段166號2樓,110板使字第019號,110,019,25.031798,121.46657
1,2021/09/03,大禾社區管理委員會,新北市板橋區藝文街368號,109板使字第258號,109,258,25.018428,121.450199
1,2021/09/04,河藍灣社區管理委員會,新北市板橋區華江三路52號,109板使字第210號,109,210,25.036895,121.47805
1,2021/10/06,雙江翠公寓大廈管理委員會,新北市板橋區華江一路215號3樓,109板使字第381號,109,381,25.034579,121.472322
1,2021/10/07,仰真社區管理委員會,新北市板橋區華江一路397號8樓,109板使字第339號,109,339,25.033667,121.470457
1,2021/10/10,遠雄江翠管理委員會,新北市板橋區華江八路32號19樓,110板使字第107號,110,107,25.034243,121.467668
1,2021/11/02,三輝海山學A棟社區管理委員會,新北市板橋區民族路225巷52號9樓,109板使字第192號,109,192,25.007953,121.470181
1,2021/11/03,三輝海山學B棟社區管理委員會,新北市板橋區民族路225巷51號9樓,109板使字第163號,109,163,25.008064,121.469944
1,2021/11/11,麗寶挪威森林社區管理委員會,新北市板橋區華江八路2-22號,110板使字第135號,110,135,25.034367,121.468284
1,2021/11/12,聯上匯翠管理委員會,新北市板橋區華江一路578號9樓,110板使字第138號,110,138,25.033055,121.466084
1,2021/11/20,新板極TOP管理委員會,新北市板橋區民族路151巷28號之1,110板使字第113號,110,113,25.00832,121.469331
1,2021/12/05,歡喜市管理委員會,新北市板橋區藝文街215號1樓,110板使字第101號,110,101,25.021082,121.45101
1,2021/12/10,潤泰峰匯社區管理委員會,新北市板橋區華江一路350號,110板使字第108號,110,108,25.033701,121.468149
1,2021/12/26,福匯常安公寓大廈管理委員會,新北市板橋區大同街17號10樓,107板使字第098號,107,098,25.027011,121.477251
1,2022/01/07,凱撒飯店園區管理負責人,新北市板橋區縣民大道2段8號,107板使字第337號,107,337,25.011662,121.462638
1,2022/01/06,板橋大悅社區管理委員會,新北市板橋區藝文街195號14樓,110板使字第038號,110,038,25.02165,121.45171
1,2022/01/12,板橋新生公寓大廈管理委員會,新北市板橋區新生街64-2號3樓,81板使字第445號,81,445,25.020841,121.457365
1,2022/01/10,黃族管理委員會,新北市板橋區東門街2巷8弄1號,就地整建號碼69-2390,69,2390,25.007701,121.458068
1,2022/01/18,大道苑社區管理委員會,新北市板橋區縣民大道3段103巷7號,110板使字第091號,110,091,25.022811,121.475803
1,2022/01/17,新光人壽新板傑仕堡A棟公寓大廈管理負責人,新北市板橋區文化路一段188巷51號,108板使字第061號,108,061,25.018554,121.467777
1,2022/01/17,新光人壽新板傑仕堡B棟公寓大廈管理負責人,新北市板橋區文化路一段188巷59號,108板使字第311號,108,311,25.018108,121.46853
1,2022/01/17,新光人壽新板傑仕堡C棟公寓大廈管理負責人,新北市板橋區縣民大道2 段273號,108板使字第414號,108,414,25.017493,121.469165
1,2022/03/09,長安居管理負責人,新北市板橋區漢生東路193巷17弄2號,70板使字第2181號,70,2181,25.012336,121.470713
1,2022/03/07,新樸香榭大廈管理委員會,新北市板橋區民生路3段172號,109板使字第343號,109,343,25.028901,121.46563
1,2022/03/15,有富御花園公寓大廈管理委員會,新北市板橋區文化路2段237-1號,108板使字第421號,108,421,25.028824,121.470743
1,2022/03/11,黃氏大樓管理負責人,新北市板橋區中山路1段28之4號,80板使字第851號,80,851,25.008438,121.46047
1,2022/03/18,大豐華廈理委員會,新北市板橋區漢生東路193巷27號5樓,80板使字第231號,80,231,25.012325,121.471079
1,2022/03/30,全家福大廈管理委員會,新北市板橋區雨農路1段18巷1號9樓,78板使字第422號,78,422,25.024773,121.461747
1,2011/01/25,馥御社區管理委員會,新北市林口區忠孝路646巷32號,98林使字第761號,98,761,25.067263,121.378983
1,2011/01/25,玉品苑大廈管理負責人,新北市林口區西林村19鄰東湖路153巷121號,96林使字第203號,96,203,25.073059,121.382223
1,2011/01/25,雙橡園(五)公寓大廈管理委員會,新北市林口區忠孝路542巷11弄6－1號,96林使字第132號,96,132,25.066848,121.373378
1,2011/01/25,鋒泉螺釘管理委員會,新北市林口區文化二路二段369號,99林使字第069號,99,069,25.086631,121.381412
1,2011/02/10,藏御社區管理委員會,新北市林口區麗園村18鄰忠孝路512巷49號,99林使字第360號,99,360,25.068408,121.371545
1,2011/03/21,薩薾茲葆社區管理委員會,新北市林口區南勢二街20號,99林使字第071號,99,071,25.067888,121.355326
1,2011/04/11,文化御品社區管理委員會,新北市林口區南勢里2鄰文化三路一段439號4樓,99林使字第486號,99,486,25.074466,121.367763
1,2011/05/02,安康居公寓大廈管理負責人,新北市林口區仁愛路二段106巷11號4樓,99林使字第302號,99,302,25.075151,121.383343
1,2011/05/18,席悅公寓大廈管理委員會,新北市林口區仁愛路二段192巷6號7樓,100林使字第090號,100,090,25.074216,121.380281
1,2011/05/19,御墅紀社區管理負責人,新北市林口區竹林路326巷16號,98林使字第171號,98,171,25.082132,121.392171
1,2011/05/30,世紀大第管理委員會,新北市林口區文化二路一段230巷68號9樓,82林使字第052號,82,052,25.072648,121.371692
1,2011/06/13,大智苑,新北市林口區文化北路一段36號3樓,99林使字第309號,99,309,25.066922,121.355797
1,2011/06/13,大為苑,新北市林口區文化北路一段1號3樓,99林使字第298號,99,298,25.066351,121.35486
1,2011/06/20,城市之洲管理委員會,新北市林口區文化北路一段390號4樓,99林使字第220號,99,220,25.074959,121.363193
1,2011/06/23,重久馥邦公寓大廈管理委員會,新北市林口區新生街34號3樓,97林使字第492號,97,492,25.076453,121.393872
1,2011/07/01,帝晶天廈社區管理委員會,新北市林口區文化三路一段223號B1樓,100林使字第011號,100,011,25.070744,121.362492
1,2011/07/05,秉居公寓管理負責人,新北市林口區仁愛路二段2號,100林使字第215號,100,215,25.076443,121.385915
1,2011/07/06,聚丰園公寓管理負責人,新北市林口區仁愛路二段138巷16號,99林使字第487號,99,487,25.074959,121.382397
1,2011/07/05,莊子人文行館社區管理委員會,新北市林口區麗園二街23巷64號,97林使字第219號,97,219,25.070053,121.380312
1,2011/06/30,仁愛禮讚華廈管理負責人,新北市林口區仁愛路二段142號,100林使字第209號,100,209,25.07452,121.382313
1,2011/06/30,陳詩坤公寓管理負責人,新北市林口區文化二路二段126-1號,95林使字第351號,95,351,25.082788,121.380107
1,2011/07/20,九侖華廈管理委員會,新北市林口區中正路313號1樓,99林使字第232號,99,232,25.077587,121.388875
1,2011/08/09,富貴傳家社區大廈管理委員會,新北市林口區麗園二街76-7號,98林使字第517號,98,517,25.06784,121.381613
1,2011/08/01,仁美大廈管理委員會,新北市林口區南勢54號,99林使字第509號,99,509,25.073315,121.353955
1,2011/08/01,周桂英公寓,新北市林口區中北三街185,99林使字第523號,99,523,25.082177,121.382887
1,2011/08/17,薇閣咏山水二期B區管理委員會,新北市林口區興林路430號,99林使字第432號,99,432,25.067971,121.388777
1,2011/08/17,薇閣咏山水一期A區管理委員會,新北市林口區興林路318巷31號,99林使字第134號,99,134,25.070512,121.387727
1,2011/08/17,薇閣咏山水一期B區管理委員會,新北市林口區興林路318巷39號,99林使字第135號,99,135,25.070831,121.38771
1,2011/08/17,薇閣咏山水二期A區管理委員會,新北市林口區興林438號,99林使字第258號,99,258,25.067962,121.389062
1,2011/08/17,天悅社區管理委員會,新北市林口區隆林街215巷25號,100林使字第243號,100,243,25.073367,121.383667
1,2011/08/25,九揚香庭大廈管理委員會,新北市林口區文化三路一段449號,99林使字第463號,99,463,25.074636,121.368084
1,2011/09/30,鼎耀社區管理委員會,新北市林口區東湖路75巷61號,100林使字第273號,100,273,25.071717,121.385574
1,2011/09/19,巴洛克社區管理委員會,新北市林口區麗園二街60巷21號,100林使字第040號,100,040,25.067533,121.381279
1,2011/09/14,福林滿築管理委員會,新北市林口區福林路52巷30號,98林使字第137號,98,137,25.089333,121.379515
1,2011/10/21,領袖花園管理委員會,新北市林口區公園路180號,100林使字第183號,100,183,25.072806,121.372946
1,2011/11/08,幸福市社區管理委員會,新北市林口區中山路568號,99林使字第329號,99,329,25.084014,121.378009
1,2011/11/22,南園別墅,新北市林口區南勢二街151號,100林使字第432號,100,432,25.073232,121.358127
1,2011/11/30,富堡晶城公寓大廈管理委員會,新北市林口區公園路56號,100林使字第347號,100,347,25.069842,121.369041
1,2011/12/26,森美墅社區管理委員會,新北市林口區南勢路221巷22號,100林使字第313號,100,313,25.075551,121.35765
1,2011/12/06,森釀別墅社區管理委員會,新北市林口區麗園二街60巷102號,99林使字第210號,99,210,25.067543,121.381887
1,2011/12/13,東方院社區管理委員會,新北市林口區南勢四街183號2樓之1,100林使字第264號,100,264,25.071075,121.355249
1,2012/01/13,墨寶公寓大廈管理委員會,新北市林口區南勢街163號6樓,100林使字第382號,100,382,25.074968,121.359488
1,2011/12/06,赫世堡皇爵區管理委員會,新北市林口區東湖路93巷83號,95林使字第727號,95,727,25.071121,121.385492
1,2012/02/04,旺龍園社區管理委員會,新北市林口區工六路24號,100林使字第453號,100,453,25.078735,121.398216
1,2012/02/04,旺來園社區管理委員會,新北市林口區東湖路41巷21號,100林使字第454號,100,454,25.072977,121.386508
1,2012/02/22,文林公寓管理負責人,新北市林口區文林街75巷58號,100林使字第433號,100,433,25.09109,121.38052
1,2012/02/22,菊池寬人文行館社區管理委員會,新北市林口區忠孝路646巷37號,96林使字第553號,96,553,25.06725,121.379451
1,2012/03/03,家悅公寓大廈管理委員會,新北市林口區南勢街256號5樓,100林使字第519號,100,519,25.075875,121.35843
1,2012/03/07,雙宴社區管理負責人,新北市林口區自強一街40號,100林使字第397號,100,397,25.077611,121.399098
1,2012/03/12,愛林城堡管理委員會,新北市林口區公園路45號,100林使字第501號,100,501,25.068508,121.367253
1,2012/03/15,林口民權大樓管理負責人,新北市林口區民權路203號3樓,100林使字第080號,100,080,25.085478,121.375148
1,2012/03/16,赫世堡尊爵區第三期社區管理委員會,新北市林口區東湖路75巷40號,95林使字第246號,95,246,25.072168,121.385212
1,2012/06/24,玉旗商舍管理委員會,新北市林口區中華路263號,101林使字第180號,101,180,25.090247,121.384473
1,2012/06/25,立新大樓管理委員會,新北市林口區文化北路一段338號,101林使字第084號,101,084,25.073225,121.361228
1,2012/06/28,仰哲園社區管理委員會,新北市林口區東湖路117巷16號,100林使字第456號,100,456,25.072623,121.382897
1,2012/07/18,文化御璽社區管理委員會,新北市林口區文化三路一段617巷88號,100林使字第272號,100,272,25.078033,121.370332
1,2012/08/21,新林天悅社區,新北市林口區東湖路153巷155號,100林使字第265號,100,265,25.073467,121.382364
1,2012/08/22,天地朗朗地朗區管理委員會,新北市林口區興林路221巷62號,100林使字第466號,100,466,25.071497,121.390366
1,2012/10/22,福林凱富管理委員會,新北市林口區文林一街123號,100林使字第046號,100,046,25.087213,121.378924
1,2012/10/23,承冠禮讚社區管理委員會,新北市林口區文化三路一段394巷37號,101林使字第189號,101,189,25.071556,121.367245
1,2012/10/24,蘭會所社區管理委員會,新北市林口區南勢街120-1號,101林使字第291號,101,291,25.074224,121.363114
1,2012/10/25,九揚香登大廈管理委員會,新北市林口區文化三路一段609號,100林使字第569號,100,569,25.077096,121.371367
1,2012/10/26,綠璽公寓大廈管理委員會,新北市林口區文化北路一段299巷27號,101林使字第270號,101,270,25.073461,121.359128
1,2012/11/20,THE HOUSE社區公寓大廈管理委員,新北市林口區東湖路58號,97林使字第671號,97,671,25.074287,121.38755
1,2012/11/21,遠雄未來之光社區公寓大廈管理委員會,新北市林口區文化三路二段38號,101林使字第269號,101,269,25.07925,121.374015
1,2012/12/21,啟宏公寓大廈管理委員會,新北市林口區文化北路二段550巷19弄12號,101林使字第338號,101,338,25.092434,121.378887
1,2012/12/22,國王宮廷NO.2公寓大廈管理委員會,新北市林口區東明一街82號,101林使字第097號,101,097,25.071475,121.391211
1,2013/01/04,麗江閱大樓管理委員會,新北市林口區文化三路二段115巷135-1號,101林使字第185號,101,185,25.082201,121.374084
1,2013/01/30,證源富點社區管理委員會,新北市林口區四維路255號,101林使字第366號,101,366,25.074437,121.381573
1,2013/01/30,福樺謙禮大廈管理委員會,新北市林口區文化三路一段356號,101林使字第315號,101,315,25.071241,121.363547
1,2013/02/21,豐帝大廈管理委員會,新北市林口區粉寮路二段8-1號,101林使字第0523號,101,0523,25.084447,121.401088
1,2013/02/05,鼎湛公寓大廈管理委員會,新北市林口區文林五街28巷3、5號,101林使字第0221號,101,0221,25.083856,121.373166
1,2013/02/07,玖都新宿公寓大廈管理委員會,新北市林口區民權路75號,101林使字第0149號,101,0149,25.080953,121.371863
1,2013/03/28,圓方大千苑公寓大廈管理委員會,新北市林口區文化三路一段101號,101林使字第332號,101,332,25.068057,121.361232
1,2013/03/29,彼得堡社區管理委員會,新北市林口區仁愛路一段285巷32~80號,101林使字第161號,101,161,25.075451,121.395083
1,2013/03/25,醇萃公寓大廈管理委員會,新北市林口區文林六街62巷13號,101林使字第358號,101,358,25.081834,121.371723
1,2013/03/18,亞昕日向公寓大廈管理委員會,新北市林口區八德路68號,101林使字第505號,101,505,25.065864,121.365697
1,2013/03/08,起心動念管理委員會,新北市林口區興林路318巷7~13號,99林使字第381號,99,381,25.070889,121.387708
1,2013/01/11,藏御NO.2社區管理委員會(補登),新北市林口區忠孝路569巷12號,101林使字第134號,101,134,25.068849,121.37393
1,2013/04/22,動泰公寓大廈管理負責人,新北市林口區中山路759號,102林使字第138號,102,138,25.085007,121.376155
1,2013/04/02,百水硯社區管理委員會,新北市林口區文化三路一段447巷55號,101林使字第458號,101,458,25.074971,121.366806
1,2013/05/28,佳昂仁愛富社區管理委員會,新北市林口區文化三路二段41巷2號等,101林使字第340號,101,340,25.079765,121.372876
1,2013/05/15,文化捷境公寓大廈管理委員會,新北市林口區文化三路一段249巷55號等,101林使字第441號,101,441,25.071898,121.362313
1,2013/05/28,宥宥別墅管理負責人,新北市林口區興林路152巷9及11號,101林使字第490號,101,490,25.071476,121.388132
1,2013/06/24,黃雲廷,新北市林口區南勢71-130號等,102林使字第265號,102,265,25.079778,121.353752
1,2013/06/17,雙橡園(十一)社區管理委員會,新北市林口區四維路176號等,99林使字第511號,99,511,25.074674,121.38123
1,2013/06/03,雲品公寓大廈管理委員會,新北市林口區文化三路一段415號等,102林使字第050號,102,050,25.074237,121.367258
1,2013/06/27,國王宮廷NO.1公寓大廈管理委員會,新北市林口區東明一街75巷10號等,101林使字第112號,101,112,25.071128,121.391506
1,2013/06/27,陳建豐,新北市林口區民生路108號等,102林使字第087號,102,087,25.088163,121.377995
1,2013/06/27,巴黎捷悅管理委員會,新北市林口區文化三路一段617巷163號等,101林使字第522號,101,522,25.078081,121.37141
1,2013/06/24,陳詩群,新北市林口區過崙街82號等,101林使字第435號,101,435,25.07442,121.356671
1,2013/06/13,吳明源管理負責人,新北市林口區中北三街398號等,101林使字第235號,101,235,25.085664,121.384092
1,2013/07/29,京澄謙隱社區管理委員會,新北市林口區文明街183號等,101林使字第207號,101,207,25.072869,121.361329
1,2013/07/29,第一名廈管理委員會,新北市林口區民權路151號等,101林使字第352號,101,352,25.083714,121.373801
1,2013/07/22,夢享家公寓大廈管理委員會,新北市林口區仁愛路一段290巷12號等,102林使字第067號,102,067,25.076701,121.393271
1,2013/07/22,德馨居NO.3公寓大廈管理委員會,新北市林口區文化三路一段39巷181號等,100林使字第460號,100,460,25.067795,121.359269
1,2013/07/01,世界極公寓大廈管理委員會,新北市林口區文化三路一段191巷7號等,101林使字第512號,101,512,25.070211,121.361726
1,2013/07/05,賴价炫,新北市林口區文化北路一段299巷68號等,101林使字第438號,101,438,25.0726,121.359027
1,2013/07/01,黃榮村管理負責人,新北市林口區文林一街42號等,102林使字第161號,102,161,25.086552,121.377499
1,2013/07/16,天地朗朗境朗區社區管理委員會,新北市林口區麗園二街23巷15號等,101林使字第504號,101,504,25.070546,121.38
1,2013/08/15,森RICH社區管理委員會,新北市林口區文化三路一段39巷177號等,102林使字第143號,102,143,25.067703,121.359255
1,2013/08/26,張淑芬,新北市林口區文林三街149號等,102林使字第344號,102,344,25.087837,121.375369
1,2013/08/29,玄泰峰景C區管理委員會,新北市林口區文化二路一段96巷1號等,102林使字第055號,102,055,25.069872,121.36695
1,2013/08/29,姚斌豪,新北市林口區東明一街95巷15號等,98林使字第728號,98,728,25.070727,121.391265
1,2013/09/27,耀東方社區管理委員會,新北市林口區文化三路一段39巷116弄1號等,100林使字第497號,100,497,25.067771,121.359487
1,2013/09/23,仁愛皇冠社區管理委員會,新北市林口區四維路245巷12號等,100林使字第410號,100,410,25.074897,121.381908
1,2013/09/16,麗水逸軒社區管理委員會,新北市林口區民富街82號等,100林使字第547號,100,547,25.074587,121.370859
1,2013/09/17,璞石山匯社區管理委員會,新北市林口區仁愛路一段211巷10號等,101林使字第066號,101,066,25.073988,121.398
1,2013/09/17,新北郡社區管理委員會,新北市林口區中山路496號等,100林使字第465號,100,465,25.082598,121.380059
1,2013/10/29,一匯所公寓大廈管理委員會,新北市林口區仁愛路一段348-1號等,101林使字第276號,101,276,25.076637,121.390645
1,2013/10/24,玄泰峰景社區管理委員會,新北市林口區文化二路一段92號等,102林使字第057號,102,057,25.069731,121.366643
1,2013/10/18,文化柏儷管理委員會,新北市林口區文化一路一段105號等,102林使字第130號,102,130,25.071107,121.372845
1,2013/10/21,杜拜棕櫚泉社區管理委員會,新北市林口區中山路235號等,101林使字第309號,101,309,25.079183,121.386059
1,2013/10/01,法國四季社區管理委員會,新北市林口區信義路291號等,102林使字第132號,102,132,25.082114,121.375179
1,2013/10/07,舜泰大樓管理負責人,新北市林口區中正路57巷7弄6號等,102林使字第218號,102,218,25.0764,121.395491
1,2013/10/07,源峰寬庭公寓大廈管理委員會,新北市林口區文林四街37號等,102林使字第052號,102,052,25.084973,121.374278
1,2013/11/26,居佳屋管理委員會,新北市林口區中北一街15巷16號等,100林使字第308號,100,308,25.086791,121.385363
1,2013/12/16,鉅林大廈管理委員會,新北市林口區自強五街7號,102林使字第229號,102,229,25.076604,121.398787
1,2013/12/12,熹堡公寓大廈管理負責人,新北市林口區興林路146號等,102林使字第431號,102,431,25.071822,121.388627
1,2013/12/09,八運及第管理負責人,新北市林口區仁愛路二段62巷3號等,102林使字第257號,102,257,25.075897,121.384415
1,2013/12/18,御之紀行社區管理委員會,新北市林口區文化一路一段100巷17號等,101林使字第222號,101,222,25.070316,121.374398
1,2013/12/04,歡喜樓社區管理委員會,新北市林口區公園路149號,84林使字第125號,84,125,25.071363,121.37014
1,2014/01/02,綠邑社區管理委員會,新北市林口區南勢六街35巷27號等,102林使字第252號,102,252,25.070551,121.35614
1,2014/02/21,鼎新苑公寓大廈管理委員會,新北市林口區中正路19號等,101林使字第492號,101,492,25.077366,121.396382
1,2014/02/27,周添茂管理負責人,新北市林口區中華路327號等,102林使字第443號,102,443,25.091826,121.381687
1,2014/02/25,黃清春管理負責人,新北市林口區中北三街69號,102林使字第308號,102,308,25.085408,121.384686
1,2014/02/06,靜之墅社區管理負責人,新北市林口區麗園二街38巷13號等,102林使字第045號,102,045,25.068701,121.380525
1,2014/03/03,SEMI大樓管理負責人,新北市林口區民生路107號等,102林使字第329號,102,329,25.088253,121.377135
1,2014/03/24,力璞晴公寓大廈管理委員會,新北市林口區仁愛二路63-73號等,102林使字第533號,102,533,25.075361,121.368388
1,2014/03/18,828公寓大廈管理負責人,新北市林口區福林路117號等,103林使字第005號,103,005,25.089207,121.377364
1,2014/03/12,峰上社區管理委員會,新北市林口區文化二路一段236號等,102林使字第355號,102,355,25.072675,121.370059
1,2014/04/30,璞石社區管理委員會,新北市林口區麗園二街38巷26號等,102林使字第119號,102,119,25.068128,121.379749
1,2014/04/30,代代木社區管理委員會,新北市林口區東林街39-45號等,102林使字第236號,102,236,25.079336,121.395052
1,2014/05/16,陳友義管理負責人,新北市林口區南勢四街216巷26號等,98林使字第530號,98,530,25.073488,121.357468
1,2014/05/15,一悅藏管理委員會,新北市林口區公園路157號等,102林使字第572號,102,572,25.071393,121.370543
1,2014/05/14,展悅美術館公寓大廈管理委員會,新北市林口區富貴路8號等,102林使字第339號,102,339,25.082084,121.378204
1,2014/05/27,歐風大街B棟管理委員會,新北市林口區竹林路153號等,88林使字第922號,88,922,25.07982,121.388566
1,2014/06/03,富堡晶典公寓大廈管理委員會,新北市林口區文化一路一段83巷14弄60-1號等,102林使字第579號,102,579,25.071466,121.372315
1,2014/06/16,上品苑社區管理委員會,新北市林口區文化三路二段115巷70-1號,101林使字第430號,101,430,25.081972,121.374031
1,2014/07/30,富堡晶悅社區管理委員會,新北市林口區文化二路一段62-5號等,103林使字第070號,103,070,25.068413,121.365559
1,2014/08/14,九揚香提社區管理委員會,"新北市林口區忠孝路370,372號及376巷2至12(雙),16號等",102林使字第560號,102,560,25.06793,121.377016
1,2014/08/26,薇閣雲川管理委員會,新北市林口區東明一街1巷29號等,102林使字第548號,102,548,25.071947,121.393893
1,2014/08/29,森TOWER公寓大廈管理委員會,新北市林口區忠孝路71號等,102林使字第348號,102,348,25.074822,121.365713
1,2014/09/25,藏悅管理委員會,新北市林口區文化一路15巷8號等,103林使字第210號,103,210,25.069213,121.368976
1,2014/09/05,劉祖興管理負責人,新北市林口區民有街69號等,100林使字第419號,100,419,25.077287,121.372705
1,2014/09/04,頤昌謙學公寓大廈管理委員會,新北市林口區文化三路二段115巷87號等,103林使字第179號,103,179,25.082018,121.373728
1,2014/10/24,彼得堡伯爵區管理委員會,新北市林口區仁愛路一段285巷88至116號,103林使字第240號,103,240,25.075451,121.395083
1,2014/10/24,林語藏公寓大廈管理委員會,新北市林口區南勢六街30巷52號等,103林使字第233號,103,233,25.072146,121.357359
1,2014/10/14,中悅麗苑社區管理委員會,新北市林口區文化二路一段525巷2號等,103林使字第051號,103,051,25.076056,121.373425
1,2014/11/12,川弘.深公寓大廈管理委員會,新北市林口區佳林路211及211之1號等,103林使字第329號,103,329,25.076491,121.384148
1,2014/11/25,黃義成管理負責人,新北市林口區文林一街12巷1號等,102林使字第565號,102,565,25.08545,121.377267
1,2014/11/04,黃榮昌等四人公寓大廈管理委員會,新北市林口區中山路815號等,103林使字第409號,103,409,25.086355,121.374595
1,2014/11/20,富堡晶品公寓大廈管理委員會,新北市林口區民權路79號等,103林使字第239號,103,239,25.081098,121.372022
1,2014/11/20,丞石淳公寓大廈管理委員會,新北市林口區文化北路一段526巷13號等,103林使字第172號,103,172,25.07879,121.368016
1,2014/12/10,仁愛喜美社區管理負責人,新北市林口區仁愛路二段688號等,103林使字第307號,103,307,25.080559,121.369823
1,2014/12/01,向陽公寓大廈管理委員會,新北市林口區南勢四街347號等,103林使字第213號,103,213,25.075413,121.356863
1,2014/12/01,姚連地管理負責人,新北市林口區文化三路一段394巷12號等,103林使字第357號,103,357,25.072586,121.366433
1,2014/11/27,櫻花新天地社區管理委員會,新北市林口區中北一街17巷7至25單號,103林使字第165號,103,165,25.087261,121.385026
1,2014/12/25,陳彥綸管理負責人,新北市林口區中華路225號等,102林使字第512號,102,512,25.089738,121.385301
1,2015/01/14,台北陽光廈公寓大廈管理委員會,新北市林口區忠孝路399巷69號等,80都林使字第065號,80,065,25.071588,121.369735
1,2015/01/12,源峰清境公寓大廈管理委員會,新北市林口區民生路109號等,103林使字第218號,103,218,25.088329,121.377165
1,2015/02/06,青松花園社區管理負責人,新北市林口區竹林路326巷98號等,101林使字第187號,101,187,25.083103,121.39296
1,2015/01/30,呈冠禮樂公寓大廈管理委員會,新北市林口區三民路122號等,103林使字第290號,103,290,25.070786,121.360778
1,2015/01/30,晴山別墅社區管理委員會,新北市林口區東湖路22及26至32及36至42號(雙),101林使字第369號,101,369,25.07372,121.386356
1,2015/02/02,境樂大樓管理委員會,新北市林口區文化北路一段299巷69號等,103林使字第127號,103,127,25.072679,121.358855
1,2015/02/13,九樹社區管理委員會,新北市林口區公園路112號等,103林使字第342號,103,342,25.071079,121.370237
1,2015/03/26,竹城長崎公寓大廈管理委員會,新北市林口區文化三路二段115巷2號,103林使字第288號,103,288,25.081267,121.374211
1,2015/03/19,賴榮昌管理負責人,新北市林口區仁愛路二段137號,102林使字第114號,102,114,25.074518,121.38296
1,2015/03/24,國家1號院管理委員會,新北市林口區中華一路87號,103林使字第228號,103,228,25.085334,121.379473
1,2015/03/10,方義元管理負責人,新北市林口區竹林路380巷1號,102林使字第369號,102,369,25.085539,121.392129
1,2015/04/10,吉祥大樓管理負責人,新北市林口區佳林路221號,104林使字第006號,104,006,25.076412,121.383611
1,2015/04/16,圓舞曲公寓大廈管理委員會,新北市林口區文化北路一段299巷20號,103林使字第265號,103,265,25.073502,121.359319
1,2015/05/01,麗江清久社區管理委員會,新北市林口區南勢里14鄰忠孝一路20號,103林使字第450號,103,450,25.07311,121.364214
1,2015/05/13,天地昕社區管理委員會,新北市林口區民富街200號,103林使字第471號,103,471,25.075537,121.370889
1,2015/05/29,歐風大街A棟管理委員會,新北市林口區菁湖村6鄰竹林路159號,88林使字第923號,88,923,25.080013,121.388665
1,2015/06/04,家悅禮悅公寓大廈管理委員會,新北市三峽區鳶山里2鄰文化路210巷5號5樓之1,103林使字第495號,103,495,24.936487,121.368241
1,2015/06/09,珍悅社區管理委員會,新北市林口區湖南里31鄰文林六街17號四樓,102林使字第250號,102,250,25.080652,121.370914
1,2015/06/11,林美秀管理負責人,新北市林口區東明三街389號,100林使字第024號,100,024,25.071263,121.392757
1,2015/06/24,福祿貝爾管理負責人,新北市林口區民權路110號,102林使字第539號,102,539,25.082754,121.373834
1,2015/07/09,非常林口公寓大廈,新北市林口區中北三街61號,103林使字第481號,103,481,25.085484,121.384749
1,2015/07/22,擇鄰社區,新北市林口區文林五街48號9樓,103林使字第115號,103,115,25.084823,121.373294
1,2015/08/14,峰朗社區管理委員會,新北市林口區林口里仁愛路一段285巷1-59號,102林使字第426號,102,426,25.074103,121.395371
1,2015/09/25,穎者管理委員會,新北市林口區麗園二街60巷32號,103林使字第182號,103,182,25.067678,121.380931
1,2015/10/27,劉丁淑惠管理負責人,新北市林口區工八路2-6號,104林使字第395號,104,395,25.078918,121.40177
1,2015/10/27,霞公館社區管理委員會 ,新北市林口區文化三路一段467號5樓,102林使字第455號,102,455,25.075013,121.368623
1,2015/10/20,陳玉娟管理負責人,新北市林口區民族路67號,104林使字第361號,104,361,25.07532,121.365495
1,2015/11/05,冠富林六期社區管理委員會,新北市林口區仁愛路二段106巷72號,104林使字第113號,104,113,25.075786,121.383112
1,2016/01/22,玄泰美公寓大廈管理委員會,新北市林口區民有街62號,104林使字第228號,104,228,25.076979,121.372642
1,2016/01/15,玄泰A十社區,新北市林口區文化三路二段271號,104林使字第214號,104,214,25.085913,121.378412
1,2016/02/02,承基管理負責人,新北市林口區文化北路一段290號,105林使字第00031號,105,00031,25.072301,121.360012
1,2016/02/17,涵仰公寓大廈管理委員會,新北市林口區福林路37號,103林使字第00117號,103,00117,25.088591,121.379178
1,2016/02/24,立軒天美管理委員會,新北市林口區信義路57號,104林使字第00570號,104,00570,25.078453,121.381981
1,2016/03/11,詠天地公寓大廈管理委員會,新北市林口區興林一街82巷1號,102林使字第00415號,102,00415,25.073035,121.390873
1,2016/03/17,周進和管理負責人,新北市林口區文化北路一段127號,103林使字第00412號,103,00412,25.069185,121.356314
1,2016/03/29,羅傳勳管理負責人,新北市林口區文化一路一段116號之1,104林使字第00514號,104,00514,25.071466,121.374163
1,2016/05/10,米朗琪公寓大廈管理委員會,新北市林口區文化二路一段230巷22弄10號,104林使字第00543號,104,00543,25.071804,121.369934
1,2016/05/18,黃錦銓管理負責人,新北市林口區文化北路一段542巷55弄27號,105林使字第00046號,105,00046,25.078951,121.369428
1,2016/05/23,柯秀華管理負責人,新北市林口區東明一街55巷2號,101林使字第00138號,101,00138,25.071581,121.391812
1,2016/05/25,九揚香悅公寓大廈管理委員會,新北市林口區文化三路一段555巷50號,104林使字第00440號,104,00440,25.076836,121.369772
1,2016/06/20,曾筠倫管理負責人,新北市林口區忠孝路586巷22號,105林使字第00041號,105,00041,25.067115,121.375505
1,2016/06/28,文化苑公寓大廈管理委員會,新北市林口區文化一路一段89號,104林使字第00495號,104,00495,25.070228,121.37163
1,2016/07/22,帝一宅景觀花園社區管理委員會,新北市林口區中山路412巷17號,103林使字第00324號,103,00324,25.082484,121.381074
1,2016/07/04,官樹公寓大廈管理委員會,新北市林口區東湖路117巷26號,103林使字第00217號,103,00217,25.072451,121.383179
1,2016/08/02,水漾公寓大廈管理委員會,新北市林口區南勢六街211號,104林使字第00278號,104,00278,25.075541,121.356269
1,2016/08/04,王重明管理負責人,新北市林口區文化一路二段199號,105林使字第00221號,105,00221,25.082485,121.38373
1,2016/08/30,峰閣公寓大廈管理委員會,新北市林口區三民路128號,104林使字第00597號,104,00597,25.070962,121.360919
1,2016/09/13,呂大成管理負責人,新北市林口區佳林路235號,105林使字第00339號,105,00339,25.076241,121.383345
1,2016/10/05,家悅東京公寓大廈管理委員會,新北市林口區文化二路二段88巷3-7號,105林使字第00145號,105,00145,25.081199,121.379524
1,2016/11/23,蔡榮龍管理負責人,新北市林口區八德路368號,104林使字第00511號,104,00511,25.066082,121.359362
1,2016/11/23,賴信成管理負責人,新北市林口區中正路202號,105林使字第00026號,105,00026,25.077676,121.391041
1,2016/11/28,福樺謙邸社區管理委員會,新北市林口區信義路214-220號,105林使字第00155號,105,00155,25.081074,121.377457
1,2016/12/08,鄧福榮管理負責人,新北市林口區粉寮一街87號,105林使字第00310號,105,00310,25.086552,121.403782
1,2016/12/26,竹城宮崎管理委員會,新北市林口區南勢街19號等,104林使字第00366號,104,00366,25.073753,121.36501
1,2017/01/26,朗翠社區管理委員會,新北市林口區東明二街78號等,103林使字第00515號,103,00515,25.069465,121.389723
1,2017/01/03,李俊雄管理負責人,新北市林口區南勢二街89號等,101林使字第00529號,101,00529,25.070475,121.356544
1,2017/03/02,長榮晶品社區管理委員會,新北市林口區文化二路一段138號等,105林使字第00273號,105,00273,25.071057,121.368151
1,2017/03/13,莊盛全管理負責人,新北市林口區松柏路67號等,105林使字第00350號,105,00350,25.090005,121.379379
1,2017/03/16,林守山管理負責人,新北市林口區南勢四街96號等,105林使字第00450號,105,00450,25.07102,121.355566
1,2017/03/20,世界公民公寓大廈管理委員會,新北市林口區文化北路一段530號等,105林使字第00237號,105,00237,25.079393,121.367898
1,2017/03/22,冠德鼎捷社區管理委員會,新北市林口區八德路236號等,104林使字第00043號,104,00043,25.066147,121.361627
1,2017/04/20,陳福興管理負責人,新北市林口區忠孝一路76號等,106林使字第00066號,106,00066,25.073684,121.362736
1,2017/05/08,陳敏初管理負責人,新北市林口區忠孝一路151號等,104林使字第00433號,104,00433,25.073771,121.359731
1,2017/05/24,賴長安管理負責人,新北市林口區八德路470號等,106林使字第00099號,106,00099,25.066172,121.356896
1,2017/05/19,全聯林口麗都管理負責人,新北市林口區文化二路一段106號等,104林使字第00530號,104,00530,25.070273,121.367243
1,2017/06/05,賴青櫪管理負責人,新北市林口區東湖路153巷157號等,106林使字第00164號,106,00164,25.07339,121.382396
1,2017/06/08,立軒天芷管理委員會,新北市林口區中山路398號等,105林使字第00433號,105,00433,25.082052,121.381041
1,2017/06/21,玄泰NEW STAR公寓大廈管理委員會,新北市林口區四維路132號等,105林使字第00507號,105,00507,25.076971,121.379188
1,2017/06/29,築禾樂社區管理委員會,新北市林口區中北一街85號等,104林使字第00620號,104,00620,25.088913,121.3856
1,2017/06/30,富堡晶都社區管理委員會,新北市林口區中山路677號等,105林使字第00441號,105,00441,25.083546,121.377934
1,2017/07/14,天圓地方社區管理委員會,新北市林口區文化三路1段399號等,105林使字第00449號,105,00449,25.073961,121.366819
1,2017/08/01,彭劭明管理負責人,新北市林口區東湖路93巷11~17(單)號,97林使字第00798號,97,00798,25.070511,121.385739
1,2017/08/04,賴佑林管理負責人,新北市林口區文化三路2段179~189(單)號,106林使字第00264號,106,00264,25.078275,121.37338
1,2017/08/17,黃月珠管理負責人,新北市林口區中北三街402號 ,104林使字第00547號,104,00547,25.085849,121.384189
1,2017/08/17,八達通管理負責人,新北市林口區文化三路二段115巷18號 ,106林使字第00269號,106,00269,25.08117,121.373425
1,2017/08/21,廉永翔品大廈管理委員會,新北市林口區文林一街12巷13號等,104林使字第00390號,104,00390,25.085809,121.377555
1,2017/09/12,泓昇WIN公寓大廈管理委員會,新北市林口區興林二街9號,105林使字第00400號,105,00400,25.073065,121.389521
1,2017/09/25,郭倍宏管理負責人,新北市林口區信義路99號,106林使字第00009號,106,00009,25.078824,121.379589
1,2017/10/02,A9棧社區管委會,新北市林口區惠民街30巷25號,105林使字第00561號,105,00561,25.06669,121.357389
1,2017/10/02,詠勝寓上社區管理委員會,新北市林口區文化北路一段542巷37弄26~30(雙)號,106林使字第00145號,106,00145,25.07927,121.369169
1,2017/10/03,心原宿社區管理委員會,新北市林口區中北三街198號等,105林使字第00353號,105,00353,25.082172,121.382705
1,2017/10/11,陳文郎管理負責人,新北市林口區竹林路616號,106林使字第00402號,106,00402,25.082346,121.386467
1,2017/11/13,423公寓管理負責人,新北市林口區東明一街97號,102林使字第00446號,102,00446,25.070992,121.390877
1,2017/11/09,林口輕井澤大廈管理委員會,新北市林口區林口路83-1號等,105林使字第00374號,105,00374,25.079716,121.38927
1,2017/12/05,褚子龍管理負責人,新北市林口區中山路622號,104林使字第00009號,104,00009,25.086466,121.375001
1,2017/12/27,文林逸軒社區管理委員會,新北市林口區文林六街27巷26號1樓,105林使字第00017號,105,00017,25.081154,121.370965
1,2018/01/02,源峰寬心公寓大廈管理委員會,新北市林口區文林一街55號,106林使字第00132號,106,00132,25.08658,121.377287
1,2018/01/04,展悅CEO豪辦總部管理委員會,新北市林口區文化三路二段451~457號,105林使字第00005號,105,00005,25.088239,121.380313
1,2018/02/26,謝朝鎮管理負責人,新北市林口區粉寮一街83號,105林使字第00415號,105,00415,25.086404,121.404033
1,2017/12/06,"孫麗鳳管理負責人(106/12公所誤列改選案,應為成立案,1070323於本月建檔.)",新北市林口區中北三街52號,106林使字第00472號,106,00472,25.085774,121.384654
1,2018/02/06,一景苑社區管理委員會,新北市林口區興林一街91巷6號,104林使字第00029號,104,00029,25.073015,121.391559
1,2018/03/01,家順社區管理委員會,新北市林口區文化二路二段178巷17~27號,106林使字第00367號,106,00367,25.083676,121.381643
1,2018/03/07,光筑社區管理委員會,新北市林口區四維路245巷25號,106林使字第00152號,106,00152,25.075106,121.381955
1,2018/03/13,溫暲賢管理負責人,新北市林口區工六路15號,103林使字第00386號,103,00386,25.07777,121.399916
1,2018/03/23,汪秀茶管理負責人,新北市林口區中北三街215號,106林使字第00373號,106,00373,25.082046,121.382127
1,2018/04/03,長虹天薈管理委員會,新北市林口區文化一路一段95號,105林使字第00562號,105,00562,25.070622,121.37213
1,2018/04/23,三井3錦管理委員會,新北市林口區文化三路 一段333號,106林使字第00461號,106,00461,25.072541,121.364579
1,2018/04/03,九揚華峰社區管理委員會,新北市林口區文化三路一段617巷59-1號,106林使字第00298號,106,00298,25.077569,121.370114
1,2018/04/26,樂見公寓大廈管理委員會,新北市林口區南勢四街237號,105林使字第00015號,105,00015,25.07254,121.356266
1,2018/04/25,陳信宇管理負責人,新北市林口區南勢里19鄰文化三路一段121號,106林使字第00239號,106,00239,25.06879,121.361485
1,2018/05/03,逸樸翔林管理負責人,新北市林口區文化一路二段175號,106林使字第00431號,106,00431,25.081586,121.383058
1,2018/05/03,富公園社區管理委員會,新北市林口區文化二路一段230巷3號B1,105林使字第00448號,105,00448,25.072157,121.370272
1,2018/06/08,甜Me2公寓大廈管理委員會,新北市林口區南勢二街402號2樓,107林使字第00005號,107,00005,25.076412,121.359624
1,2018/06/28,領秀新廈管理委員會,新北市林口區文化二路一段502號5樓,089林使字第00667號,089,00667,25.078389,121.376304
1,2018/07/12,亞昕星空樹社區管理委員會,新北市林口區三民路18~30號,106林使字第00527號,106,00527,25.073077,121.362956
1,2018/06/20,許育騰管理負責人(公所誤列改選1070719),新北市林口區林口里1鄰仁愛路一段39巷56號,105林使字第00506號,105,00506,25.069179,121.396673
1,2018/07/17,林口晴空樹社區管理委員會,新北市林口區八德路366號2樓,106林使字第00551號,106,00551,25.066032,121.359432
1,2018/07/24,紀雅明管理負責人,新北市林口區仁愛路二段6巷8號,107林使字第00078號,107,00078,25.076868,121.385549
1,2018/08/13,東京苑公寓大廈管理委員會,新北市林口區中北二街65~67號,106林使字第00030號,106,00030,25.088674,121.384033
1,2018/08/23,雲賞社區管理委員會,新北市林口區公園路13號20樓,107林使字第00015號,107,00015,25.066576,121.366001
1,2018/08/29,玄泰one公寓大廈管理委員會,新北市林口區南勢里30鄰民有街60號,106林使字第00535號,106,00535,25.076948,121.372623
1,2018/08/31,昕世代社區管理委員會,新北市林口區信義路352號,107林使字第00027號,107,00027,25.082473,121.37506
1,2018/09/10,春見築公寓大廈管理委員會,新北市林口區三民路180-1號,106林使字第00136號,106,00136,25.072752,121.362932
1,2018/09/18,藝樹家管理委員會,新北市林口區文化北路一段416~432號,107林使字第00152號,107,00152,25.079944,121.368596
1,2018/09/19,旺洲極品社區管理委員會,新北市林口區文化三路二段56號,106林使字第00467號,106,00467,25.080383,121.374843
1,2018/09/27,霖昌能源管理負責人,新北市林口區粉寮路二段458-19號,107林使字第00192號,107,00192,25.100135,121.404325
1,2018/10/16,力璞玉社區管理委員會,新北市林口區文化三路一段249巷26~40號,106林建字第00235號,106,00235,25.072234,121.363512
1,2018/10/17,不染公寓大廈管理委員會,新北市林口區文化三路二段211巷76號,104林使字第00455號,104,00455,25.083344,121.37496
1,2018/04/08,薇閣雲鼎管理委員會,新北市林口區東明二街30號,106林使字第00224號,106,00224,25.068474,121.38958
1,2018/05/07,樂活公寓大廈管理委員會,新北市林口區忠孝路586巷15號,105林使字第00003號,105,00003,25.067129,121.375698
1,2018/03/20,黃郁婷管理負責人,新北市林口區文林四街50號3樓,106林使字第00045號,106,00045,25.084686,121.37402
1,2018/04/03,麗林799管理負責人,新北市林口區湖南里28鄰民生路62號2樓 ,106林使字第00575號,106,00575,25.087121,121.376711
1,2018/11/08,京硯米蘭社區管理委員會,新北市林口區南勢里13鄰南勢街110~118號,106林使字第00393號,106,00393,25.075386,121.347825
1,2018/12/01,永雄御花園社區管理委員會,新北市林口區南勢六街246~252號,104林使字第00422號,104,00422,25.076235,121.356711
1,2018/12/03,林口傳家堡管理委員會,新北市林口區中北三街259號2樓,103林使字第00500號,103,00500,25.082612,121.382177
1,2018/12/05,陳秋月管理負責人,新北市林口區仁愛路一段28號,107林使字第00372號,107,00372,25.075488,121.397587
1,2018/12/10,許東隆管理負責人,新北市林口區文化三路二段357號,106林使字第00092號,106,00092,25.08875,121.380221
1,2018/12/30,玄泰V-Park社區管理委員會,新北市林口區南勢里民族路212號等,106林使字第00561號,106,00561,25.077555,121.368964
1,2019/01/14,聯虹天耀社區管理委員會,新北市林口區湖南里9鄰富貴路67~85號,106林使字第00297號,106,00297,25.083061,121.378508
1,2019/01/28,邱金蘭管理負責人,新北市林口區東林里25鄰自強八街9號2樓,107林使字第00375號,107,00375,25.076257,121.400383
1,2019/01/28,立軒CMBD管理委員會,新北市林口區文化一路一段200號,107林使字第00346號 107林使字第00369號,107,00346,25.075396,121.379099
1,2019/03/12,大美莊園社區管理委員會,新北市林口區西林里34鄰興林路362巷1~27號,105林使字第00150號,105,00150,25.069151,121.388068
1,2019/03/18,張家祥管理負責人,新北市林口區忠孝路569巷50號,105林使字第00476號,105,00476,25.068625,121.374405
1,2019/04/09,築禾悅社區管理委員會,新北市林口區中北一街17巷20號1樓,107林使字第00339號,107,00339,25.087347,121.385152
1,2019/04/12,陳盈年管理負責人,新北市林口區西林里34鄰東明二街100號,103林使字第00507號,103,00507,25.070502,121.389537
1,2019/04/18,八方馥寓公寓大廈管理委員會,新北市林口區湖南里30鄰文林四街17~27號,107林使字第00320號,107,00320,25.084973,121.373496
1,2019/04/25,郭俊甫管理負責人,新北市林口區仁愛路一段83巷33號,105林使字第00485號,105,00485,25.070032,121.397266
1,2019/02/12,楊茂昇管理負責人(1080517補登),新北市林口區中湖里8鄰文化二路二段520號 ,107林使字第00305號,107,00305,25.089168,121.383653
1,2019/05/13,劉怡君管理負責人,新北市林口區東林街37巷16~18號,107林使字第00162號,107,00162,25.078838,121.394889
1,2019/06/03,李銘焜管理負責人,新北市林口區東湖路155號,106林使字第00112號,106,00112,25.072977,121.382979
1,2019/06/20,富堡晶棧社區管理委員會,新北市林口區文化北路一段46~48號,107林使字第00443號,107,00443,25.079944,121.368596
1,2019/06/21,翡翠社區管理委員會,新北市林口區八德路316號,103林使字第00517號,103,00517,25.065987,121.360494
1,2019/07/08,楊阿桑管理負責人,新北市林口區吉林街30號,108林使字第00084號,108,00084,25.076345,121.38453
1,2019/07/08,林宏達管理負責人,新北市林口區工四路34號,108林使字第00047號,108,00047,25.083993,121.402456
1,2019/07/08,德馨睿公寓大廈管理委員會,新北市林口區湖南里25鄰信義路390號,105林使字第00550號,105,00550,25.082989,121.374334
1,2019/07/11,陳詩棟管理負責人,新北市林口區民權路173號,108林使字第00059號,108,00059,25.084679,121.374627
1,2019/07/16,美麗莊園公寓大廈管理委員會,新北市林口區南勢三街19-1號,105林使字第00266號,105,00266,25.077518,121.358177
1,2018/10/24,朗悅社區管理委員會(10808補登),新北市林口區西林里34鄰興林路152巷35號 ,106林使字第00547號,106,00547,25.071068,121.387685
1,2019/08/06,長耀挹品社區管理委員會,新北市林口區文化三路二段61號,107林使字第00026號,107,00026,25.079751,121.373745
1,2019/08/12,玄泰文華管理委員會,新北市林口區忠孝路292~306號,107林使字第00353號,107,00353,25.069174,121.379808
1,2019/07/24,曾文奇管理負責人,新北市林口區福林路36號,108林使字第00219 號,108,00219,25.08874,121.379463
1,2019/09/11,宏錦W ONE管理委員會,新北市林口區南勢里32鄰民族路268號,107林使字第00270號,107,00270,25.078506,121.370053
1,2019/09/24,九揚華尚社區管理委員會,新北市林口區文化三路二段162號之1,108林使字第00008號,108,00008,25.082111,121.376046
1,2019/11/07,世界市環球館社區管理委員會,新北市林口區文化北路二段550巷20弄39~45,107林使字第00484號,107,00484,25.091218,121.378424
1,2019/11/07,世界市環球館社區管理委員會,新北市林口區文化北路二段550巷20弄39~45,107林使字第00484號,107,00484,25.091218,121.378424
1,2019/11/19,長滎薈城社區管理委員會,新北市林口區仁愛路二段315~321號,108林建字第00225號,108,00225,25.080867,121.369415
1,2019/11/27,時尚A9社區管理委員會,新北市林口區南勢里20鄰三民路15號等,106林使字第00328號,106,00328,25.066519,121.358335
1,2019/12/09,囍洋洋社區管理委員會,新北市林口區南勢一街17巷57號,108林使字第00217號,108,00217,25.075979,121.360952
1,2019/12/17,曾金和管理負責人,新北市林口區寶林路21號,107林使字第00453號,107,00453,25.083776,121.386267
1,2019/12/25,森達美術館管理委員會,新北市林口區南勢里39鄰仁愛二路75~91號,108林使字第00241號,108,00241,25.075989,121.368469
1,2019/12/27,親愛的HOUSE社區管理委員會,新北市林口區文化二路一段541號,108林使字第00161號,108,00161,25.076654,121.374132
1,2020/01/06,朗廷會社區管理委員會,林口區文化三路二段87~93號,107林使字第00414號,107,00414,25.088239,121.380313
1,2020/02/20,沂悅商店管理負責人,新北市林口區文化北路二段72號,108林使字第00457號,108,00457,25.082428,121.370648
1,2019/12/27,源峰掬境公寓大廈管理委會-1090420補登,新北市林口區南勢里33鄰民族路211號,108林使字第00251號,108,00251,25.078513,121.369344
1,2020/02/21,楊鑫管理負責人-1090420補登,新北市林口區湖南里31鄰文林六街62巷11號,108林使字第00325號,108,00325,25.081779,121.371776
1,2020/04/08,富堡晶璽社區管理委員會,新北市林口區文化三路一段631-1號,108林使字第00377號,108,00377,25.077721,121.372137
1,2020/04/24,忠孝名門社區管理委員會,新北市林口區仁愛里30鄰忠孝路499號,108林使字第00070號,108,00070,25.070219,121.370919
1,2020/04/28,裕一開發管理負責人,新北市林口區文化一路一段96號,108林使字第00431號,108,00431,25.070654,121.373011
1,2020/04/28,鄭文發管理負責人,新北市林口區隆林街123巷28號,106林使字第00104號,106,00104,25.073702,121.384603
1,2020/05/28,世界市世界館社區管理委員會,新北市林口區文林街75巷67號,107林使字第00405號,107,00405,25.091107,121.380297
1,2020/06/12,藏韻社區管理委員會,新北市林口區東林街37巷26號,107林使字第00290號,107,00290,25.078855,121.394739
1,2020/06/09,亞舒博住宅管理委員會,新北市林口區南勢五街8號5樓,108林使字第00167號,108,00167,25.075177,121.357024
1,2020/07/03,麗江家家社區管理委員會,新北市林口區四維路9號,108林使字第000338號,108,000338,25.079908,121.375013
1,2020/07/10,力璞之星社區管理委員會,新北市林口區文明街128~136號(含新北市林口區南勢里16鄰文明街138巷2號及新北市林口區南勢里16鄰三民路175巷2~10號),109林使字第00006號,109,00006,25.071687,121.360414
1,2020/07/15,致遠管理負責人,新北市林口區文化一路二段161號,103林使字第00248號,103,00248,25.081116,121.382886
1,2020/07/31,春居管理委員會,新北市林口區南勢二街188號,107林使字第00299號,107,00299,25.071878,121.358054
1,2020/08/03,陳瑞蘭管理負責人,新北市林口區民族路155號,108林使字第00489號,108,00489,25.07626,121.366681
1,2020/08/14,長虹天際管理委員會,新北市林口區文化三路二段280號,107林使字第00228號,107,00228,25.083199,121.377579
1,2020/07/15,協和管理負責人-1090831補登,新北市林口區中湖里7鄰文化一路二段169號,109林使字第00065號,109,00065,25.081371,121.383048
1,2020/08/31,快樂莊園社區管理委員會,新北市林口區南勢一街47巷3號,108林使字第00407號,108,00407,25.076582,121.361317
1,2020/10/23,立軒天真社區管理委員會,新北市林口區文化三路一段447巷40號,109林使字第00191號,109,00191,25.075689,121.36748
1,2020/10/30,玉新社區管理委員會,新北市林口區文化北路一段257號,109林使字第00159號,109,00159,25.071406,121.358231
1,2020/10/28,黃美惠管理負責人,新北市林口區工七路8號,109林使字第00239號,109,00239,25.07907,121.400093
1,2020/10/28,瑪禮遜美國學校管理委員會,新北市林口區東湖路1號,108林使字第00442號,108,00442,25.07395,121.38863
1,2020/09/18,文龍管理委員會-1091110補登,新北市林口區南勢里19鄰文化三路一段107號,108林使字第00459號,108,00459,25.068489,121.361356
1,2020/11/02,國璽雅居社區管理委員會,新北市林口區惠民街47號,106林使字第00416號,106,00416,25.067087,121.35684
1,2020/11/20,九揚華冠社區管理委員會,新北市林口區忠孝路272~290號,109林使字第00079號,109,00079,25.069174,121.379808
1,2020/11/21,大禮悅社區管理委員會,新北市林口區文化三路一段579號,106林使字第00255號,106,00255,25.076695,121.37087
1,2020/12/04,泓昇WISH公寓大廈管理委員會,新北市林口區三民路112巷6號,109林使字第00204,109,00204,25.070371,121.360564
1,2020/12/14,呈冠TWO MORE社區管理委員會,新北市林口區文化三路一段622號,108林使字第00303號,108,00303,25.076715,121.37197
1,2021/01/04,富堡晶宴社區管理委員會,新北市林口區南勢里34鄰民族路89-1號,109林使字第00262號,109,00262,25.075823,121.366238
1,2021/01/12,亞昕昕樂章社區管理委員會,新北市林口區民富街91號2樓,109林使字第00029號,109,00029,25.074749,121.370098
1,2021/02/06,黃義坤管理負責人,新北市林口區仁愛路二段373號,109林使字第00298號,109,00298,25.079658,121.370345
1,2021/02/15,廉永翔品第三期公寓大廈管理委員會,新北市林口區松柏路85~87號,109林使字第00232號,109,00232,25.090672,121.37827
1,2021/03/08,德馨居V公寓大廈管理委員會,新北市林口區忠孝三路46號,109林使字第00231號,109,00231,25.070041,121.360338
1,2021/03/13,群祥悅社區管理委員會,新北市林口區文化北路一段60巷73~79號,109林使字第00326號,109,00326,25.068933,121.357722
1,2021/03/14,晴悅社區管理委員會,新北市林口區東明一街115巷13~19號,109林使字第00152號,109,00152,25.070281,121.390894
1,2021/04/01,歐德集團林口58大樓管理負責人,新北市林口區文化北路一段58號,109林使字第00221號,109,00221,25.068549,121.356537
1,2021/04/10,中悅松苑社區管理委員會,新北市林口區文化三路二段85號B1,106林使字第00455號,106,00455,25.080646,121.374429
1,2021/04/13,益騏夢翔社區管理委員會,新北市林口區中北二街51~63號,109林使字第00318號,109,00318,25.088674,121.384033
1,2021/04/19,吉祥居管理負責人,新北市林口區南勢二街339號,109林使字第00397號,109,00397,25.077529,121.359866
1,2021/05/18,張子杰管理負責人,新北市林口區竹林路280~286號,108林使字第301號,108,301,25.082176,121.386441
1,2021/06/04,德鑫商業大樓管理負責人,新北市林口區文化三路一段447巷9號,109林使字第36號,109,36,25.0749,121.367718
1,2021/06/08,褚元斌管理負責人,新北市林口區中山路789號,109林使字第413號,109,413,25.085871,121.375249
1,2021/06/14,許東隆夏恩幼兒園管理負責人,新北市林口區東湖路25巷7號,109林使字第213號,109,213,25.073495,121.386938
1,2021/07/05,陽明意境A棟管理委員會,新北市林口區四維路110號1樓之1,80使林字第53號,80,53,25.078261,121.376842
1,2021/07/06,陽明意境B棟管理委員會,新北市林口區四維路112號9樓之3,80使林字第53號,80,53,25.078137,121.377052
1,2021/07/09,林玉萍總部管理負責人,新北市林口區文化三路二段333號,110林使字第37號,110,37,25.088107,121.379769
1,2021/07/14,顏正錡管理負責人,新北市林口區文化三路二段257號,108林使字第476號,108,476,25.085194,121.377814
1,2021/09/18,黃尤純管理負責人,新北市林口區隆林街215巷7號,109林使字第243號,109,243,25.073839,121.383548
1,2021/09/24,台北理想家EF棟公寓大廈管理委員會,新北市林口區文化一路一段190巷7弄1號,台灣省政府住宅及都市發展局使用執照81使林字第19號(77建林133號),81,19,25.075043,121.379779
1,2021/10/11,長耀雙夆匯社區管理委員會,新北市林口區忠孝路99號,108林使字第207號,108,207,25.074317,121.366366
1,2021/10/12,源峰澄境公寓大廈管理委員會,新北市林口區民族路200號,110林使字第119號,110,119,25.077342,121.368701
1,2021/10/24,帝一堂景觀花園社區管理委員會,新北市林口區松柏路110號,110林使字第72號,110,72,25.090487,121.378721
1,2021/11/09,森JIA公寓大廈管理委員會,新北市林口區民族路18~30號,109林使字第392號,109,392,25.079152,121.370592
1,2021/11/25,交響苑社區管理委員會,新北市林口區文化三路一段195號,110林使字第114號,110,114,25.070194,121.362225
1,2021/12/04,證源富品社區管理委員會,新北市林口區中山路97巷2~12號,110林使字第115號,110,115,25.077981,121.389436
1,2021/12/09,玄泰寶格麗公寓大廈管理委員會,新北市林口區四維路102~108號,110林使字第201號,110,201,25.072247,121.382034
1,2021/12/12,大吾疆御鑄管理委員會,新北市林口區文化三路一段581號,108林使字第197號,108,197,25.076948,121.370614
1,2021/12/14,八運風采公寓大廈管理委員會,新北市林口區文化北路一段299巷81號,110林使字第221號,110,221,25.07306,121.359328
1,2021/12/21,顏正錡(二)管理負責人,新北市林口區三民路111號,110林使字第178號,110,178,25.07036,121.360125
1,2021/12/24,廖敏雄管理負責人,新北市林口區文林街83號,110林使字第421號,110,421,25.090391,121.380574
1,2022/01/10,薇閣雲軒管理委員會,新北市林口區東明一街1巷1號,110林使字第009號,110,009,25.072821,121.393123
1,2022/01/04,夏哲大樓管理負責人,新北市林口區忠孝路95號,110林使字第239號,110,239,25.074418,121.366259
1,2022/01/10,寬隱社區公寓大廈管理委員會,新北市林口區東明一街121巷18號1、2樓,103林使字第507號,103,507,25.070018,121.390071
1,2022/01/21,大觀天下公寓大廈管理委員會,新北市林口區南勢里16鄰文化三路一段227~247號,110林使字第143號,110,143,25.077967,121.372336
1,2022/01/26,群祥樂社區管理委員會,新北市林口區文化北路一段60巷31~39號,110林使字第267號,110,267,25.068933,121.357722
1,2022/02/18,賴清雄管理負責人,新北市林口區惠民街32號,110林使字第415號,110,415,25.066882,121.357083
1,2022/02/17,氧樂多社區管理委員會,新北市林口區忠福路115~151號,110林使字第205號,110,205,25.103093,121.328453
1,2022/03/11,富堡晶林社區管理委員會,新北市林口區文化三路一段191巷1號,110林使字第316號,110,316,25.070598,121.36167
1,2022/03/17,周泰富鴻公寓大廈管理委員會,新北市林口區南勢街135巷1~3號,109林使字第289號,109,289,25.074344,121.360522
1,2022/03/23,南蒂亞公寓大廈管理負責人,新北市林口區三民路73號,111林使字第14號,111,14,25.067352,121.358442
1,2014/12/30,嚴美雅管理負責人,新北市金山區文化三路39號等,103金使字第449號,103,449,25.225429,121.634685
1,2015/09/22,陽明山出霧溫泉管理負責人,金山區山城路82-3號,103金使字第501號,103,501,25.200896,121.59875
1,1987/02/04,亞洲臺北山城社區管理委員會(補登成立資料),金山區名流路24巷17號,73金使字第012號,73,012,25.205162,121.599317
1,2016/09/22,蔡榮貴管理負責人,新北市金山區南勢湖38-1號,105金使字第00320號,105,00320,25.217635,121.611673
1,2016/12/15,家芳公寓大廈管理委員會,新北市金山區忠孝一路18號,85金使字第457號,85,457,25.219376,121.638667
1,2017/02/06,李正彬公寓大廈管理負責人,新北市金山區環金路52號等,105金使字第00481號,105,00481,25.217513,121.639247
1,2017/02/09,鼎帥溫泉汽車旅館管理負責人林世鐘,新北市金山區忠孝一路19巷30號等,106金使字第00003號,106,00003,25.217592,121.635225
1,2018/07/27,金山旺德福社區管理委員會,新北市金山區金美里22鄰信義路72-1號4樓之1,107金使字第00084號,107,00084,25.21965,121.63516
1,2018/08/06,富鄉華廈社區管理委員會,新北市金山區金美里34鄰中華路101巷61號1樓,107金使字第00070號,107,00070,25.220063,121.633135
1,2018/12/31,芙蓉居公寓大廈管理委員會,新北市金山區八德街2號1樓,105金使字第00432號,105,00432,25.223796,121.6352
1,2019/05/10,信義雅莊第二期社區管理委員會,新北市金山區信義路39號5樓,86金使字第00063號,86,00063,25.219605,121.635352
1,2020/08/07,金山旺族公寓大廈管理負責人,新北市金山區中山路403號3樓之1,105金使字第00047號,105,00047,25.225421,121.633
1,2020/08/18,六合天下社區管理委員會,新北市金山區文化三路42-1號5樓,86金使字第658號,86,658,25.224978,121.6354
1,2020/11/14,富貴名第公寓大廈管理委員會,新北市金山區金美里仁愛路15-5號,105金使字第00472號,105,00472,25.219211,121.638318
1,2022/02/24,信義華廈管理委員會,新北市金山區20鄰信義路70-1號2樓等,109金使字第259號,109,259,25.218921,121.635389
1,2013/10/17,明日城御風社區管理委員會,新北市泰山區信華一街60號等,102泰使字第209號,102,209,25.044547,121.441287
1,2014/03/12,崴翰公寓大廈管理負責人,新北市泰山區仁愛路6巷4弄20號等,103泰使字第089號,103,089,25.053412,121.43088
1,2014/04/02,明日城雲開社區管理委員會,新北市泰山區信華六街8-1號,102泰使字第357號,102,357,25.044968,121.441486
1,2014/11/05,明日城初日社區管理委員會,新北市泰山區信華一街1至31號,103泰使字第143號,103,143,25.044737,121.440602
1,2014/12/04,清池公寓大廈管理委員會,新北市泰山區中港西路498巷2等號,103泰使字第243號,103,243,25.052862,121.431999
1,2015/02/12,明志學苑公寓大廈管理委員會,新北市泰山區工專路82巷5號等,103泰使字第367號,103,367,25.041136,121.422878
1,2015/02/12,明日城天青社區管理委員會,新北市泰山區信華一街33號等,103泰使字第353號,103,353,25.045041,121.440929
1,2015/05/19,明志488大樓管理委員會,新北市泰山區明志路一段488號,80泰使字第411號,80,411,25.054667,121.430471
1,2015/08/25,典藏公寓大廈管理委員會,新北市泰山區貴子路9巷8號1樓,103泰使字第425號,103,425,25.042344,121.425604
1,2015/08/31,明志城堡公寓大廈管理委員會,新北市泰山區明志路二段343號1~2號,84泰使字第319號,84,319,25.044561,121.425559
1,2015/08/28,台北麗晶社區管理委員會,新北市泰山區明志路二段231號6樓,84泰使字第497號,84,497,25.048411,121.427387
1,2016/01/19,仁愛一品苑公寓大廈管理委員會,新北市泰山區仁愛路77號,104泰使字第00367號,104,00367,25.055561,121.433117
1,2015/12/30,宏運公寓大廈管理委員會,新北市泰山區美寧街122號,82泰使字第1367號,82,1367,25.064266,121.433288
1,2015/11/06,名仕園華廈(補登),新北市泰山區美寧街6號,80泰使字第1297號,80,1297,25.063428,121.430201
1,2016/03/03,知築D區公寓大廈管理委員會,新北市泰山區忠孝街19巷2弄2號,104泰使字第00450號,104,00450,25.065593,121.427654
1,2016/05/13,泰山集合住宅負責人,新北市泰山區明志路一段519號,83泰使字第00163號,83,00163,25.054047,121.430419
1,2016/06/24,肯佳知築A區公寓大廈管理委員會,新北市泰山區忠孝街19巷3弄9號,104泰使字第00449號,104,00449,25.065787,121.426973
1,2016/12/28,帝豪公寓大廈管理委員會,新北市泰山區明志路2段386號等,105泰使字第00329號,105,00329,25.044575,121.425289
1,2017/03/21,天主教鳴遠德來公寓大廈,新北市泰山區台麗街15號等號,105泰使字第00218號,105,00218,25.038319,121.424878
1,2017/04/13,金鑽公寓大廈管理委員會,新北市泰山區楓江路127號等,105泰使字第00086號,105,00086,25.064972,121.438997
1,2017/04/25,幸福貴賢社區管理委員會,新北市泰山區貴子路9巷6號等,104泰使字第00612號,104,00612,25.042183,121.425664
1,2017/07/19,碧瑤山莊社區管理委員會,新北市泰山區辭修路36巷1弄1~7單號等,80泰使字第00524號,80,00524,25.058311,121.427983
1,2017/07/19,明志勳章公寓大廈管理委員會,新北市泰山區明志路2段210號等,104泰使字第00522號,104,00522,25.049213,121.427333
1,2017/06/30,肯佳知築C區社區管理委員會,新北市泰山區忠孝街19巷6號等,106泰使字第00121號,106,00121,25.065745,121.427668
1,2017/06/30,肯佳知築B區社區管理委員會,新北市泰山區忠孝街19巷1弄8號等,106泰使字第00105號,106,00105,25.065652,121.427201
1,2017/12/28,武泰臻和社區管理委員會,新北市泰山區明志路二段119號等,105泰使字第00411號,105,00411,25.051556,121.428133
1,2017/12/28,台北甜心椰林社區管理委員會,新北市泰山區工專路52號等,105泰使字第00569號,105,00569,25.040239,121.423137
1,2018/01/03,台北甜心香榭社區管理委員會,新北市泰山區工專路40巷8號2樓之1等,106泰使字第00016號,106,00016,25.040424,121.423576
1,2018/01/23,公園路公寓,新北市泰山區公園路19號等,106泰使字第00195號,106,00195,25.054129,121.429301
1,2018/01/31,歐式花園新城公寓管理委員會,新北市泰山區明志路二段136巷12號等,75泰使字第00881號,75,00881,25.05157,121.42655
1,2018/03/15,雅庭名門公寓大廈管理委員會,新北市泰山區忠孝街19巷3號等,106泰使字第00012號,106,00012,25.065712,121.42742
1,2018/08/08,陽明靜園大廈管理委員會,新北市泰山區明志路一段352巷10號2樓等,083泰使字第01587號,083,01587,25.058575,121.430522
1,2018/12/06,長群金璽御品管理委員會,新北市泰山區明志路三段506號等,101泰使字第00050號,101,00050,25.031148,121.420627
1,2019/05/24,肯佳知築E區社區管理委員會,新北市泰山區忠孝街19巷1號2樓等,107泰使字第00420號,107,00420,25.065572,121.427503
1,2019/06/10,毅宜園地公寓大廈管理負責人,新北市泰山區美寧街37號,103泰使字第00203號,103,00203,25.064083,121.430186
1,2019/07/26,合登上豪滿意社區管理委員會,新北市泰山區明志路二段230號等,107泰使字第00366號,107,00366,25.048306,121.4271
1,2019/09/10,德慶翡麗公寓大廈管理委員會,新北市泰山區明志路二段32巷1號等,105泰使字第00287號,105,00287,25.053417,121.42935
1,2019/12/30,武泰臻美公寓大廈管理委員會,新北市泰山區明志路三段74巷39號等,108泰使字第00257號,108,00257,25.041568,121.423174
1,2020/02/03,書香世家第一期管理委員會,新北市泰山區明志路二段305巷9號等,076泰使字第01333號,076,01333,25.046271,121.42722
1,2020/07/16,華泰苑公寓大廈管理負責人,新北市泰山區楓樹里21鄰楓江路46巷7號,108泰使字第00138號,108,00138,25.062024,121.435401
1,2010/09/07,明志宮庭公寓大廈管理委員會（1090828補登）,新北市泰山區明志路三段353號,86泰使字第01080號,86,01080,25.035112,121.422034
1,2020/08/12,合登上豪得意社區管理委員會,新北市泰山區明志里1鄰明志路二段232巷7號11樓,109泰使字第00085號,109,00085,25.048096,121.426784
1,2020/09/08,惇弘學府社區甲區管理委員會-1091103補登,新北市泰山區貴子里6鄰工專路40巷23號4樓,108泰使字第00484號,108,00484,25.040862,121.423607
1,2010/09/14,惇弘學府社區乙區管理委員會1091110補登,新北市泰山區工專路40巷20號2樓等,108泰使字第00396號,108,00396,25.040734,121.4237
1,2020/11/30,日健隱公寓大廈管理委員會,新北市泰山區明志路1段320號等,109泰使字第00147號,109,00147,25.059467,121.431392
1,2021/05/10,貴和第一家寓大廈管理委員會,新北市泰山區明志路3段145巷11弄1號,75泰使字第00943號,75,00943,25.039881,121.425685
1,2021/09/16,高峰會社區管理委員會,新北市泰山區貴和里33鄰明志路三段476-478號,107泰使字第327號,107,327,25.031665,121.420886
1,2021/10/19,長群君臨社區管理委員會,新北市泰山區貴和里30鄰明志路三段350號,109泰使字第409號,109,409,25.035378,121.421756
1,2022/03/29,藝舍社區管理委員會,新北市泰山區山腳里19鄰忠孝街19巷3弄30號,109泰使字第425號,109,425,25.066022,121.426464
1,2013/10/09,田洋國宅公寓大廈管理委員會,新北市貢寮區東興街102巷21弄2號等,86貢使字第954號,86,954,25.017025,121.946147
1,2014/09/03,善法樓管理負責人,新北市貢寮區東興街29之9及之10號,103貢使字第236號,103,236,25.020866,121.950963
1,2018/09/07,濱海天下管理委員會,新北市貢寮區仁義街12號6樓,82貢使字第00634號,82,00634,25.051917,121.923905
1,2022/02/18,金澳底社區管理委員會,新北市貢寮區仁和路34巷17號3樓,85貢使字第531號,85,531,25.049486,121.923332
1,2011/01/13,秀山莊社區管理委員會,新北市淡水區八勢里2鄰中正東路二段143巷12弄29號1樓,99淡使字第083號,99,083,25.147735,121.463292
1,2011/01/31,豪斯登堡公寓大廈管理委員會,新北市淡水區中山北路二段181號11樓,99淡使字第348號,99,348,25.184958,121.444057
1,2011/01/20,皇城家天下社區管理委員會,新北市淡水區崁頂里13鄰後洲路一段159號1樓,99淡使字第072號,99,072,25.199235,121.427828
1,2011/01/14,九如社區管理委員會,新北市淡水區北投里1鄰中山北路二段174號1樓,99淡使字第447號,99,447,25.184633,121.444502
1,2011/01/17,台北灣第一期社區管理委員會,新北市淡水區新民街一段1~101號,98淡使字第795號,98,795,25.188983,121.427055
1,2011/03/07,博德新城社區管理委員會,新北市淡水區中山北路二段381巷126號10樓,99淡使字第473號,99,473,25.185839,121.442921
1,2011/02/24,北基農田水利會公寓大廈管理負責人,新北市淡水區新市一路三段101巷16弄1號,99淡使字第217號,99,217,25.183837,121.446291
1,2011/04/22,麥迪奇名家社區管理委員會,新北市淡水區淡金路38巷59弄1號,99淡使字第477號,99,477,25.16099,121.456771
1,2011/04/22,幸福奇蹟社區管理委員會,新北市淡水區沙崙路216巷18號,99淡使字第559號,99,559,25.183793,121.425835
1,2011/05/06,環遊郡覓風區管理委員會,新北市淡水區樹興里4鄰興福寮88巷140號,90淡使字第520號,90,520,25.165748,121.485371
1,2011/05/16,海納川管理委員會,新北市淡水區中正東路二段115號1樓,99淡使字第429號,99,429,25.150803,121.459795
1,2011/05/18,鴻天開極管理負責人,新北市淡水區福德里2鄰自強路307巷7號,99淡使字第495號,99,495,25.132156,121.461893
1,2011/06/01,百慶華廈公寓大廈管理委員會,新北市淡水區中正東路二段88巷37－22號,100淡使字第122號,100,122,25.143518,121.459173
1,2011/06/10,新天地社區管理委員會,新北市淡水區大庄里11鄰新市一路一段101號1樓,99淡使字第379號,99,379,25.1871,121.431177
1,2011/07/05,香草天空薰衣草社區管理委員會,新北市淡水區民權路3巷12弄30號,99淡使字第367號,99,367,25.142129,121.461275
1,2011/08/15,香草天空迷迭香社區大廈管理委員會,新北市淡水區民富街137號,99淡使字第467號,99,467,25.141043,121.462512
1,2011/09/26,英輝學府管理委員會,新北市淡水區學府路34巷5號,99淡使字第347號,99,347,25.167887,121.448732
1,2011/09/16,海中金鑽管理委員會,新北市淡水區八勢二街18號,99淡使字第400號,99,400,25.149419,121.460313
1,2011/10/13,水公園管理委員會,新北市淡水區中山北路189巷100號,99淡使字第240號,99,240,25.185407,121.442807
1,2011/12/14,典竹公寓大廈管理負責人,新北市淡水區大智街46巷6號5樓,97淡使字第740號,97,740,25.173969,121.442654
1,2012/02/01,海帝溫泉社區管理委員會,新北市淡水區中正東路一段105巷1號1樓,99淡使字第378號,99,378,25.160388,121.453766
1,2012/02/14,新浦東社區管理委員會,新北市淡水區新市一路三段101巷100號,100淡使字第411號,100,411,25.185431,121.445969
1,2012/02/22,海帝C棟社區管理委員會,新北市淡水區淡金路79巷92號1樓,99淡使字第326號,99,326,25.160765,121.453836
1,2012/03/13,台北灣觀海社區管理委員會,新北市淡水區新市一路一段2－102號,100淡使字第066號,100,066,25.18685,121.429379
1,2012/06/19,和光別 墅社區管理委員會,新北市淡水區新市一路一段306號,96淡使字第667號,96,667,25.185941,121.436361
1,2012/06/20,富春居公寓大廈管理委員會,新北市淡水區大同路105巷1.3號,96淡使字第040號,96,040,25.140763,121.462868
1,2012/06/22,玄泰樂公寓大廈管理委員會,新北市淡水區八勢一街42巷8號,100淡使字第218號,100,218,25.155733,121.463092
1,2012/07/14,山海青社管理委員會,新北市淡水區新市二路4段70號,100淡使字第266號,100,266,25.192131,121.442048
1,2012/07/15,聖塔路琪亞公寓大廈(夢幻區)補登,新北市淡水區淡金路59-73號,91淡使字第243號,91,243,25.161418,121.455997
1,2012/10/15,峇里VITA管理委員會,新北市淡水區淡金路2段507-519號,101淡使字第218號,101,218,25.189954,121.445905
1,2012/10/16,顏美麗管理委員會,新北市淡水區博愛街51巷10號,101淡使字第311號,101,311,25.169103,121.446734
1,2012/10/17,丰上社區管理委員會,新北市淡水區中山北路三段31巷62號,101淡使字第210號,101,210,25.190636,121.442772
1,2012/10/19,鄭文秀公寓大廈管理委員會,新北市淡水區新民街32號,101淡使字第356號,101,356,25.175937,121.439308
1,2012/11/17,鑽石吉星管理委員會,新北市淡水區新市一路三段156巷22~36號,100淡使字第516號,100,516,25.182183,121.447066
1,2012/11/18,Hi-City工寓大廈管理委員會,新北市淡水區北新路182巷16~58號,85淡使字第1435號,85,1435,25.17761,121.44802
1,2012/11/19,和光十方社區管理委員會,新北市淡水區新市二路三段22號,101淡使字第229號,101,229,25.193389,121.432625
1,2012/12/16,聖塔露琪亞公寓大廈商務住宅區,新北市淡水區淡金路59號,91淡使字第243號,91,243,25.161418,121.455997
1,2012/12/17,謙川社區管理委員會,新北市淡水區水源街75-2號,101淡使字第255號,101,255,25.17238,121.444811
1,2012/12/18,名人賞社區管理委員會,新北市淡水區中山北路三段73號,101淡使字第250號,101,250,25.19189,121.444239
1,2013/01/29,馥品水季大樓管理委員會,新北市淡水區中正東路2段143巷6弄3號,100淡使字第490號,100,490,25.147205,121.461303
1,2013/01/29,伊東市社區管理委員會,新北市淡水區淡金路2段135號,101淡使字第301號,101,301,25.182029,121.450241
1,2013/02/06,琴朗社區管理委員會,新北市淡水區濱海路一段306巷9弄1號,101淡使字第0310號,101,0310,25.190521,121.440627
1,2013/02/05,淡江大富翁社區管理委員會,新北市淡水區水源街二段177巷43弄8-1號,101淡使字第0342號,101,0342,25.176579,121.452672
1,2013/04/23,山水苑社區公寓大廈管理委員會,新北市淡水區水源街二段177巷45號,101淡使字第314號,101,314,25.176798,121.45223
1,2013/04/10,幸福捷境管理委員會,新北市淡水區八勢一街63巷8號,101淡使字第293號,101,293,25.154879,121.462745
1,2013/04/11,和合如意社區管理委員會,新北市淡水區濱海路一段306巷60弄37號,101淡使字第474號,101,474,25.191782,121.442078
1,2013/05/08,捷運悅境社區管理委員會,新北市淡水區濱海路一段366號等,101淡使字第345號,101,345,25.189845,121.439597
1,2013/05/15,新春晶華社區管理委員會,新北市淡水區新春街173號等,101淡使字第532號,101,532,25.181152,121.443378
1,2013/05/14,麗景社區管理委員會,新北市淡水區中正東路一段61號等,101淡使字第483號,101,483,25.162541,121.453018
1,2013/06/10,綠活社區管理委員會,新北市淡水區義山路一段401巷62號等,101淡使字第506號,101,506,25.191341,121.43702
1,2013/06/10,大忠社區管理委員會,新北市淡水區大忠街57號等,98淡使字第432號,98,432,25.176787,121.445074
1,2013/06/10,龍邸社區管理委員會,新北市淡水區北新路98號等,102淡使字第038號,102,038,25.178281,121.447256
1,2013/06/20,穎川堂公寓大廈管理委員會,新北市淡水區大同路102號等,101淡使字第021號,101,021,25.139697,121.462103
1,2013/07/16,微笑莊園社區管理委員會,新北市淡水區濱海路一段125號等,101淡使字第457號,101,457,25.189128,121.439818
1,2013/08/23,雅筑敦品社區管理委員會,新北市淡水區淡海路72巷2號等,101淡使字第365號,101,365,25.180942,121.423351
1,2013/08/13,香榭大道社區管理委員會,新北市淡水區新市二路四段58號等,102淡使字第182號,102,182,25.192394,121.441787
1,2013/09/26,米蘭藝墅公寓大廈管理委員會,新北市淡水區坪頂路51-1號等,100淡使字第421號,100,421,25.162711,121.458284
1,2013/09/26,舒伯特管理委員會,新北市淡水區中正東路二段107巷1號等,102淡使字第007號,102,007,25.151713,121.459914
1,2013/09/24,天生雅筑公寓大廈管理委員會,新北市淡水區沙崙路216巷42號等,102淡使字第103號,102,103,25.183844,121.426163
1,2013/09/10,荷雅名人館社區管理委員會,新北市淡水區淡金路38巷46弄1號等,102淡使字第134號,102,134,25.160945,121.457348
1,2013/10/29,公園居公寓大廈管理委員會,新北市淡水區中山北路二段381巷119號等,102淡使字第100號,102,100,25.185741,121.44346
1,2013/10/25,淡江學園管理委員會,新北市淡水區水源街二段120巷6號等,82淡使字第1353號,82,1353,25.174277,121.453006
1,2013/10/14,水紀元社區管理委員會,新北市淡水區民權路193號等,100淡使字第227號,100,227,25.133275,121.459356
1,2013/12/24,海天山莊管理委員會,新北市淡水區八勢一街31巷1弄2號,64淡使字第1984等號,64,1984,25.156828,121.461417
1,2013/12/03,靜江悅社區管理委員會,新北市淡水區新市一路三段101巷55號等,102淡使字第309號,102,309,25.18477,121.4454
1,2013/11/29,山水天地HJK社區管理委員會(補登資料),新北市淡水區自強路323號等,76淡使字第1351號,76,1351,25.132331,121.463159
1,2014/01/14,原石樸莊社區管理委員會,新北市淡水區新春街85巷25弄31號等,102淡使字第379號,102,379,25.18418,121.438495
1,2014/01/27,吉祥公寓管理委員會,新北市淡水區中正東路一段111巷25號等,87淡使字第722號,87,722,25.160757,121.455363
1,2014/01/24,日月星辰社區管理委員會,新北市淡水區濱海路一段306巷9弄29-55號,102淡使字第394號,102,394,25.190725,121.439756
1,2014/01/16,見欣大廈管理委員會,新北市淡水區中正東路一段3巷12號等,101淡使字第400號,101,400,25.165018,121.451308
1,2014/01/22,荷雅時尚館社區管理委員會,新北市淡水區淡金路36號等,102淡使字第381號,102,381,25.160661,121.456861
1,2014/02/12,公園敦品社區管理委員會,新北市淡水區濱海路二段202巷3號等,102淡使字第412號,102,412,25.190951,121.434332
1,2014/02/25,璟苑大廈管理委員會,"新北市淡水區八勢路8-7,8-8號等14戶",100淡使字第328號,100,328,25.153718,121.460931
1,2014/02/21,名統站前廣場管理委員會,新北市淡水區中山路8號等,101淡使字第259號,101,259,25.1691,121.445145
1,2014/02/11,里御大砌社區管理委員會,新北市淡水區濱海路一段306巷60弄30號等,102淡使字第461號,102,461,25.191445,121.441715
1,2014/03/03,茂霖公寓大廈管理委員會,新北市淡水區大同路124巷6號等,102淡使字第589號,102,589,25.14045,121.4635
1,2014/03/21,新春如御管理委員會,新北市淡水區新春街85巷19弄8-3號等,98淡使字第446號,98,446,25.183259,121.438167
1,2014/03/07,水源園社區管理委員會,新北市淡水區水源街一段133號等,102淡使字第416號,102,416,25.171996,121.447002
1,2014/03/14,四季水漾社區管理委員會,新北市淡水區中山北路三段51號等,102淡使字第406號,102,406,25.191206,121.444019
1,2014/04/29,來來貴族公寓大廈管理委員會,新北市淡水區新民街21號等,78淡使字第770號,78,770,25.184702,121.432343
1,2014/05/30,蔚城公寓大廈管理委員會,新北市淡水區新市一路三段101巷20號等,102淡使字第470號,102,470,25.184128,121.446292
1,2014/05/08,心之界社區管理委員會,新北市淡水區濱海路三段148巷36號等,102淡使字第435號,102,435,25.191773,121.427732
1,2014/05/08,圓閣社區管理委員會,新北市淡水區新市一路一段99巷27號等,102淡使字第456號,102,456,25.187716,121.430764
1,2014/05/30,河美社區管理委員會,新北市淡水區中正東路二段88巷37-23號等,102淡使字第631號,102,631,25.143408,121.459185
1,2014/06/17,富御居社區管理委員會,新北市淡水區新市二路四段128號等,102淡使字第594號,102,594,25.192211,121.443405
1,2014/06/17,大景山莊管理委員會,新北市淡水區興福寮66巷501號,100淡使字第045號,100,045,25.163819,121.484064
1,2014/07/28,昌舍大樓管理委員會,新北市淡水區中山路111號及129巷21號,100淡使字第204號,100,204,25.169967,121.444039
1,2014/07/16,天境360管理委員會,新北市淡水區興福寮100號等,102淡使字第145號,102,145,25.164659,121.486892
1,2014/07/29,盧卡小丘社區管理委員會,新北市淡水區淡金路16巷109號等,103淡使字第064號,103,064,25.161455,121.458645
1,2014/08/18,天鼎管理委員會,新北市淡水區大信街52巷3號等,103淡使字第187號,103,187,25.177467,121.441331
1,2014/08/28,新春鼎園社區管理委員會,新北市淡水區新春街53號等,103淡使字第045號,103,045,25.182048,121.437917
1,2014/08/05,景闊社區管理委員會,新北市淡水區新市五路二段1至11號等,102淡使字第538號,102,538,25.200451,121.429042
1,2014/09/11,竿蓁公寓大廈管理委員會,新北市淡水區竿蓁二街19巷8號,78淡使字第957號,78,957,25.163347,121.453604
1,2014/10/23,淡大捷森堡公寓大廈管理委員會,新北市淡水區學府路136巷82號等,103淡使字第097號,103,097,25.172602,121.453446
1,2014/10/20,天琴社區管理委員會,新北市淡水區濱海路二段202巷65弄31號等,103淡使字第114號,103,114,25.192416,121.434113
1,2014/11/11,丰悅夏宮社區管理委員會,新北市淡水區新春街148號等,103淡使字第157號,103,157,25.181182,121.442449
1,2014/11/11,新天母大庭園管理委員會,新北市淡水區自強路381號等,77淡使字第1507號,77,1507,25.133526,121.464749
1,2014/11/27,鴻運新像公寓大廈社區管理委員會,新北市淡水區新民街178巷42弄2至20雙號,78淡使字第1251號,78,1251,25.179662,121.438413
1,2014/12/10,柏豪大廈管理委員會,新北市淡水區八勢一街26號,102淡使字第580號,102,580,25.155919,121.460818
1,2015/01/16,天馳社區管理委員會,新北市淡水區新民街278巷19號等,103淡使字第375號,103,375,25.182386,121.43602
1,2015/01/26,華生社區管理委員會,新北市淡水區英專路116及118號和水源街一段99及101號,103淡使字第119號,103,119,25.171838,121.44589
1,2015/01/28,滿寶居管理負責人,新北市淡水區沙崙路151巷26弄18號,103淡使字第029號,103,029,25.184367,121.423102
1,2015/02/17,夢想家社區管理委員會,新北市淡水區新春街103之10號等,103淡使字第430號,103,430,25.181996,121.440481
1,2015/03/02,睛川社區管理委員會,新北市淡水區自強路110-1號,102淡使字第429號,102,429,25.131488,121.461714
1,2015/03/03,水立方社區公寓大廈管理委員會,新北市淡水區淡金路31號,103淡使字第048號,103,048,25.160435,121.456329
1,2015/03/23,沙崙華廈管理負責人,新北市淡水區沙崙路181巷14號,95淡使字第314號,95,314,25.184649,121.423706
1,2015/04/15,山水悅公寓大廈管理委員會,新北市淡水區中正東路81巷6號,103淡使字第461號,103,461,25.16709,121.447954
1,2015/04/10,藏月社區管理委員會,新北市淡水區新市一路三段101巷158至162號,103淡使字第371號,103,371,25.186495,121.445801
1,2015/05/08,新月+社區管理委員會,新北市淡水區新市一路三段101巷166號,103淡使字第440號,103,440,25.186948,121.445775
1,2015/05/21,水景匯管理委員會,新北市淡水區民權里17鄰民權路207號,99淡使字第433號,99,433,25.132297,121.45895
1,2015/05/26,新市之星社區管理委員會,新北市淡水區崁頂里1鄰中山北路二段197號,103淡使字第390號,103,390,25.185355,121.4438
1,2015/05/26,龍築大廈住戶管理委員會,新北市淡水區北新路20－28號,83淡使字第534號,83,534,25.177398,121.445137
1,2015/06/11,聿品首璽管理委員會,新北市淡水區沙崙路151巷26弄6之1號,104淡使字第013號,104,013,25.184078,121.422991
1,2015/06/26,公園上璟社區管理委員會,新北市淡水區濱海路二段202巷13-27號,103淡使字第414號,103,414,25.191728,121.434458
1,2015/07/21,頂客雅築,新北市淡水區自立路10號3樓之3,83淡使字第155號,83,155,25.129567,121.462942
1,2015/09/02,新市社區管理委員會,新北市淡水區新民街一段165號6樓,83淡使字第157號,83,157,25.189064,121.42721
1,2015/09/04,和丰社區管理委員會,新北市淡水區新市二路二段80號8樓,103淡使字第473號,103,473,25.194789,121.427302
1,2015/09/22,風車別墅社區管理委員會,新北市淡水區番仔田41號,66淡使字第1509號.1576號,66,1509,25.17234,121.443748
1,2015/09/22,美麗境社區管理委員會,新北市淡水區濱海路一段306巷18號8樓,103淡使字第483號,103,483,25.190456,121.440889
1,2015/09/04,雲峰大廈管理負責人,新北市淡水區中正路46號2樓,85淡使字第1445號,85,1445,25.17686,121.426124
1,2015/10/29,旺昰企業管理負責人,新北市淡水區中山北路2段96號,104淡使字第424號,104,424,25.183771,121.444638
1,2015/10/29,涵月社區管理委員會,新北市淡水區新市二路三段166號1樓,103淡使字第475號,103,475,25.193066,121.437023
1,2015/10/29,雅筑富悅管理委員會,新北市淡水區新春街97-2號6樓,104淡使字第249號,104,249,25.182389,121.440014
1,2015/10/30,江南社區,新北市淡水區濱海路三段148巷1號,103淡使字第221號,103,221,25.192976,121.427328
1,2015/11/19,圓鼎社區管理負責人,新北市淡水區新春街85巷19弄23號,104淡使字第052號,104,052,25.182838,121.43803
1,2015/11/19,佳昂晴海社區管理委員會,新北市淡水區新市一路一段331巷52-106號,103淡使字第422號,103,422,25.187287,121.436104
1,2016/01/07,謙樹社區,新北市淡水區新市三路一段308號,104淡使字第00210號,104,00210,25.197099,121.429889
1,2016/01/21,領海公寓大廈管理委員會,新北市淡水區新市五路一段128號,104淡使字第00211號,104,00211,25.200175,121.427588
1,2016/02/15,鴻築ONE社區管理委員會,新北市淡水區淡金路二段407號2樓,103淡使字第00309號,103,00309,25.186536,121.446305
1,2016/03/09,一畝月社區管理委員會,新北市淡水區八勢一街31巷9弄5號,102淡使字第00179號,102,00179,25.157979,121.462124
1,2016/03/30,海景山莊社區管理委員會,新北市淡水區樹林口51號,97淡使字第00660號,97,00660,25.162548,121.48472
1,2016/04/14,川普G3棧社區管理委員會,新北市淡水區淡金路一段551號,104淡使字第00445號,104,00445,25.18005,121.453237
1,2016/04/14,原石雅苑社區管理委員會,新北市淡水區新春街85巷25弄15號,104淡使字第00480號,104,00480,25.183644,121.438271
1,2016/04/19,沐川公寓大廈管理委員會,新北市淡水區八勢路50巷82號,102淡使字第00093號,102,00093,25.149115,121.461823
1,2016/04/25,天駿社區管理委會,新北市淡水區濱海路二段172號,104淡使字第0461號,104,0461,25.190511,121.435616
1,2016/08/31,關渡我家社區管理委員會,新北市淡水區自強路58號,86淡使字第629號,86,629,25.127533,121.463223
1,2016/09/21,博愛45公寓大廈管理委員會,新北市淡水區博愛街45號,103淡使字第00356號,103,00356,25.169263,121.446594
1,2016/09/19,來來雙拼華廈管理委員會,新北市淡水區新民街222巷16弄15號,79淡使字第820號,79,820,25.179839,121.437149
1,2016/10/13,花見社區管理委員會,新北市淡水區新春街65巷37號,104淡使字第00484號,104,00484,25.182876,121.436966
1,2016/10/19,中山匯社區管理委員會,新北市淡水區興福寮77巷127號,105淡使字第00080號,105,00080,25.164128,121.484619
1,2016/10/18,綠之緣透天別墅管理委員會,新北市淡水區新民街一段159巷1至37號,86淡使字第00850號,86,00850,25.188372,121.427257
1,2016/10/31,永福公寓大廈管理負責人,新北市淡水區新春街75號,102淡使字第00403號,102,00403,25.182271,121.4385
1,2016/10/26,躍淡水社區管理委員會,新北市淡水區義山路一段1-35號,104淡使字第00181號,104,00181,25.187142,121.437295
1,2016/10/26,遊川風設區管理委員會,新北市淡水區濱海路一段306巷9弄57-65號,104淡使字第00443號,104,00443,25.190843,121.439012
1,2016/10/25,勤家捷奏社區管理委員會,新北市淡水區崁頂三路167-189號,105淡使字第00165號,105,00165,25.2012,121.430404
1,2016/11/03,首鼎社區管理委員會,新北市淡水區新春街85巷17-17之8號,105淡使字第00140號,105,00140,25.183164,121.438404
1,2016/11/04,淡海新歡社區管理委員會,新北市淡水區沙崙路181巷13-19號,81淡使字第00668號,81,00668,25.184267,121.42366
1,2016/11/24,頤和別墅公寓大廈管理委員會,新北市淡水區新市一路1段282巷19弄2-118號至320號,103淡使字第00094號,103,00094,25.185458,121.43575
1,2016/12/08,淡水筳園社管理委員會,新北市淡水區新民街102巷45弄14號,85淡使字第876號,85,876,25.177163,121.438204
1,2017/01/04,璞鼎社區管理委員會,新北市淡水區自強路309巷12號等,102淡使字第00116號,102,00116,25.132563,121.462334
1,2017/01/11,心居易管理委員會,新北市淡水區新春街103之11號等,104淡使字第00599號,104,00599,25.181954,121.440713
1,2017/02/17,淡大君品社區管理委員會,新北市淡水區北新路141巷52號等,105淡使字第00328號,105,00328,25.179577,121.44846
1,2017/04/07,印象法藍社區管理委員會,新北市淡水區坪頂路52巷23號等,105淡使字第00413號,105,00413,25.162151,121.458104
1,2017/04/24,泊山石社區管理委員會,新北市淡水區八勢一街65號等,103淡使字第00415號,103,00415,25.155184,121.461986
1,2017/04/26,天藝社區管理委員會,新北市淡水區濱海路2段153號等,105淡使字第00264號,105,00264,25.189689,121.435974
1,2017/05/11,合康嘉年華管理委員會,新北市淡水區新市一路一段345號等,104淡使字第00368號,104,00368,25.187014,121.436149
1,2017/05/16,頤海大院社區管理委員會,新北市淡水區中正東路二段165號等,104淡使字第00463號,104,00463,25.145071,121.460007
1,2017/05/17,川普寬庭社區管理委員會,新北市淡水區中山北路二段189巷17號等,105淡使字第00563號,105,00563,25.185147,121.442947
1,2017/05/23,台北萬通國際社區管理委員會,新北市淡水區興福寮88巷1號地下室,103淡使字第00328號,103,00328,25.164546,121.485355
1,2017/05/31,富域公寓大廈管理委員會,新北市淡水區民族路33巷2-8~2-10號等,69淡使字第00155號,69,00155,25.137437,121.46434
1,2017/06/01,宏盛新世界社區管理委員會,新北市淡水區沙崙路1段126巷76號等,105淡使字第00351號,105,00351,25.188549,121.432467
1,2017/06/16,有囍社區管理委員會,新北市淡水區新市二路2段2號等,104淡使字第00401號,104,00401,25.195706,121.426596
1,2017/08/31,亞鼎社區管理負責人,新北市淡水區新春街85巷19弄8-1號,105淡使字第00177號,105,00177,25.183249,121.438214
1,2017/09/15,富麗河社區管理委員會,新北市淡水區濱海路三段148巷50弄50號等,105淡使字第00453號,105,00453,25.192059,121.429254
1,2017/09/15,莫札特管理委員會,新北市淡水區八勢路50巷6號等,105淡使字第00564號,105,00564,25.152321,121.463334
1,2017/09/27,邀月管理委員會,新北市淡水區新市二路三段172巷27弄1號等,104淡使字第00482號,104,00482,25.191835,121.437083
1,2017/10/20,青山居樂管理負責人,新北市淡水區民生里4鄰大同路263號,105淡使字第00486號,105,00486,25.142209,121.466893
1,2017/11/03,海天悅心樓公寓大廈管理委員會,新北市淡水區八勢一街31巷3弄1-1號,104淡使字第00616號,104,00616,25.156973,121.46136
1,2017/11/22,佳一社區管理負責人,新北市淡水區中山路157號,106淡使字第00390號,106,00390,25.172813,121.440473
1,2017/11/22,真理之星公寓大廈管理委員會,新北市淡水區新民街222巷16號 ,105淡使字第00208號,105,00208,25.180596,121.437231
1,2017/12/08,郭婉麗,新北市淡水區八勢里6鄰八勢一街39巷18號4樓之2 ,105淡使字第00052號,105,00052,25.157921,121.463483
1,2017/12/14,鐘岡樺,新北市淡水區崁頂里1鄰中山北路二段225號3樓 ,106淡使字第00102號,106,00102,25.186613,121.444012
1,2017/12/29,許春美,新北市淡水區埤島里2鄰中山北路三段16巷20號二樓等,106淡使字第00134號,106,00134,25.190055,121.444663
1,2017/12/29,馬嘉儀,新北市淡水區大庄里11鄰新市一路1段106號,105淡使字第00444號,105,00444,25.186406,121.431166
1,2018/01/08,富瓅公寓大廈管理委員會,新北市淡水區竹圍里民族路33巷11~17單號 ,77淡使字第01204號,77,01204,25.13653,121.463821
1,2018/01/29,新潤峰采海灣區管理委員會,新北市淡水區崁頂里13鄰崁頂五路165巷11號2樓等 ,106淡使字第00007號,106,00007,25.196166,121.422853
1,2018/02/05,福樂家社區管理委員會,新北市淡水區崁頂里13鄰崁頂五路301~309號,104淡使字第00191號,104,00191,25.199636,121.424702
1,2018/02/01,新生社區管理委員會 ,新北市淡水區新生街108巷10~12-2號 ,70淡使字第00209號,70,00209,25.17423,121.439736
1,2018/02/14,心悅灣管理委員會,新北市淡水區民生里2鄰大同路79號等,106淡使字第00351號,106,00351,25.140001,121.462092
1,2018/03/06,紅樹林莊園(豐悅城)社區管理委員會,新北市淡水區八勢里紅樹林路151~173號,106淡使字第00038號,106,00038,25.155359,121.460663
1,2018/03/12,竹圍邑都公寓大廈管理委員會,新北市淡水區竹圍里民族路33-1~33-7、43號,77淡使字第001127號,77,001127,25.135621,121.463083
1,2018/03/20,聿盛首馥管理委員會,新北市淡水區崁頂里5鄰新市二路3段80~90號,106淡使字第00458號,106,00458,25.192878,121.436854
1,2018/04/19,香草天空大江詠管理委員會,新北市淡水區民生里32鄰民權路3巷12弄32號、36號,104淡使字第00306號,104,00306,25.141729,121.461381
1,2018/04/26,興之居社區管理委員會,新北市淡水區紅樹林路175~183號,105淡使字第00228號,105,00228,25.155359,121.460663
1,2018/04/27,新民街76巷36弄1至7號社區,新北市淡水區新民街76巷36弄1號(、1-1、1-2、1-3、3、3-1、3-2、3-3、5、5-1、5),70淡使字第03131號,70,03131,25.177925,121.439505
1,2018/05/08,雲水綠境管理委員會,新北市淡水區竿蓁里4鄰坪頂路149-5號等,106淡使字第00387號,106,00387,25.161923,121.467264
1,2018/05/23,凱旋世紀社區管理委員會,新北市淡水區崁頂里4鄰義山路一段216~222雙號,104淡使字第00536號,104,00536,25.187142,121.437295
1,2018/05/29,和光理想家社區管理委員會,新北市淡水區崁頂里5鄰新市二路2段90等號,105淡使字第00137號,105,00137,25.195343,121.426857
1,2018/08/27,宏盛新世界2社區管理委員會,新北市淡水區大庄里11鄰沙崙路一段126巷61~129號,106淡使字第00383號,106,00383,25.189533,121.43158
1,2018/09/18,新品川社區管理委員會,新北市淡水區大庄里沙崙路一段100~122號,107淡使字第00002號,107,00002,25.188886,121.428441
1,2018/07/13,綠水階社區管理委員會,新北市淡水區北投里16鄰新市一路三段156巷1~7號,106淡使字第00395號,106,00395,25.182224,121.447388
1,2018/08/06,雅筑樸鈺管理委員會,新北市淡水區沙崙路158-2號等,107淡使字第00173號,107,00173,25.182971,121.423696
1,2018/11/27,詠青(金田)社區管理委員會,新北市淡水區竹圍里民族路150、152號,106淡使字第00079號,106,00079,25.13266,121.461206
1,2018/11/30,歐樂市社區管委會,新北市淡水區崁頂里新市二路三段172巷18~30號,107淡使字第00298號,107,00298,25.192118,121.436713
1,2018/12/26,新潤峰采陽光區管理委員會,新北市淡水區濱海路2段202巷60~86號,106淡使字第00303號,106,00303,25.192506,121.435411
1,2019/01/17,山海富邑管理委員會,新北市淡水區竿蓁里中正東路一段9巷10~16號 淡水區中正東路一段21巷21號,78淡使字第01085號,78,01085,25.164237,121.451479
1,2019/01/22,長磊雨青社區管理委員會,新北市淡水區福德里自立路46、46-1、46-2號,106淡使字第00361號,106,00361,25.126785,121.464515
1,2019/01/29,上水社區管理委員會,新北市淡水區崁頂里義山路一段381~391號,107淡使字第00258號,107,00258,25.190691,121.437679
1,2019/02/23,海洋都心社區管理委員會,新北市淡水區崁頂里7鄰新市五路3段152~348號,106淡使字第00592號,106,00592,25.197234,121.438669
1,2018/03/26,新市一六八社區管理委員會,淡水區崁頂里濱海路二段202巷65弄56號等,105淡使字00447號,105,00447,25.192706,121.433784
1,2019/03/07,青一色社區管理委員會,新北市淡水區福德里8鄰自強路309巷14-1、14-2號,105淡使字第00364號,105,00364,25.132701,121.462271
1,2019/03/18,淡江風情三期社區管理委員會,新北市淡水區北新里北新路184巷41~63單號,82淡使字第01348號,82,01348,25.177018,121.451314
1,2019/03/18,璞玉社區管理委員會,新北市淡水區大庄里11鄰新市一路1段99巷29~35單號,106淡使字第00558號,106,00558,25.188088,121.431009
1,2019/04/25,一方圓社區管理委員會,新北市淡水區竿蓁里坪頂路5、5-1、7、9、9-1號,106淡使字第00142號,106,00142,25.162851,121.458537
1,2019/04/26,九泰社區管理委員會,新北市淡水區崁頂里中山北路2段5-17號,107淡使字第00030號,107,00030,25.183443,121.444306
1,2019/05/03,鄉林山海滙海滙特區管理委員會,新北市淡水區八勢里八勢路50巷51~67號,106淡使第字00254號,106,00254,25.150148,121.463916
1,2019/05/14,吉美雲品大樓管理委員會,新北市淡水區崁頂里崁頂三路99-1~99-9號,107淡使字第00410號,107,00410,25.197202,121.430599
1,2019/05/14,布拉諾花園社區管理委員會,新北市淡水區竿蓁里坪頂路56-1~56-11號、56~68號、68-1~68-10號,107淡使字第00476號,107,00476,25.162405,121.458487
1,2019/05/17,一森原社區管理委員會,新北市淡水區中正路二段34~48之1號,106淡使字第00479號,106,00479,25.190785,121.425515
1,2019/05/17,詠萃社區管理委員會,新北市淡水區大庄里沙崙路1段126巷18~36號,107淡使字第00246號,107,00246,25.189533,121.43158
1,2019/06/14,和韻社區管理員會,新北市淡水區崁頂里崁頂三路85~99號,106淡使字第00296號,106,00296,25.201008,121.430319
1,2019/06/21,映月公寓大廈管理委員會,新北市淡水區崁頂里5鄰濱海路2段216~226號,106淡使字第00091號,106,00091,25.190671,121.433899
1,2018/07/20,蘋果樹大廈管理委員會(1080712補登),新北市淡水區崁頂里1鄰新市一路二段255、257號 ,105淡使字第00498號,105,00498,25.182589,121.443887
1,2019/07/16,佳昂家昂社區管理委員會,新北市淡水區大庄里新市一路1段99巷51、53號；沙崙路1段126巷6~16號,108淡使字第00049號,108,00049,25.18861,121.431329
1,2019/08/06,海洋都心2社區管理委員會,新北市淡水區新市三路2段181~307號,107淡使字第00181號,107,00181,25.19593,121.438434
1,2019/09/05,及第華廈管理委員會,新北市淡水區民生里民生路117巷10、12、16號,083淡使字第01571號,083,01571,25.140129,121.465123
1,2019/09/06,福嘉公寓大廈管理負責人,新北市淡水區北投里新市一路3段101巷1號,108淡使字第00212號,108,00212,25.18323,121.446172
1,2019/09/17,富鼎軒社區管理委員會,新北市淡水區崁頂里濱海路1段121、123號,107淡使字第00452號,107,00452,25.190011,121.438278
1,2019/09/24,達麗世界灣社區管理委員會,新北市淡水區八勢里中正東路2段143巷8~10號,106淡使字第00096號,106,00096,25.147559,121.462221
1,2019/09/24,新北市滬尾藝文休閒園區管理負責人,新北市淡水區油車里中正路1段2號,108淡使字第00122號,108,00122,25.176596,121.429053
1,2019/10/02,棕櫚山莊管理委員會,新北市淡水區坪頂路70巷1號等,064淡使字第01108號,064,01108,25.162828,121.459395
1,2019/11/12,宏普有逸天管理委員會,新北市淡水區崁頂里新市二路1段76~130號,106淡使字第00542號,106,00542,25.195602,121.426022
1,2019/12/16,酋長公寓大廈大廈管理負責人,新北市淡水區新春街95-7、95-8,108淡使字第00374號,108,00374,25.181336,121.435947
1,2019/12/18,捷運儷境社區管理委員會,新北市淡水區崁頂里新市二路2段22號等,107淡使字第00074號,107,00074,25.195556,121.426747
1,2019/12/20,和合富貴社區管理委員會,新北市淡水區濱海路1段306巷60弄51~57號,106淡使字第00437號,106,00437,25.191019,121.441629
1,2020/01/14,海德堡二期公寓大廈管理委員會,新北市淡水區竹圍里民族路51~61號；民族路65巷5號、5-1號7號,081淡使字第00268號,081,00268,25.134986,121.462428
1,2020/01/14,漢皇丰川社區管理委員會,新北市淡水區民權里民權路187巷2~28號,108淡使字第00046號,108,00046,25.134891,121.461398
1,2020/01/20,三菱山水社區管理委員會,新北市淡水區番子田120-130號,084淡使字第01069號,084,01069,25.227727,121.463838
1,2020/01/20,輕時代社區管理委員會,新北市淡水區北投里淡金路213~227號,108淡使字第00320號,108,00320,25.180185,121.452824
1,2020/02/11,恩典公寓,新北市淡水區竹圍里民權一街38號,108淡使字第00346號,108,00346,25.13618,121.458777
1,2020/02/18,登輝秀景社區管理委員會,新北市淡水區淡金路53號,085淡使字第00670號,085,00670,25.233609,121.454319
1,2020/03/18,米蘭晶鑽社區管理委員會,新北市淡水區竿蓁里坪頂路39-2號等,107淡使字第00367號,107,00367,25.162644,121.457167
1,2020/04/17,淡海90社區管理委員會,新北市淡水區油車里淡海路90、92、96號,106淡使字第00308號,106,00308,25.182158,121.422803
1,2020/04/29,淡水帝盛公寓大廈管理負責人,新北市淡水區油車里2鄰中正路一段12號2樓,108淡使字第00316號,108,00316,25.176323,121.427021
1,2020/05/19,公司田社區管理委員會,新北市淡水區濱海路1段111巷7~21號,108淡使字第00024號,108,00024,25.187616,121.43976
1,2020/07/01,悠然雅居管理委員會,新北市淡水區民生里32鄰民權路3巷36號2樓,106淡使字第00273號,106,00273,25.143443,121.462098
1,2020/07/13,馥人灣二樹區管理委員會,新北市淡水區八勢里八勢路2巷6、8、10、12號,106淡使字第00567號,106,00567,25.152546,121.461958
1,2020/07/17,銘源公寓大廈管理負責人,新北市淡水區民權路145巷18號,109淡使字第00162號,109,00162,25.136257,121.460689
1,2020/08/12,馥人灣三水區管理委員會,新北市淡水區八勢里八勢路2巷5、7、9、11、15號,108淡使字第00160號,108,00160,25.152546,121.461958
1,2020/08/17,海洋都心3中央花園區管理委員會,新北市淡水區義山路2段239-299號等,108淡使字第00315號,108,00315,25.195729,121.438599
1,2020/09/15,樂生活社區管理委員會,新北市淡水區新春街71~101號,108淡使字第00443號,108,00443,25.180768,121.444075
1,2020/10/23,水仙富御社區管理委員會,新北市淡水區八勢里八勢路50巷5弄10號,106淡使字第00313號,106,00313,25.151534,121.464288
1,2020/10/22,海上皇宮社區公寓大廈管理委員會,新北市淡水區沙崙里濱海路3段561-597號,108淡使字第00190號,108,00190,25.192554,121.42064
1,2020/10/28,德承泰企業管理負責人,新北市淡水區頂田寮路141號,109淡使字第00061號,109,00061,25.216322,121.460879
1,2020/12/10,鑽石麗都管理委員會,新北市淡水區崁頂里中山北路2段189巷15弄25~31號,103淡使字第00189號,103,00189,25.184282,121.443685
1,2020/12/16,Park1888社區管理委員會,新北市淡水區崁頂里新市二路3段36巷37弄28~46號,109淡使字第00224號,109,00224,25.1921,121.433564
1,2020/12/21,瀧族社區管理委員會,新北市淡水區新興里中山北1段207巷40~73號,78淡使字第172號,78,172,25.179437,121.441109
1,2021/02/19,和光同塵社區管理委員會,新北市淡水區崁頂里5鄰新市二路3段172巷3弄10~22號,109淡使字第00177號,109,00177,25.192515,121.437856
1,2021/02/24,綠富綠公寓大廈管理委員會,新北市淡水區崁頂里濱海路2段202巷16~29號,106淡使字第00371號,106,00371,25.192506,121.435411
1,2021/04/02,山舉目社區管理委員會,新北市淡水區八勢里八勢路50巷2號、2之1~2之6號,105淡使字第00422號,105,00422,25.153002,121.462646
1,2021/04/09,晶站社區管理委員會,新北市淡水區新市二路4段230巷61~69號,108淡使字第00019號,108,00019,25.190466,121.445896
1,2021/04/20,鄉林山海滙山滙特區管理委員會,新北市淡水區八勢里八勢路50巷71~85號,107淡使字第00170號,107,00170,25.150148,121.463916
1,2021/04/30,頤昌耘萃公寓大廈管理委員會,新北市淡水區濱海路2段202巷1弄2~26號,109淡使字第00316號,109,00316,25.191071,121.434006
1,2021/05/05,湯泉如意館社區管理委員會,新北市淡水區民族路112巷59~71號,109淡使字00142號,109,00142,25.133869,121.461449
1,2021/05/11,學府芳鄰?管理委員會,新北市淡水區自強路126、126-1號,84淡使字第1044號,84,1044,25.134428,121.465395
1,2021/05/17,江南大宅社區管理委員會,新北市淡水區大庄里沙崙路1段1~143號,108淡使字00076號,108,00076,25.188886,121.428441
1,2021/10/09,好風光I社區管理委員會,新北市淡水區紅樹林路82、82之1號,110淡使字00106號,110,00106,25.155359,121.460663
1,2021/10/14,湯泉?寶社區管理委員會,新北市淡水區八勢路13~19號,107淡使字00049號,107,00049,25.15003,121.468045
1,2021/10/21,愛琴灣社區管理委員會,新北市淡水區濱海路1段430-436號、義山路1段190-198號,106淡使字第00553號,106,00553,25.189886,121.438378
1,2021/11/30,美華管理負責人,新北市淡水區淡金路五段50號等,108淡使字第458號,108,458,25.233046,121.454162
1,2021/12/16,宏盛水悅社區管理委員會,新北市淡水區崁頂里13鄰新市三路1段122號8樓,108淡使字第064號,108,064,25.198302,121.426208
1,2021/12/16,淡江風情五期管理委員會,新北市淡水區北新路169巷6號5樓,83淡使字第997號,83,997,25.179622,121.450187
1,2021/12/20,合新里山紀社區管理委員會,新北市淡水區竿蓁里坪頂路76~80-7號,109淡使字第225號,109,225,25.162078,121.467599
1,2021/12/27,晴空23社區管理委員會,新北市淡水區濱海路2段202巷67-77號,110淡使字第025號,110,025,25.192529,121.434889
1,2022/01/28,迎曦莊園社區管理委員會,新北市淡水區福德里自強路421~427號,109淡使字第185號,109,185,25.134428,121.465395
1,2022/01/28,宜家社區管理委員會,新北市淡水區崁頂里新市二路1段28~36號,110淡使字第293號,110,293,25.195602,121.426022
1,2022/03/07,大謙管理委員會,新北市淡水區八勢里八勢路50巷8弄26~30號,104淡使字第551號,104,551,25.151848,121.462975
1,2022/03/07,圓堡社區管理委員會,新北市淡水區幸福里學府路39號、39之1號,80淡使字第346號,80,346,25.169032,121.447804
1,2022/03/16,悠森學社區社區管理委員會,新北市淡水區新春里新春街110號、110之1~之5號、112號、112之1~之5號、114號、114之1~之5號、116號、116之1號,110淡使字第224號,110,224,25.182081,121.439375
1,2014/03/12,甲山林NO.3大樓管理委員會,新北市深坑區埔新街71-89號,81深使字第987號,81,987,25.002305,121.619904
1,2015/04/01,信義原墅社區管理委員會,新北市深坑區文山路二段3號,103深使字第007號,103,007,25.000136,121.622118
1,2015/05/27,深情雅築公寓大廈管理委員會,新北市深坑區萬福里北深路三段100號,83深使字第055號,83,055,25.001847,121.607112
1,2015/06/30,帝品苑社區管理委員會,台北市大安區泰順街26巷4號,103深使字第472號,103,472,25.025082,121.531139
1,2015/10/26,歐鄉社區管理委員會,新北市深坑區深南路109號2樓,81深使字第8063號,81,8063,25.016048,121.625771
1,2015/11/24,信義時代社區管理委員會,新北市深坑區文山路二段22號5樓,104深使字第143號,104,143,24.999756,121.619345
1,2016/02/16,松柏居華廈管理負責人,新北市深坑區松柏街54巷5號,103深使字第00199號,103,00199,25.012257,121.63912
1,2017/04/11,校園芳鄰社區管理負責人,新北市深坑區文化街94號等,85深使字第00359號,85,00359,25.001996,121.61721
1,2018/05/16,錦園社區,新北市深坑區北深路一段83巷10弄24號3樓 ,78深使字第00857號  81深使字第00408號  81深使字第00827號  84深使字第00729號,78,00857,25.009799,121.634995
1,2018/11/06,風格山莊公寓大廈,新北市深坑區風格街31巷2號,７１。６。７北縣深財經字第2851-1號,７１,６,25.01689,121.627834
1,2019/11/07,翠谷聯合社區管理委員會,新北市深坑區翠谷街34巷10號,072深使字第00813號  078深使字第00518號  079深使字第01004號  079深使字第01582號  080深使字第00962號  080深使字第01410號  081深使字第01027號  082深使字第00155號  083深使字第00046號  083深使字第00291號  083深使字第00420號  083深使字第00549號  083深使字第01610號  083深使字第01766號  084深使字第00561號  084深使字第01334號  085深使字第01032號  ,072,00813,25.009004,121.626886
1,2020/01/08,喜砌社區管理委員會,新北市深坑區北深路2段139號,108深使字第00037號,108,00037,25.002355,121.6147
1,2021/02/08,燕築松柏棟公寓大廈管理負責人,新北市深坑區土庫里松柏街30巷12號2樓,106深使字第00523號,106,00523,25.011254,121.639066
1,2021/12/03,凱旋門管理委員會,新北市深坑區賴仲里10鄰翠谷街85號,107深使字第332號,107,332,25.009723,121.628331
1,1996/08/22,日安台北貳管理委員會,新店市中興路3段134.136.138號,81店使字第 0522 號,81,0522,24.986449,121.542219
1,1996/09/10,嶺秀天廈管理委員會,新店市北宜路483至489(單)號,84店使字第 1581 號,84,1581,24.957674,121.537826
1,1996/11/05,新鎮社區管理委員會,新店市安祥路110巷16號2樓,84店使字第 0986 號,84,0986,24.956583,121.474404
1,1996/11/26,香格里拉管理委員會,新店市松林路59－1號3樓,74店使字第 0079 號,74,0079,24.911019,121.544338
1,1996/11/26,山水畫樓C區管理委員會,新店市安民街65巷6號,84店使字第 1009 號,84,1009,24.966923,121.516141
1,1996/11/26,極景虹區管理委員會,新店市北新路二段230號16樓,84店使字第 1395 號,84,1395,24.977553,121.544432
1,1996/11/26,欣祥公寓管理委員會,新店市安祥路110巷26號8樓,84店使字第 0985 號,84,0985,24.956264,121.474262
1,1996/12/24,家園管理委員會,新店市永平街21號2樓之1 ,82店使字第 0491 號,82,0491,24.983331,121.516977
1,1997/01/04,鴛鴦蝴蝶社區管理委員會,新店市北宜路二段82巷9弄3－1號,85店使字第 1295 號,85,1295,24.952479,121.553923
1,1997/01/15,維多利亞管理委員會,新店市三民路2~14－(雙)號,82店使字第 1448 號,82,1448,24.97265,121.53951
1,1997/01/15,景觀大廈管理委員會,新店市安祥路147巷33~55－(單)號1~16樓,83店使字第 0492 號,83,0492,24.956868,121.476229
1,1997/01/21,安祥山莊管理委員會,新店市安祥路116~140－(雙)號,83店使字第 1303 號,83,1303,24.956116,121.493312
1,1997/01/24,綠野社區管理委員會,新店市安祥路110巷30弄1.3號,85店使字第 4026 號,85,4026,24.956872,121.474225
1,1997/02/13,綠野馥苑管理委員會,新店市安祥路112.114號,83店使字第 0491 號,83,0491,24.95651,121.477565
1,1997/02/13,忠孝新城公寓大廈管理委員會,新店市中正路680巷1.3號,85店使字第 0601 號,85,0601,24.989875,121.534381
1,1997/03/06,山水畫樓B-1區管理委員會,新店市安民街65巷15號,83店使字第 1366 號,83,1366,24.966783,121.515933
1,1997/03/10,綠野鴻福管理委員會,新店市安祥路110巷30弄5~15－1(單)號,84店使字第 1524 號,84,1524,24.956343,121.474044
1,1997/03/10,小錢當家管理委員會,新店市北宜路二段417.419號,85店使字第 0922 號,85,0922,24.955864,121.570626
1,1997/03/14,江陵京都管理委員會,新店市二十張路40.42.46號,82店使字第 1598 號,82,1598,24.978802,121.534833
1,1997/03/20,中華傑座管理委員會,新店市中華路3~9－(單)號,85店使字第 1536 號,85,1536,24.967523,121.540713
1,1997/03/25,日安台北管理委員會,新店市中興路三段134~138－(雙)號,81店使字第 0522 號,81,0522,24.976469,121.546195
1,1997/04/17,新店市站前管理委員會,新店市北宜路一段35.37號,81店使字第 1099 號,81,1099,24.95202,121.547355
1,1997/04/17,新殿清境管理委員會,新店市北宜路二段82號,84店使字第 0539 號,84,0539,24.953402,121.55434
1,1997/04/17,新中河管理委員會,新店市永安街109巷2~46－(雙)號,85店使字第 1419 號,85,1419,24.985738,121.521007
1,1997/04/17,龍泉山莊管理委員會,新店市安祥路110巷17弄1~7－(單)號,85店使字第 0247 號,85,0247,24.955757,121.473961
1,1997/04/17,和平管理委員會,新店市中正路566.568號,85店使字第 0298 號,85,0298,24.991178,121.53363
1,1997/05/02,綠野香坡H區管理委員會,新店市安祥路110巷53~71－(單)號,85店使字第 0171 號,85,0171,24.956873,121.474673
1,1997/05/12,大學詩鄉管理委員會,新店市安忠路151~159－(單)號,82店使字第 1165 號,82,1165,24.963093,121.514698
1,1997/05/12,大學詩鄉管理委員會,新店市大學街11~29－(單)號,82店使字第 1165 號,82,1165,24.948893,121.510518
1,1997/05/12,大學詩鄉管理委員會,新店市安忠路163~175－(單)號,83店使字第 1493 號,83,1493,24.963093,121.514698
1,1997/05/12,景管理委員會美美景管理委員會,新店市復興路44號,84店使字第 1595 號,84,1595,24.986926,121.538661
1,1997/05/12,大學詩鄉管理委員會,新店市安忠路126~132－(雙)號,84店使字第 0416 號,84,0416,24.963093,121.514698
1,1997/05/12,大學詩鄉管理委員會,新店市安忠路116巷2~20－(雙)號,84店使字第 0649 號,84,0649,24.94943,121.509356
1,1997/05/19,台北國廣場管理委員會,新店市永安街23巷11~37－(單)號,81店使字第 0711 號,81,0711,24.98564,121.519102
1,1997/05/27,隆康科技管理委員會,新店市中興路二段218巷2~16－(雙)號,76店使字第 1726 號,76,1726,24.975066,121.548464
1,1997/05/27,正悅吉品管理委員會,新店市建國路217號,85店使字第 1210 號,85,1210,24.980813,121.537575
1,1997/05/31,祥和社區管理委員會,新店市雙城1鄰安祥路31~51－(單)號,85店使字第 0318 號,85,0318,24.956116,121.493312
1,1997/06/19,江陵資訊管理委員會,新店市民權路110號,79店使字第 0015 號,79,0015,24.982199,121.536229
1,1997/06/27,彩蝶別墅管理委員會,新店市安祥104巷1弄1至9號,85店使字第 1700 號,85,1700,24.96414,121.542107
1,1997/07/24,藍天大地管理委員會,新店市新坡一街82~96號,84店使字第 0017 號,84,0017,24.964939,121.545098
1,1997/07/31,陽光山莊管理委員會,新店市安祥路一一O巷十九號八樓,85店使字第 0488 號,85,0488,24.955867,121.473849
1,1997/07/31,三元吉第管理委員會,新店市安和路三段47巷1~9號,83店使字第 1596 號,83,1596,24.982616,121.516924
1,1997/08/14,美麗心殿管理委員會,新店市安民街121巷2.6.8.10號,84店使字第 1339 號,84,1339,24.968999,121.515604
1,1997/09/03,台北新殿管理委員會,新店市建國路108~112號,82店使字第 0844 號,82,0844,24.986643,121.537169
1,1997/09/03,達觀鎮社區管理委員會,新店市達觀路24~30－(雙)號1~15樓,85店使字第 0153 號,85,0153,24.94433,121.504589
1,1997/09/03,達觀鎮社區管理委員會,新店市達觀路16.18號,85店使字第 0698 號,85,0698,24.938094,121.503089
1,1997/09/03,達觀鎮社區管理委員會,新店市達觀路20號,85店使字第 0718 號,85,0718,24.941679,121.501258
1,1997/09/03,民族雅園管理委員會,新店市民族路47~57－(單)號1~12樓,85店使字第 0861 號,85,0861,24.978985,121.54205
1,1997/09/03,達觀鎮社區管理委員會,新店市達觀路22巷1.2號,85店使字第 0978 號,85,0978,24.94225,121.501853
1,1997/09/03,達觀鎮社區管理委員會,新店市達觀路12號,85店使字第 0979 號,85,0979,24.941489,121.504406
1,1997/09/11,總棧公寓管理委員會,新店市北宜路一段60~72-1號,84店使字第 0210 號,84,0210,24.95202,121.547355
1,1997/09/22,賓士公寓管理委員會,新店市玫瑰路45巷2號,74店使字第 1330 號,74,1330,24.948944,121.496485
1,1997/09/22,賓士大廈管理委員會,新店市玫瑰路51巷2號,76店使字第 1010 號,76,1010,24.947811,121.495873
1,1997/10/03,電捷新境管理委員會,新店市文中路40號,84店使字第 0527 號,84,0527,24.95645,121.539807
1,1997/10/30,中興名園管理委員會,新店市中興路三段237號,86店使字第 0174 號,86,0174,24.983643,121.542772
1,1997/11/03,頂好社區管理委員會,新店市安泰路60巷,70店使字第 0995 號,70,0995,24.946729,121.484044
1,1997/11/04,綠寶石第二期管理委員會,新店市吉安街31~49－(單)號,84店使字第 0500 號,84,0500,24.965686,121.517121
1,1997/12/09,橋畔人家管理委員會,新店市國校路69－1.2號,83店使字第 1360 號,83,1360,24.952617,121.538697
1,1997/12/09,涵煙翠管理委員會,新店市新坡一街101號,84店使字第 0508 號,84,0508,24.962758,121.547639
1,1997/12/09,歐鄉A.B棟管理委員會,新店市安和路三段70號,86店使字第 0621 號,86,0621,24.983098,121.518089
1,1997/12/19,青潭晴翠樓管理委員會,新店市北宜路二段39號,81店使字第 1253 號,81,1253,24.951544,121.548721
1,1997/12/19,浪漫貴族管理委員會,新店市安德街73~79－(單)號,81店使字第 0211 號,81,0211,24.962456,121.511376
1,1997/12/26,康和春秋管理委員會,新店市中興路三段221號,85店使字第 1390 號,85,1390,24.982616,121.543131
1,1997/12/29,碧瑤別墅管理委員會,新店市錦秀路70巷1~15－(單)號,75店使字第 1392 號,75,1392,24.942356,121.478703
1,1997/12/29,碧瑤別墅管理委員會,新店市錦秀路62.66.68巷1~19－(單)號,75店使字第 1393 號,75,1393,24.944621,121.480818
1,1997/12/29,碧瑤別墅管理委員會,新店市錦秀路72巷1~14.16.18號,75店使字第 1815 號,75,1815,24.942239,121.478067
1,1997/12/30,大千豪景管理委員會,新店市新坡一街20~46－(雙)號1~3樓,80店使字第 0318 號,80,0318,24.962412,121.550686
1,1997/12/30,大千豪景管理委員會,新店市新坡一街18巷5弄2.4.6.8號1~~3樓,80店使字第 0686 號,80,0686,24.961487,121.550059
1,1997/12/30,大千豪景管理委員會,新店市新坡一街18巷1弄2~16－(雙)號,80店使字第 0687 號,80,0687,24.961713,121.549282
1,1997/12/30,大千豪景管理委員會,新店市新坡一街2~16－(雙)號1~3樓,80店使字第 0688 號,80,0688,24.962412,121.550686
1,1997/12/30,大千豪景管理委員會,新店市新坡一街18巷2弄5~19－((單)號1~3樓,80店使字第 0717 號,80,0717,24.961559,121.549203
1,1997/12/30,大千豪景管理委員會,新店市新坡一街18巷4弄1~27－(單)號1~3樓,80店使字第 0719 號,80,0719,24.960982,121.549331
1,1997/12/30,大千豪景管理委員會,新店市新坡一街18巷3弄2~24－(雙)號1~3樓,80店使字第 0720 號,80,0720,24.961596,121.549677
1,1997/12/30,大千豪景管理委員會,新店市新坡一街18巷6弄1~19－(單)號1~3樓,80店使字第 0721 號,80,0721,24.961122,121.549871
1,1997/12/30,名揚四海管理委員會,新店市永安街97巷75~95－(單)號1~12樓,83店使字第 0570 號,83,0570,24.986184,121.520392
1,1997/12/30,早安華城管理委員會,新店市安忠路57巷26弄1~17－(單)號1~6樓,84店使字第 1074 號,84,1074,24.958303,121.512407
1,1997/12/30,早安華城管理委員會,新店市安忠路57巷26弄54.56號1~6樓,85店使字第 0918 號,85,0918,24.958303,121.512407
1,1997/12/30,早安華城管理委員會,新店市安忠路57巷26弄27.29.35號,84店使字第 1644 號,84,1644,24.958303,121.512407
1,1997/12/30,琴鍵畫樓管理委員會,新店市吉祥街2巷1~7－(單)號1~7樓,85店使字第 0183 號,85,0183,24.947637,121.497156
1,1997/10/29,五峰山莊管理委員會,新店市五峰路63巷8弄74號B1,70汐使字第4258號,70,4258,24.826423,121.763341
1,1998/01/13,君臨大地管理委員會,新店市永安街75巷2號,82店使字第 0295 號,82,0295,24.987071,121.519782
1,1998/01/13,達觀鎮A1管理委員會,新店市達觀路6號,85店使字第 0937 號,85,0937,24.942553,121.505176
1,1998/01/13,禾豐特區管理委員會,新店市禾豐九路15號,86店使字第 0001 號,86,0001,24.938229,121.510896
1,1998/01/20,楓橋大廈管理委員會,新店市松林路30－1~11號,70店使字第 4003 號,70,4003,24.911207,121.545306
1,1998/01/20,名人華廈管理委員會,新店市北新路一段129~135－(單)號,79店使字第 0152 號,79,0152,24.959966,121.538593
1,1998/01/20,甜蜜一生華廈管理委員會,新店市建國路148.150號1~7樓,86店使字第 1045 號,86,1045,24.986643,121.537169
1,1998/02/03,寶地花園廣場管理委員會,新店市安康路二段170號,84店使字第 0819 號,84,0819,24.960626,121.51185
1,1998/02/03,國家名人巷D區管理委員會,新店市中央路139巷2弄1.3.8.10號,85店使字第 1425 號,85,1425,24.973365,121.530475
1,1998/02/03,泰隆金像獎管理委員會,新店市新和街50.52號,86店使字第 0971 號,86,0971,24.986751,121.521553
1,1998/02/17,鼎泰福村管理委員會,新店市自立街91~97－(單)號1~5樓,72店使字第 0712 號,72,0712,24.978397,121.538897
1,1998/02/17,綠野香坡管理委員會,新店市安祥路145巷1號,81店使字第 0698 號,81,0698,24.955636,121.474788
1,1998/04/08,大地世紀管理委員會,新店市長春路14號,78店使字第 0703 號,78,0703,24.953796,121.549183
1,1998/04/08,新綠卡管理委員會,新店市安德街47~55－(單)號,83店使字第 1275 號,83,1275,24.962456,121.511376
1,1998/04/08,台北新加坡隨園管理委員會,新店市安康路三段738~778－(雙)號,83店使字第 1809 號,83,1809,24.953496,121.493378
1,1998/04/08,三圓羅馬管理委員會,新店市安興路9號,84店使字第 0911 號,84,0911,24.968388,121.51457
1,1998/04/08,華城綠階管理委員會,新店市安忠路57巷5－1號,85店使字第 1458 號,85,1458,24.959168,121.513615
1,1998/04/30,潭之鄉管理委員會,新店市永業路110巷1~47號,77店使字第 1177 號,77,1177,24.948311,121.528651
1,1998/04/30,亞洲新銳管理委員會,新店市民權路50.52號,78店使字第 1067 號,78,1067,24.984655,121.5276
1,1998/04/30,江陵國際企業管理委員會,新店市民權路108－1~4號,79店使字第 0015 號,79,0015,24.983318,121.535434
1,1998/05/08,青春望族管理委員會,新店市永安街90號,81店使字第 0049 號,81,0049,24.985598,121.52085
1,1998/05/08,十方山水管理委員會,新店市碧潭路71.73.75號,85店使字第 0009 號,85,0009,24.959133,121.53373
1,1998/05/08,歐鄉管理委員會,新店市安和路三段50~58－(雙)號,86店使字第 0328 號,86,0328,24.98056,121.517169
1,1998/05/08,富綠地管理委員會,新店市中正路680巷51弄11~25－(單)號,86店使字第 0963 號,86,0963,24.989106,121.535313
1,1998/05/14,名廬華廈管理委員會,新店市大新街7巷23號1~6樓,86店使字第 1178 號,86,1178,24.967894,121.544287
1,1998/06/03,國家名人巷A座管理委員會,新店市中央路105.127巷1~14號,86店使字第 1222 號,86,1222,24.972463,121.529138
1,1998/06/18,新和123管理委員會,新店市安和路三段121號1~7樓,81店使字第 0463 號,81,0463,24.985009,121.517374
1,1998/06/18,文山芳林管理委員會,新店市北宜路二段153~165號,86店使字第 0024 號,86,0024,24.955864,121.570626
1,1998/06/18,書香園管理委員會,新店市光華街8巷14~28－(雙)號1~7樓,86店使字第 0067 號,86,0067,24.969187,121.518013
1,1998/06/18,春池吉品管理委員會,新店市中興路一段266~1號1~22樓,86店使字第 1141 號,86,1141,24.969912,121.546576
1,1998/06/18,全球贏家科技中心管理委員會,新店市寶中路119號1~10樓,86店使字第 1238 號,86,1238,24.979828,121.549481
1,1998/06/18,天時地利管理委員會,新店市安民街12-14號,86店使字第 3288 號,86,3288,24.964372,121.5154
1,1998/06/30,國園社區管理委員會,新店市北宜路一段105巷22~44號,70店使字第 3405 號,70,3405,24.95585,121.540739
1,1998/07/09,甜蜜蜜管理委員會,新店市和成街1號,71店使字第 2271 號,71,2271,24.948232,121.488694
1,1998/07/09,台北舊金山管理委員會,新店市安成街15~35－1號,83店使字第 0138 號,83,0138,24.961644,121.509367
1,1998/07/09,寶之林(甲)管理委員會,新店市安德街84.86.88號,84店使字第 1016 號,84,1016,24.959008,121.508708
1,1998/07/15,雄霸雙星管理委員會,新店市中正路434巷1~5－(單)號,85店使字第 1698 號,85,1698,24.978245,121.534315
1,1998/07/15,新玻儷景管理委員會,新店市新坡一街77~91－(單)號2~18樓,86店使字第 0558 號,86,0558,24.962412,121.550686
1,1998/07/29,聯府御庭管理委員會,新店市建國路209~215號,87店使字第 0041 號,87,0041,24.986643,121.537169
1,1998/08/05,台北新家坡儷園管理委員會,新店市安康路三段702號,83店使字第 1808 號,83,1808,24.942422,121.474204
1,1998/08/05,中央名盧管理委員會,新店市中央六街70號,87店使字第 0017 號,87,0017,24.976199,121.527192
1,1998/09/03,日安雅族管理委員會,新店市二十張路35.37號,86店使字第 1223 號,86,1223,24.978802,121.534833
1,1998/09/15,翡翠山林公寓管理委員會,新店市五峰路67巷2弄1~6號1~5樓,79店使字第 1025 號,79,1025,24.826122,121.763474
1,1998/09/15,秀岡山莊第一期管理委員會,新店市秀崗五街15~41－(單)號,86北水使字第 0017 號,86,0017,24.954014,121.548683
1,1998/09/16,捷運新公館管理委員會,新店市中興路三段227~235號,85店使字第 1535 號,85,1535,24.986449,121.542219
1,1998/09/16,新店感應大廈管理委員會,新店市北新路二段10弄1-33號,86店使字第 1161 號,86,1161,24.971093,121.542849
1,1998/10/03,崇光新村管理委員會,新店市三民路2~12－(雙)號1~5樓,71店使字第 1640 號,71,1640,24.97265,121.53951
1,1998/10/08,新店中正管理委員會,新店市中正路130~142號,65店使字第 0531 號,65,0531,24.991178,121.53363
1,1998/11/16,佳典管理委員會,新店市民族路48巷2.6.8號1~6樓,85店使字第 0516 號,85,0516,24.979348,121.539897
1,1998/11/25,崇光管理委員會,新店市三民路31－1~9號1~12樓,74店使字第 1149 號,74,1149,24.970352,121.537634
1,1998/11/25,ABC遠東管理委員會,新店市中正路542號之2~10 ,75店使字第 0839 號,75,0839,24.984874,121.533764
1,1998/11/30,觀天下管理委員會,新店市黎明路78~124－(單)號,81店使字第 0309 號,81,0309,24.949871,121.502287
1,1998/12/02,森鄰大廈管理委員會,新店市北宜路二段403~407－(單)號,87店使字第 0026 號,87,0026,24.953607,121.551415
1,1998/12/03,智慧園林管理委員會,新店市三民路68~78－(雙)號,78店使字第 1024 號,78,1024,24.97265,121.53951
1,1998/12/16,富園管理委員會,新店市民權路127巷1~27－(單)號,84店使字第 0465 號,84,0465,24.982109,121.535358
1,1998/12/24,中和一○○管理委員會,新店市新和街101~107－(單)號,84店使字第 1209 號,84,1209,24.985776,121.52038
1,1998/12/24,中央新春管理委員會,新店市中央路45~59－(單)號,87店使字第 0620 號,87,0620,24.971546,121.532338
1,1999/01/19,日安雅族NO.2管理委員會,新店市二十張路33巷6.8.10號,87店使字第 0466 號,87,0466,24.980381,121.539675
1,1999/01/22,新殿富邑管理委員會,新店市北宜路二段82號之7~28 1~12樓,83店使字第 1612 號,83,1612,24.953392,121.554289
1,1999/02/05,江坡華城管理委員會,新店市新坡一街56~80－(雙)號,82店使字第 1361 號,82,1361,24.962412,121.550686
1,1999/02/25,中央新都管理委員會,新店市中央三街60.62號1~7樓,87店使字第 0710 號,87,0710,24.97678,121.524224
1,1999/03/05,還我河山管理委員會,新店市行政街35巷56~66－(雙)號1~6樓,84店使字第 1415 號,84,1415,24.965367,121.542769
1,1999/03/09,北城大亨管理委員會,新店市如意街8~24－(雙)號,84店使字第 1494 號,84,1494,24.948606,121.495304
1,1999/03/11,青泉岡管理委員會,新店市北宜路二段137~145－(單)號,87店使字第 0043 號,87,0043,24.953607,121.551415
1,1999/03/11,品值寶鎮管理委員會,新店市安康路二段206巷1~16號,87店使字第 0213 號,87,0213,24.960204,121.509936
1,1999/03/11,新店市怡園社區管理委員會,新店市北宜路二段579巷1~54號,92店使字第 0305 號,92,0305,24.955995,121.565809
1,1999/04/12,山水畫樓B區管理委員會,新店市安民街65巷17號,82店使字第 1272 號,82,1272,24.966967,121.515793
1,1999/04/12,大台北華城歐洲印象社區管理委員會,新店市禾豐二路2巷14號1樓,85店使字第 0032 號,85,0032,24.932535,121.515536
1,1999/04/23,浪漫山林管理委員會,新店市安德街116巷26弄2~12－(雙)號,83店使字第 0540 號,83,0540,24.961556,121.50893
1,1999/04/23,大利多管理委員會,新店市安和路三段9巷2.4.6號,84店使字第 1079 號,84,1079,24.980646,121.517516
1,1999/04/23,祝你幸福管理委員會,新店市安和路二段235.237號,87店使字第 0901 號,87,0901,24.977777,121.516499
1,1999/04/29,內政部北新路中央公教住宅,新店市寶安街29.31.33號1~6樓,78店使字第 0080 號,78,0080,24.984832,121.541779
1,1999/04/29,黎明清境社區管理委員會,新店市黎明路9號,81店使字第 0783 號,81,0783,24.95025,121.502609
1,1999/04/29,綠卡社區管理委員會,新店市竹林路26巷26~40－(雙)號1~6樓,87店使字第 0136 號,87,0136,24.949922,121.551939
1,1999/05/12,信義金蘭管理委員會,新店市國校路6－1.2號,86店使字第 0007 號,86,0007,24.95623,121.537758
1,1999/05/18,青山社區管理委員會,新店市長春路159~213－(單)號,72店使字第 2119 號,72,2119,24.954014,121.548683
1,1999/05/19,親潭管理委員會,新店市北宜路二段104號6樓,87店使字第 1005 號,87,1005,24.953567,121.555629
1,1999/05/24,平價都市管理委員會,新店市北宜路二段495~499－(單)號1~10樓,87店使字第 0459 號,87,0459,24.953607,121.551415
1,1999/05/28,中興北新天下社區管理委員會,新店市中興路二段99巷5~19－(單)號1~5樓,78店使字第 0364 號,78,0364,24.971785,121.546916
1,1999/06/10,伴吾別墅管理委員會,新店市安祥路106巷9.11.13號1~4樓,87店使字第 0470 號,87,0470,24.959326,121.473977
1,1999/06/10,伴吾別墅管理委員會,新店市安祥路106巷14~52－(雙)號1~4樓,87店使字第 0471 號,87,0471,24.959326,121.473977
1,1999/06/10,伴吾別墅管理委員會,新店市安祥路104－1~10號,87店使字第 0472 號,87,0472,24.962251,121.479236
1,1999/06/10,伴吾別墅管理委員會,新店市安祥路106巷66~128－(雙)號,87店使字第 0473 號,87,0473,24.959326,121.473977
1,1999/06/10,伴吾別墅管理委員會,新店市安祥路106巷131弄1~16號,87店使字第 0474 號,87,0474,24.95829,121.472955
1,1999/06/17,中央名品管理委員會,新店市中央二街63.65號,87店使字第 0895 號,87,0895,24.975231,121.525859
1,1999/06/25,捷運天下管理委員會,新店市北新路三段202號1~7樓,87店使字第 0610 號,87,0610,24.984133,121.541302
1,1999/07/06,捷運彩虹園管理委員會,新店市竹林路94~104－(雙)號,80店使字第 1009 號,80,1009,24.950996,121.552466
1,1999/07/15,國家名人巷B.C區管理委員會,新店市中央路133巷1.3~14號,86店使字第 0015 號,86,0015,24.972994,121.531764
1,1999/07/15,超越中和管理委員會,新店市永安街92－1~9號,86店使字第 1188 號,86,1188,24.985315,121.520881
1,1999/07/15,頂好京華管理委員會,新店市安成街6.8號1~7樓,87店使字第 0773 號,87,0773,24.961644,121.509367
1,1999/07/16,林園管理委員會,新店市寶興路61巷1~33－(單)號,78店使字第 0501 號,78,0501,24.972138,121.550875
1,1999/08/04,薪世界A區管理委員會,新店市安和路三段105~109－(單)號,88店使字第 0222 號,88,0222,24.98056,121.517169
1,1999/08/09,宜佳園管理委員會,新店市百忍街39~55－(單)號,63店使字第 1570 號,63,1570,24.975486,121.535028
1,1999/08/11,金玉滿堂管理委員會,新店市安德街117~125－(單)號,84店使字第 1567 號,84,1567,24.962456,121.511376
1,1999/08/23,丹頂居管理委員會,新店市中央二街55號,88店使字第 0034 號,88,0034,24.974511,121.527069
1,1999/08/23,永安名人居管理委員會,新店市永安街58號之1.2 1~7樓,88店使字第 0330 號,88,0330,24.986809,121.518769
1,1999/08/24,捷和創世紀管理委員會,新店市中興路三段219號,88店使字第 0012 號,88,0012,24.982137,121.543203
1,1999/08/27,豪觀社區管理委員會,新店市安忠路92巷6~26－(雙)號1~15樓,87店使字第 0069 號,87,0069,24.957733,121.510566
1,1999/09/15,向日葵BC棟管理委員會,新店市中央四街81.83號1~7樓,88店使字第 0124 號,88,0124,24.976787,121.524789
1,1999/09/29,山水居D1區管理委員會,新店市安民街78巷16.18號,88店使字第 0463 號,88,0463,24.966621,121.517188
1,1999/10/05,國園社區管理委員會,新店市北宜路一段102巷22~44號,70店使字第 3405 號,70,3405,24.955245,121.538859
1,1999/10/12,園味生活管理委員會,新店市安德街38.40.42號,87店使字第 0878 號,87,0878,24.959008,121.508708
1,1999/10/12,山水天地大廈B棟管理委員會,新店市安民街3巷1~7號,87店使字第 0937 號,87,0937,24.964047,121.514311
1,1999/10/27,臨潭樓管理委員會,新店市國校路82號,88店使字第 0286 號,88,0286,24.952738,121.538552
1,1999/10/28,北城我家管理委員會,新店市如意街51.53.55號1~5樓,86店使字第 0029 號,86,0029,24.947001,121.497311
1,1999/11/08,文山學府管理委員會,新店市北宜路一段105巷4弄1.3.5.7號,85店使字第 0569 號,85,0569,24.955303,121.540328
1,1999/11/16,生活家管理委員會,新店市松林路6號,76店使字第 1286 號,76,1286,24.91148,121.546291
1,1999/11/26,羅浮名宮管理委員會,新店市三民路42－1.2.3.4號,73店使字第 2323 號,73,2323,24.971706,121.536097
1,1999/12/04,高鮮屋管理委員會,新店市安康路二段161號,87店使字第 0526 號,87,0526,24.95934,121.510205
1,1999/12/06,雙興天廈管理委員會,新店市寶慶街37號,85店使字第 0262 號,85,0262,24.986552,121.543026
1,1999/12/08,溫哥華管理委員會,新店市中興路二段25.27號,77店使字第 1795 號,77,1795,24.975881,121.546952
1,1999/12/08,北新花園管理委員會,新店市德正街22~36號1~8樓,82店使字第 1471 號,82,1471,24.971312,121.544407
1,1999/12/08,中央大地管理委員會,新店市中央三街48.50號,88店使字第 0251 號,88,0251,24.97678,121.524224
1,1999/12/09,山林溪管理委員會,新店市北宜路二段116巷1.3.7號1~12樓,88店使字第 0622 號,88,0622,24.95333,121.5564
1,2000/01/12,王侯居管理委員會,新店市中央三街38號4樓,87店使字第 1079 號,87,1079,24.974201,121.527967
1,2000/01/26,江陵世家管理委員會,新店市自立街45巷2號6樓,87店使字第 0853 號,87,0853,24.979944,121.536934
1,2000/01/26,捷運薪市管理委員會,新店市北宜路二段493號1樓,88店使字第 0042 號,88,0042,24.953939,121.562715
1,2000/01/26,空間大賞管理委員會,新店市中正路639號12樓,88店使字第 0735 號,88,0735,24.989467,121.533837
1,2000/02/18,向日葵A棟管理委員會,新店市中央五街10.12號,88店使字第 0107 號,88,0107,24.976955,121.525007
1,2000/02/18,薪世界B區管理委員會,新店市安和路三段95至103－(單)號,88店使字第 0461 號,88,0461,24.98056,121.517169
1,2000/03/21,山水居D2區管理委員會,新店市安民街68－1號,88店使字第 0887 號,88,0887,24.966467,121.516506
1,2000/03/21,台北桂冠管理委員會,新店市中央二街64號2~7樓之1 ,88店使字第 0895 號,88,0895,24.974533,121.52663
1,2000/03/27,柏園南棟管理委員會,新店市北新路一段145.147號,88店使字第 0631 號,88,0631,24.969574,121.541909
1,2000/03/29,南都管理委員會,新店市北新路三段78~90－(雙)號,82店使字第 0032 號,82,0032,24.979635,121.54248
1,2000/04/10,海悅假期管理委員會,新店市碧潭路77巷1~6號,88店使字第 0903 號,88,0903,24.957352,121.533738
1,2000/04/12,景芳綠庭管理委員會,新店市二十張路16巷1弄2~12－(雙)號,78店使字第 0160 號,78,0160,24.982382,121.538687
1,2000/05/08,柏園北棟管理委員會,新店市北新路一段157號,88店使字第 0666 號,88,0666,24.963673,121.539747
1,2000/05/09,四季春管理委員會,新店市吉祥街5巷14號,76店使字第 1202 號,76,1202,24.947648,121.497944
1,2000/05/09,綠寶石B區管理委員會,新店市吉安街17號,82店使字第 0412 號,82,0412,24.965782,121.516355
1,2000/05/11,聚賢管理委員會,新店市光明街246.248號1~8樓,79店使字第 1550 號,79,1550,24.965073,121.540741
1,2000/05/17,師苑翠提管理委員會,新店市安民街1號,89店使字第 0001 號,89,0001,24.964048,121.515157
1,2000/05/20,行隆皇家管理委員會,新店市中央五街31號2~7樓,88店使字第 0225 號,88,0225,24.974957,121.528852
1,2000/06/07,中央龍園管理委員會,新店市中央三街74.76號,88店使字第 1032 號,88,1032,24.97678,121.524224
1,2000/07/24,大豐富管理委員會,新店市大同街6號2~6樓,88店使字第 0530 號,88,0530,24.980273,121.540004
1,2000/08/07,大椰林管理委員會,新店市建國路130~140－(雙)號,88店使字第 1190 號,88,1190,24.973421,121.539975
1,2000/08/11,快樂世界管理委員會,新店市安民街191~247－(單)號,89店使字第 0194 號,89,0194,24.964963,121.515349
1,2000/08/18,潤泰遠景21管理委員會,新店市中興路一段175~195－(單)號,88店使字第 0924 號,88,0924,24.957977,121.538839
1,2000/08/18,大鵬華城管理委員會,新店市中正路700巷1~82號,89店使字第 0209 號,89,0209,24.992999,121.535878
1,2000/08/19,昌軒華廈管理委員會,新店市中興路285號,88店使字第 1046 號,88,1046,24.968616,121.545348
1,2000/08/19,中央名品管理委員會,新店市中央七街19.21號1~5樓,88店使字第 0328 號,88,0328,24.978061,121.524834
1,2000/08/22,新殿傳奇管理委員會,新店市新烏路一段1~9－(單)號,83店使字第 0525 號,83,0525,24.951806,121.547456
1,2000/08/22,希望之河社區管理委員會,新店市中央三街111~127號,89店使字第 0019 號,89,0019,24.97678,121.524224
1,2000/08/24,美墅家管理委員會,新店市安康路三段561巷2弄1~12號1.2.3樓,86店使字第 0173 號,86,0173,24.944129,121.476252
1,2000/08/25,上河圖社區管理委員會,新店市寶慶街2~12－(雙)號,89店使字第 0143 號,89,0143,24.987051,121.544087
1,2000/09/05,中央誠品管理委員會,新店市中央五街30號1~7樓,87店使字第 0576 號,87,0576,24.974702,121.528812
1,2000/09/16,現代啟示管理委員會,新店市中興路一段282號之1~5 ,88店使字第 1174 號,88,1174,24.968191,121.546262
1,2000/09/18,青年敦品管理委員會,新店市永平街16巷1~19號,89店使字第 0241 號,89,0241,24.983944,121.517287
1,2000/09/18,中央御邸管理委員會,新店市中央路63.65.67號1~12樓,89店使字第 0450 號,89,0450,24.972463,121.529138
1,2000/10/06,容石園管理委員會,新店市建國路27.33.35號,67店使字第 1106 號,67,1106,24.986643,121.537169
1,2000/10/07,玫如管理委員會,新店市如意街80~110－(雙)號,78店使字第 0980 號,78,0980,24.948606,121.495304
1,2000/10/18,青年敦品A棟管理委員會,新店市永平街10號,89店使字第 0242 號,89,0242,24.983587,121.517214
1,2000/10/26,花開富貴管理委員會,新店市中正路485.487號,88店使字第 0326 號,88,0326,24.991178,121.53363
1,2000/11/06,麗水山莊管理委員會,新店市新烏路一段87巷16號,84店使字第 1451 號,84,1451,24.94149,121.546561
1,2000/11/21,十方二代管理委員會,新店市碧潭路37~43－(單)號,86店使字第 0676 號,86,0676,24.95633,121.534638
1,2000/11/22,大溪地庭園管理委員會,新店市碧安街367~377－(單)號1~5樓,79店使字第 1006 號,79,1006,24.967625,121.517402
1,2000/11/22,大溪地庭園管理委員會,新店市碧安街379巷9.11.13號1~5樓,79店使字第 1336 號,79,1336,24.969006,121.517439
1,2000/11/22,大溪地庭園管理委員會,新店市碧安街381~389－(單)號1~5樓,79店使字第 1337 號,79,1337,24.967625,121.517402
1,2000/11/22,水川堂管理委員會,新店市竹林路59.63~69－(單)號,88店使字第 0635 號,88,0635,24.950996,121.552466
1,2000/11/24,台灣科技總部二期管理委員會,新店市中興路二段196號1~10樓,89店使字第 0340 號,89,0340,24.9739,121.548527
1,2000/12/26,台北畫堤管理委員會,新店市寶高路108~118－(雙)號2~10樓,88店使字第 0080 號,88,0080,24.977869,121.550783
1,2000/12/26,技嘉科技管理委員會,新店市寶強路6號,89店使字第 0354 號,89,0354,24.978788,121.543271
1,2000/12/26,全球科技管理委員會,新店市寶橋路235巷118~138－(雙)號,89店使字第 0538 號,89,0538,24.983356,121.550882
1,2000/12/28,龍揚大道管理委員會,新店市安民街160~166－(雙)號,85店使字第 0340 號,85,0340,24.964963,121.515349
1,2000/12/29,中央容園管理委員會,新店市中央四街28號,87店使字第 0613 號,87,0613,24.974239,121.528756
1,2001/01/05,大豐晶棧管理委員會,新店市大豐路16巷3弄5.7號2~6樓,89店使字第 0853 號,89,0853,24.980356,121.540565
1,2001/02/07,鮮境社區管理委員會,新店市安康路二段159巷31~43－(單)號,89店使字第 0029 號,89,0029,24.959482,121.510433
1,2001/02/07,滿意家管理委員會,新店市安民街176~182－(雙)號1~8樓,89店使字第 0447 號,89,0447,24.964963,121.515349
1,2001/02/08,池畔書香管理委員會,新店市建國路60巷3.5號,88店使字第 1137 號,88,1137,24.975784,121.541178
1,2001/02/16,龍邦新苑管理委員會(90年度),新店市民族路37~45－(單)號1~13樓,89店使字第 0795 號,89,0795,24.978985,121.54205
1,2001/02/20,名仕花園管理委員會,新店市環河路68~78－(雙)號1~11樓,77店使字第 0359 號,77,0359,24.961366,121.538148
1,2001/03/05,哈佛花園管理委員會,新店市永平街83巷1~12號,89店使字第 0871 號,89,0871,24.985499,121.515818
1,2001/03/09,中央全家福管理委員會,新店市中央五街76.78.80號,89店使字第 0203 號,89,0203,24.976955,121.525007
1,2001/03/12,捷運首席管理委員會,新店市北宜路一段107－1~6號,87店使字第 0475 號,87,0475,24.955072,121.539666
1,2001/03/27,中正庭園管理委員會,新店市二十張路105巷15~23－(單)號,77店使字第 1739 號,77,1739,24.979215,121.537017
1,2001/05/04,中興麗池管理委員會,新店市寶元路一段87巷1~19－(單)號,89店使字第 0959 號,89,0959,24.98544,121.543032
1,2001/05/24,啟昇貴築管理委員會,新店市中興路一段199~205－(單)號,89店使字第 1057 號,89,1057,24.957977,121.538839
1,2001/06/18,遠觀鎮萬象區管理委員會,新店市達觀路38.40號,88店使字第 0227 號,88,0227,24.938094,121.503089
1,2001/06/18,浦陽世家管理委員會 ,新店市北新路二段29巷2弄2號1~7樓,89店使字第 1010 號,89,1010,24.972802,121.542268
1,2001/07/17,台北小城管理委員會,新店市木柵路7巷2弄2~10－(雙)號,71店使字第 2214 號,71,2214,24.989058,121.559004
1,2001/07/17,遠觀鎮A3區管理委員會,新店市達觀路10號1~10樓,87店使字第 1025 號,87,1025,24.943985,121.503635
1,2001/07/17,陽光尊邸管理委員會,新店市中央三街59號,89店使字第 0121 號,89,0121,24.974989,121.527106
1,2001/08/07,中央福座管理委員會,新店市中央三街75.77號,88店使字第 1075 號,88,1075,24.97678,121.524224
1,2001/08/07,禮居管理委員會,新店市寶強路1號2~12樓,89店使字第 0267 號,89,0267,24.979043,121.542766
1,2001/08/10,中興豪邸管理委員會,新店市中興路一段103巷2號,88店使字第 0009 號,88,0009,24.962584,121.540976
1,2001/08/30,萊茵皇家社區管理委員會皇家區管理委員會,新店市竹林路30巷1~13－(單)號,90店使字第 0240 號,90,0240,24.951049,121.552218
1,2001/09/04,台北金鑽管理委員會,新店市安康路二段93~105號,88店使字第 1115 號,88,1115,24.954246,121.494277
1,2001/09/14,藍水居管理委員會,新店市中央七街30號1~7樓,89店使字第 0247 號,89,0247,24.975404,121.529326
1,2001/09/14,禪緣社區管理委員會,新店市檳榔路116~124－(雙)號1~5樓,90店使字第 0354 號,90,0354,24.965215,121.540965
1,2001/10/09,台北鄰居管理委員會,新店市安康路二段178~188－(雙)號,86店使字第 0656 號,86,0656,24.96336,121.516377
1,2001/10/19,民權管理委員會,新店市民權路88－1~5號,82店使字第 0320 號,82,0320,24.983114,121.537139
1,2001/10/19,千禧華廈管理委員會,新店市中央六街78.80號1~5樓,89店使字第 0336 號,89,0336,24.977872,121.524739
1,2001/11/21,京澄檜道管理委員會,新店市中興路三段248~270號,90店使字第 0312 號,90,0312,24.986449,121.542219
1,2001/11/28,站前花鄉B區管理委員會,新店市永平街16巷29~37－(單)號,90店使字第 0041 號,90,0041,24.983944,121.517287
1,2001/11/28,新店市映水堂管理委員會,新店市寶慶街5號,90店使字第 0162 號,90,0162,24.986577,121.544004
1,2001/11/29,站前花鄉A區管理委員會,新店市永平街16巷21~27－(單)號,89店使字第 1034 號,89,1034,24.983944,121.517287
1,2001/11/29,碧園管理委員會,新店市環河路19巷18號1~6樓,89店使字第 0765 號,89,0765,24.960474,121.537344
1,2001/12/06,寶路生活館管理委員會,新店市中興路二段197~223－(單)號,90店使字第 0401 號,90,0401,24.970455,121.546912
1,2001/12/21,詩情畫意管理委員會,新店市玫瑰路53巷1~16號3.5.7樓,79店使字第 0657 號,79,0657,24.947365,121.496744
1,2002/01/10,華成名門社區管理委員會,新店市安忠路57巷3號1~5樓,89店使字第 0812 號,89,0812,24.959501,121.513651
1,2002/01/21,台北中興典管理委員會,新店市寶元路一段38號之1 ,90店使字第 0496 號,90,0496,24.985223,121.542992
1,2002/01/24,天闊管理委員會,新店市環河路14~42－(雙)號,88店使字第 0831 號,88,0831,24.961366,121.538148
1,2002/02/15,康寧社區管理委員會,新店市寶元路二段35－1~15號,90店使字第 0038 號,90,0038,24.98175,121.546516
1,2002/02/21,康和儷舍管理委員會,新店市中正路360號,90店使字第 0282 號,90,0282,24.975888,121.535571
1,2002/03/05,儒林居管理委員會,新店市三民路84~92－(雙)號1~12樓,83店使字第 0034 號,83,0034,24.97265,121.53951
1,2002/03/05,江陵禮公園特區管理委員會,新店市廿張路13~23－(單)號,90店使字第 0595 號,90,0595,24.959748,121.532726
1,2002/03/26,富貴園管理委員會,新店市如意街9.11號,87店使字第 0936 號,87,0936,24.947001,121.497311
1,2002/03/27,水岸巴黎「巴黎區」管理委員會,新店市中央五街1.3號,90店使字第 0118 號,90,0118,24.974412,121.529762
1,2002/04/16,薪寶商業大樓管理委員會,新店市寶橋路48號,90店使字第 0491 號,90,0491,24.97473,121.545252
1,2002/05/01,天廣場管理委員會,新店市安德街48號1~7樓,87店使字第 1103 號,87,1103,24.962512,121.511195
1,2002/05/01,站前世家管理委員會,新店市北新路三段208.210號,90店使字第 0301 號,90,0301,24.987168,121.540073
1,2002/05/10,大豐管理委員會,新店市北新路三段38.40號,72店使字第 1395 號,72,1395,24.987168,121.540073
1,2002/05/14,榕園管理委員會,新店市建國路35巷20~36－(雙)號1~4樓,64店使字第 1366 號,64,1366,24.974502,121.540256
1,2002/06/06,市中星管理委員會,新店市百忍街19~27－(單)號1~7樓,90店使字第 0660 號,90,0660,24.975486,121.535028
1,2002/06/21,中央如意園管理委員會,新店市中央四街65號1~8樓,88店使字第 0593 號,88,0593,24.975472,121.527092
1,2002/07/03,中正吉品管理委員會,新店市中正路263巷18~26－(雙)號,90店使字第 0561 號,90,0561,24.973538,121.538419
1,2002/07/18,大豐昌棧NO2管理委員會,新店市大豐路16巷3弄9.11號,91店使字第 0157 號,91,0157,24.980356,121.540565
1,2002/07/19,青年創業城管理委員會,新店市永平街51巷1~25－(單)號,82店使字第 0809 號,82,0809,24.983958,121.515422
1,2002/07/26,文中興明光明大廈管理委員會,新店市中興路一段159~165－(單)號,90店使字第 0723 號,90,0723,24.957977,121.538839
1,2002/08/02,遠東ABCNO.3工業區管理委員會,新店市民權路130巷2~16－(雙)號1~5樓,77店使字第 0145 號,77,0145,24.98326,121.53482
1,2002/08/02,永保安康管理委員會,新店市安康路二段159巷1~25－(單)號,90店使字第 0606 號,90,0606,24.959482,121.510433
1,2002/08/30,棟樑商業大樓管理委員會,新店市北新路一段89號,89店使字第 0119 號,89,0119,24.961323,121.538545
1,2002/08/30,潭天天廈管理委員會,新店市北宜路二段117.119號,90店使字第 0057 號,90,0057,24.955864,121.570626
1,2002/08/30,中央河左岸管理委員會,新店市中央路212~216號,91店使字第 0075 號,91,0075,24.972463,121.529138
1,2002/09/12,江陵禮擎天特區管理委員會,新店市民權路105號,90店使字第 0692 號,90,0692,24.98278,121.536555
1,2002/09/16,春風特區管理委員會,新店市北宜路二段353~361－(單)號,91店使字第 0180 號,91,0180,24.953607,121.551415
1,2002/09/23,文藝中興光明管理委員會,新店市中興路一段156~160－(雙)號2~13樓,91店使字第 0136 號,91,0136,24.957977,121.538839
1,2002/09/27,桃李村風第一期管理委員會,新店市安民街190巷13~23－(單)號,88店使字第 0912 號,88,0912,24.971136,121.517448
1,2002/11/01,碧潭甄品管理委員會,新店市永業路18號,90店使字第 0304 號,90,0304,24.955929,121.533423
1,2002/11/05,雅典花園管理委員會,新店市寶慶街45號,91店使字第 0226 號,91,0226,24.986546,121.542646
1,2002/12/11,中央臻廣場管理委員會,新店市中央五街2.6.8號,91店使字第 0181 號,91,0181,24.976955,121.525007
1,2002/12/13,六六八八管理委員會,新店市中央17鄰中央七街86.88號,88店使字第 1135 號,88,1135,24.978061,121.524834
1,2002/12/13,歐堡庭苑管理委員會,新店市北宜路一段111.113號,90店使字第 0365 號,90,0365,24.95202,121.547355
1,2002/12/13,時代捷座管理委員會,新店市北新路三段92~98－(雙)號,91店使字第 0162 號,91,0162,24.979635,121.54248
1,2002/12/18,嘉新林園管理委員會,新店市中興路一段302~308－(雙)號,82店使字第 0624 號,82,0624,24.957977,121.538839
1,2003/01/08,金吉利管理委員會,新店市北新路二段173號1~12樓,81店使字第 0173 號,81,0173,24.97661,121.542743
1,2003/01/15,吉成特區(A)管理委員會,新店市中正路501-16~21號,77店使字第 1138 號,77,1138,24.984169,121.533218
1,2003/02/12,TR大道社區管理委員會,新店市北宜路一段121號,91店使字第 0372 號,91,0372,24.953945,121.540441
1,2003/02/24,吉成特區(B)管理委員會,新店市中正路501-16~21號,76店使字第 1444 號,76,1444,24.984169,121.533218
1,2003/03/13,現代君址社區管理委員會,新店市寶興路15-37號,88店使字第 1022 號,88,1022,24.974215,121.54881
1,2003/03/24,環球科技大樓管理委員會,新店市復興路111號,87店使字第 0991 號,87,0991,24.987777,121.534172
1,2003/04/10,天翼生活名邸管理委員會,新店市民族路190.192-1號,83店使字第 0139 號,83,0139,24.975359,121.536384
1,2003/04/17,吉成社區管理委員會,新店市中正路501-1~21.號,77店使字第 1138 號,77,1138,24.984169,121.533218
1,2003/05/05,翰聯商務中心辦公大樓管理委員會,新店市寶中路94號,81店使字第 1302 號,81,1302,24.979911,121.548976
1,2003/05/08,力麒雙星管理委員會,新店市自立街99-115號,91店使字第 0404 號,91,0404,24.980661,121.536174
1,2003/05/12,台北矽谷管理委員會,新店市北新路三段205.207號,91店使字第 0225 號,91,0225,24.987168,121.540073
1,2003/05/12,萊茵皇家萊茵區管理委員會,新店市竹林路30弄2-14號,92店使字第 0011 號,92,0011,24.951222,121.552589
1,2003/05/23,群星會管理委員會,新店市寶橋路66-76雙號號,91店使字第 0463 號,91,0463,24.974239,121.544
1,2003/06/02,羅馬山莊社區管理委員會,新店市五峰路59號,84店使字第 0085 號,84,0085,24.827435,121.757031
1,2003/06/27,美景村社區管理委員會,新店市復興路43巷6.8弄1~15號,75店使字第 1748 號,75,1748,24.986832,121.537055
1,2003/06/27,玫瑰園管理委員會,新店市如意街13巷1弄1~26號,87店使字第 1069 號,87,1069,24.947914,121.494974
1,2003/06/30,碧潭雅築管理委員會,新店市碧潭路67.69號,85店使字第 0017 號,85,0017,24.959133,121.53373
1,2003/09/04,台北寧靜大樓一期社區管理委員會,新店市安忠路57巷26弄35~45單號號,92店使字第 0174 號,92,0174,24.958303,121.512407
1,2003/09/04,安康華廈管理委員會,新店市安康路二段85巷11號,92店使字第 0196 號,92,0196,24.962225,121.513758
1,2003/09/09,寶福社區管理委員會,新店市寶興路60~70巷1~40號,67店使字第 3023 號,67,3023,24.972294,121.549659
1,2003/11/25,湯泉櫻花管理委員會,新店市溪園路395~513號,91店使字第 0503 號,91,0503,24.977208,121.523889
1,2003/11/25,美之城管理委員會,新店市永業路921-121號,69店使字第 4074 號 70店使字第 3243 號 70店使字第 4332 號 71店使字第 1645號,69,4074,24.94793,121.528493
1,2003/12/10,中興禮居管理委員會,新店市文化路90~106號,92店使字第 0300 號,92,0300,24.982737,121.545415
1,2003/12/25,統帥工業園區管理委員會,新店市寶興路45巷6.8.9弄1-12.18.8號,78店使字第 0708 號,78,0708,24.973838,121.549548
1,2004/01/19,林氏大樓管理委員會,新店市二十張路129巷2弄135至139－(單)號,91店使字第 0089 號,91,0089,24.978902,121.536002
1,2004/02/20,安和風采管理委員會,新店市永平街27.29號2~7樓,82店使字第 0727 號,82,0727,24.985631,121.516369
1,2004/02/20,龍林天下管理委員會,新店市永平街39~45號,84店使字第 0775 號,84,0775,24.985631,121.516369
1,2004/02/26,旺族大廈管理委員會,新店市民權路87號,92店使字第 0446 號,92,0446,24.982796,121.537968
1,2004/04/13,台北寧境大樓管理委員會,新店市安忠路57巷26弄21.23.25號,92店使字第 0458 號,92,0458,24.958303,121.512407
1,2004/04/29,花園新城涵碧樓管理委員會,新店市橘園一路11號1-1~12-4樓,79店使字第 0233 號,79,0233,24.934041,121.547582
1,2004/05/11,捷運e-master管理委員會,新店市北新路二段176至182號,91店使字第 0208 號,91,0208,24.976151,121.543055
1,2004/05/19,朝元管理委員會,新店市中央七街8號2~5樓,93店使字第 0170 號,93,0170,24.974703,121.530435
1,2004/05/28,凡賽斯花園社區管理委員會,新店市安民街236.232.號,93店使字第 037 號,93,037,24.976711,121.516075
1,2004/06/15,新巢代管理委員會,新店市北宜路二段501至519－(單)號,93店使字第 0028 號,93,0028,24.953607,121.551415
1,2004/09/17,安居公教住宅(乙基地)管理委員會,新店市安忠路56巷1號2樓,91店使字第 0186 號,91,0186,24.959091,121.512394
1,2004/10/12,蘭園大廈管理委員會,新店市中央五街67號2至5樓,93店使字第 0157 號,93,0157,24.975906,121.527271
1,2004/10/05,百吉公寓大廈,安康路三段306號,70店使字第 1422號,70,1422,25.064146,121.607786
1,2004/09/03,秀岡山莊陽光A區,新店市秀岡二街77號,91北水使字第0007號,91,0007,24.915448,121.501551
1,2004/09/07,秀岡山莊陽光B區,新店市秀岡二街37號,91北水使字第0008號,91,0008,24.915782,121.501932
1,2004/11/08,中央龍邸,新店市中央六街61號8樓,93店使字第0080號,93,0080,24.976064,121.527767
1,2004/12/28,遠東工業園區東區公寓大廈管理委員會,新店市中正路554號4樓,73店使字第0597 號,73,0597,24.986886,121.533699
1,2004/12/29,秀岡山莊陽光特區管理委員會,新店市秀岡二街77號,91北水字第0007 號,91,0007,24.915448,121.501551
1,2005/01/20,湯泉美地管理委員會,溪園路387~393(單).361~365號.389之1~20號,92店使字第0500號,92,0500,24.977208,121.523889
1,2005/01/26,春風伯爵管理委員會,新店市北宜路二段276號5樓,93店使字第0355號,93,0355,24.954156,121.560873
1,2005/02/14,凡賽斯花園雅典娜區管理委員會,新店市安民街254號1樓,93店使字第0401號,93,0401,24.97295,121.517641
1,2005/02/24,都會通大廈管理委員會,新店市北新路一段293號,93店使字第0483號,93,0483,24.967547,121.541158
1,2005/03/01,中央首相管理委員會,新店市中央一街49號1樓,93店使字第0328號,93,0328,24.974193,121.527096
1,2005/03/09,春風如意社區管理委員會,新店市秀水路17號2樓,93店使字第0524號,93,0524,24.954732,121.554581
1,2005/03/13,碧瑤二期別墅C區社區管理委員會,新店市錦秀路11巷92弄11號,83店使字第1765號,83,1765,24.942767,121.479718
1,2005/03/14,碧瑤尊爵大樓管理委員會,新店市錦秀路11巷96弄1-1號7樓,84店使字第0368號,84,0368,24.941928,121.479754
1,2005/03/25,達觀鎮B6區管理委員會,新店市達觀路41號17樓之2,88店使字第 0228 號,88,0228,24.938412,121.50254
1,2005/03/23,達觀鎮萬象區管理委員會,新店市達觀路40號10樓之6　,88店使字第 0229 號,88,0229,24.938818,121.50335
1,2005/03/25,達觀鎮B7區管理委員會,新店市達觀路43號16樓之2,88店使字第 0204 號,88,0204,24.938134,121.503045
1,2005/03/25,達觀鎮A７區公寓大廈管理委員會,新店市達觀路38號18樓之2,88店使字第 0226 號,88,0226,24.939359,121.502313
1,2005/04/11,碧瑤二期別墅AB社區,新店市錦秀路11巷18號,79店使字第0523號,79,0523,24.944264,121.480627
1,2005/04/27,寶高社區,新店市寶高路120巷9弄7號,78店使字第0722號,78,0722,24.974724,121.55508
1,2005/06/14,青山鎮一期二區(1),新店市青山路88巷1弄1號4樓,92店使字第0372號,92,0372,24.948217,121.514891
1,2005/06/14,大佳園社區,新店市百忍街50巷2弄11號7樓,93店使字第052號,93,052,24.976084,121.533745
1,2005/07/26,陽光美築公寓大廈,新店市安忠路57巷10號4樓,94店使字第0023號,94,0023,24.959181,121.51333
1,2005/08/29,捷四捷五聯合開發大樓,新店市北新路三段200號,94店使字第0277號,94,0277,24.983751,121.54154
1,2005/09/23,中央四街101號公寓華廈,新店市中央四街101號,93店使字第0154 號,93,0154,24.976513,121.525414
1,2005/09/01,碧瑤二期別墅,新店市錦秀路11巷6至88(雙)號,79店使字第0523 號,79,0523,24.944818,121.479943
1,2005/09/01,中央龍邸四街37.39號公寓大廈,新店市中央四街37.39號,93店使字第0579 號,93,0579,24.976787,121.524789
1,2005/10/20,向日葵華廈,台北縣新店市寶元路一段108號7樓,94店使字第0139 號,94,0139,24.983091,121.545198
1,2005/10/21,泉鄉福宅,台北縣新店市中央七街45號3樓,93店使字第0518 號,93,0518,24.97589,121.528823
1,2005/10/18,美麗人生,新店市二十張路11巷5號13樓,94店使字第0088 號,94,0088,24.98253,121.540063
1,2005/10/05,凱悅名廈,新店市安成街1-2號5樓,82店使字第1394 號,82,1394,24.960168,121.510685
1,2005/11/07,名人鄉村世界社區,新店市長春路21巷8號,71店使字第0351 號,71,0351,24.957463,121.549218
1,2005/11/08,中央龍邸五街91號公寓大廈,新店市中央五街91號7樓,94店使字第0096 號,94,0096,24.976493,121.526056
1,2005/12/01,夏綠蒂社區,新店市安德路60巷9-1號9樓,94店使字第0260 號,94,0260,24.962423,121.509992
1,2005/12/13,儒大廈,新店市中央三街43.45號2-7樓,91店使字第0330號,91,0330,24.97678,121.524224
1,2005/12/06,尊榮皇家,新店市中央七街40號2-5樓,93店使字第0212號,93,0212,24.975653,121.52888
1,2005/12/21,安華國宅社區,新店市中正路307巷2-34號,71店使字第0208號,71,0208,24.974581,121.536396
1,2006/01/03,大豐世家,新店市大豐路16巷3弄13號4樓,94店使字第0186號,94,0186,24.980737,121.540646
1,2006/01/23,雙星報喜,新店市中央四街34號6樓,93店使字第0327號,93,0327,24.974567,121.528233
1,2006/01/19,行遍天下大樓管理委員會,新店市中興路三段3-13號,94店使字第0087號,94,0087,24.977564,121.545244
1,2006/02/22,五星吉(二)公寓大廈,新店市中央一街39號5樓,94店使字第0212號,94,0212,24.97378,121.52752
1,2006/02/10,一品門第公寓大廈,新店市大豐路76號9樓,77店使字第0895號,77,0895,24.979371,121.538794
1,2006/02/10,耕莘庭園公寓大廈,新店市二十張路66-4號1樓,74店使字第1620號,74,1620,24.980456,121.536204
1,2006/03/07,尊榮皇家第六期華廈管理委員會,新店市中央一街14-1號7樓,94店使字第0085號,94,0085,24.973172,121.528854
1,2006/03/24,碧潭華廈管理委員會,新店市新店路112號,94店使字第0053號,94,0053,24.95474,121.537165
1,2006/03/31,新店水雲間住宅大樓,新店市北宜路一段143.145號2-10樓,94店使字第0434號,94,0434,24.95202,121.547355
1,2006/04/03,公園尊邸管理委員會,新店市二十張路129巷2弄2號3樓,81店使字第1207號,81,1207,24.978902,121.536002
1,2006/04/20,大千東坡管理委員會,新店市新坡一街1-75單號,84店使字第0876號,84,0876,24.962412,121.550686
1,2006/05/22,圓圓園社區管理委員會,新店市寶興路42巷14-1號1樓,94店使字第0471號,94,0471,24.972636,121.54904
1,2006/05/02,民族書鄉管理委員會,新店市民族路6-1號2-7樓,89店使字第0529號,89,0529,24.978978,121.541912
1,2006/05/23,寶中大廈管理委員會,新店市寶中路121號4樓,82店使字第1300號,82,1300,24.9795,121.549705
1,2006/06/08,江陵春社區管理委員會,新店市民權路111號8樓,94店使字第0642號,94,0642,24.98232,121.535978
1,2006/05/30,國泰三育新村公寓社區委員會,新店市中正路117巷16號5樓,69店使字第3602號,69,3602,24.970552,121.541464
1,2006/06/16,彩虹山莊,新店市安忠路102巷15號,70店使字第0625號,70,0625,24.956482,121.510184
1,2006/06/16,翠綠家園管理委員會,新店市北宜路二段56巷3弄4號2樓,76店使字第0057號,76,0057,24.950738,121.549118
1,2006/06/16,雙重奏公寓大廈,新店市光明街224巷20弄5-1號6樓,94店使字第0399號,94,0399,24.962281,121.540668
1,2006/06/16,安祥居,新店市中央六街113號2樓,94店使字第0514號,94,0514,24.977512,121.525334
1,2006/06/16,裕文花園社區,新店市寶橋路78巷2-3號6樓,94店使字第0542號,94,0542,24.974554,121.547101
1,2006/06/21,御之禮社區公寓大廈,新店市寶橋路78巷1-2號7樓,94店使字第0541號,94,0541,24.975318,121.546829
1,2006/06/22,公崙華城,新店市永業街49巷1號2樓,95店使字第0173號,95,0173,23.760069,120.35498
1,2006/06/08,如意園大廈,新店市中正路328巷27號4樓,94店使字第0213號,94,0213,24.975888,121.537594
1,2006/07/06,雅仕堡社區管理委員會,新店市安忠路57巷26弄58-80號,91店使字第0516號,91,0516,24.957287,121.511908
1,2006/07/03,生活DOUBLE公寓大廈,新店市安德街32號,94店使字第0007號,94,0007,24.96281,121.511681
1,2006/08/29,碧潭皇冠山莊,新店市華潭街26巷3弄1號,90店使字第0115號,90,0115,24.953154,121.529877
1,2006/08/29,磐石大樓管理委員會,新店市中正路543號3樓,72店使字第1765號,72,1765,24.987019,121.533435
1,2006/08/17,北城快樂家管理委員會,新店市安康路二段130號6樓,83店使字第1378號,83,1378,24.962391,121.512615
1,2006/09/13,新天地公寓大廈,新店市民權路35號15樓,95店使字第0098號,95,0098,24.982384,121.541106
1,2006/10/26,佳緣公寓大廈管理委員會,新店市中央一街31號2樓,95店使字第0251號,95,0251,24.973555,121.527866
1,2006/11/06,綠意長隄公寓大廈管理委員會,新店市北新路二段97巷18之1號7樓,95店使字第0364號,95,0364,24.974253,121.541746
1,2006/11/21,青山鎮青水特區管理委員會,新店市頂城六街6號3樓,95店使字第0321號,95,0321,24.950469,121.515798
1,2006/11/17,潭星公寓大廈管理委員會,新店市能仁街16號1樓,95店使字第0394號,95,0394,24.955383,121.540557
1,2006/11/03,錦秀社區,新店市錦秀路22號B1樓,77店使字第0510號,77,0510,24.944362,121.479256
1,2006/12/13,久盟領袖天下管理委員會,新店市寶中路88號8樓,95店使字第0403號,95,0403,24.98036,121.548627
1,2007/01/08,慈濟江陵村風雅特區,新店市民權路127巷2號,95店使字第0358號,95,0358,24.982201,121.534909
1,2007/01/24,湯泉首席社區管理委員會,新店市環河路168號1樓,95店使字第0334號,95,0334,24.975486,121.52557
1,2007/03/08,六街79號管理委員會,新店市中央六街79號2樓,95店使字第0252號,95,0252,24.97654,121.526953
1,2007/03/21,雙重奏大廈管理委員會,新店市中興路一段152號2樓,95店使字第0435號,95,0435,24.963827,121.542526
1,2007/03/23,雍華庭大廈管理委員會,新店市永華街57號5樓,95店使字第0688號,95,0688,24.975674,121.544583
1,2007/04/24,江陵大第管理委員會,新店市民權路105之4號9樓,79店使字第1542號,79,1542,24.982512,121.536835
1,2007/04/14,文基公寓大廈管理委員會,新店市自強路234號,94店使字第0129號,94,0129,24.918589,121.547365
1,2007/05/07,綠中海社區管理委員會,新店市安祥路67巷31號,95店使字第0121號,95,0121,24.959882,121.484596
1,2007/05/29,青山鎮環湖特區管理委員會,新店市青山路168巷13號3樓,95店使字第0599號,95,0599,24.949445,121.514343
1,2007/05/29,涵碧賞大樓管理委員會,新店市新店路137號11樓,95店使字第0671號,95,0671,24.954581,121.537028
1,2007/05/15,華嶽大樓管理委員會,新店市中央三街95號2樓,94店使字第0367號,94,0367,24.976057,121.525315
1,2007/06/08,中正甲區大樓管理委員會,新店市中正路284巷4弄10號,75店使字第0911號,75,0911,24.974553,121.53859
1,2007/06/28,萊茵皇家第三期管理委員會,新店市竹林路30巷23號11樓,96店使字第0118號,96,0118,24.950123,121.55219
1,2007/07/12,中央龍邸四街38.40號公寓大廈管理委員會,新店市中央四街38號2樓,96店使字第0148號,96,0148,24.974609,121.528133
1,2007/07/25,首相官邸公寓大廈管理委員會,新店市二十張路11巷1之1號4樓,95店使字第0520號,95,0520,24.982634,121.539942
1,2007/07/06,政翰大廈管理委員會,新店市中央二街43號2-6樓,95店使字第0389號,95,0389,24.974177,121.527586
1,2007/09/03,華太馥御第一期管理委員會,新店市中央七街112之1號5樓,94店使字第0436號,94,0436,24.977612,121.525563
1,2007/09/06,台北公館住戶管理委員會,新店市復興路10之1號,82店使字第1333號,82,1333,24.986868,121.540234
1,2007/09/07,青山鎮一期二區環山特區管理委員會,新店市青山路88巷1弄1號4樓,92店使字第0372號,92,0372,24.948217,121.514891
1,2007/09/07,青山鎮靜園特區管理委員會,新店市青山路85巷79號,94店使字第0034號,94,0034,24.94723,121.514923
1,2007/10/08,中正乙區國宅社區管理委員會,新店市中正路265巷1號B1,80店使字第0970號,80,0970,24.973735,121.53809
1,2007/11/05,綠中海二期社區管理委員會,新店市安祥路109巷25號,95店使字第0559號,95,0559,24.959495,121.476234
1,2007/12/24,青景澤管理委員會,新店市北宜路一段105巷2號12樓,96店使字第0574號,96,0574,24.955321,121.539395
1,2008/01/18,圃石精品大廈管理委員會,新店市中興路二段67巷19號4樓,96店使字第0163號,96,0163,24.971191,121.545785
1,2008/01/15,江陵璽公寓大廈管理委員會,新店市民權路127巷1之1號,96店使字第0732號,96,0732,24.982109,121.535358
1,2008/01/10,合環御品公寓大廈管理委員會,新店市寶強路33號5樓,96店使字第0537號,96,0537,24.979402,121.543656
1,2008/01/15,夢享國社區管理委員會,新店市北宜路二段431號,96店使字第0561號,96,0561,24.954435,121.560776
1,2008/01/10,閎泰科技大樓管理委員會,新店市寶橋路235巷167號,95店使字第0478號,95,0478,24.985423,121.551494
1,2008/01/28,書香世家管委會,新店市安康路二段341巷24號,96店使字第0440號,96,0440,24.954647,121.496566
1,2008/01/24,翡翠園(一)管理委員會,新店市竹林路2巷23號1樓,70店使字第2974號,70,2974,24.951,121.550421
1,2008/01/24,翡翠園(二)管理委員會,新店市竹林路2巷27弄1號3樓,70店使字第0553號,70,0553,24.950733,121.550265
1,2008/01/24,翡翠園(三)管理委員會,新店市竹林路2巷34弄6號5樓,70店使字第3712號,70,3712,24.950182,121.550074
1,2008/01/07,滿福堡公寓大廈管理委員會,新店市中央八街108號4樓,89店使字第0388號,89,0388,24.977833,121.525972
1,2008/01/08,竹林山水社區管理委員會,新店市竹林路84號3樓,96店使字第0616號,96,0616,24.95041,121.554422
1,2008/02/15,藝墅公寓大廈管理委員會,新店市中央五街43號1樓,96店使字第0380號,96,0380,24.975234,121.52835
1,2008/03/07,欣殿社區管理委員會,新店市永平街26號,96店使字第0458號,96,0458,24.983775,121.516524
1,2008/04/18,中央向陽第管理委員會,新店市中央四街109號4樓,89店使字第1027號,89,1027,24.976606,121.525092
1,2008/04/17,福榮大樓管理委員會,新店市民權路132號,77店使字第1436號,77,1436,24.982917,121.534817
1,2008/05/28,肇輝公寓大廈管理委員會,新店市復興路39號,96店使字第0640號,96,0640,24.986704,121.537572
1,2008/05/12,悠秀管理委員會,新店市安德街26巷10號5樓,96店使字第0365號,96,0365,24.963339,121.511692
1,2008/05/15,中央百合公寓大廈管理委員會,新店市中央四街84號4樓,96店使字第0434號,96,0434,24.975778,121.526176
1,2008/06/06,合環御璽社區管理委員會,新店市寶強路9號1樓,97店使字第0085號,97,0085,24.979096,121.543065
1,2008/06/20,中央豪邸公寓大廈管理委員會,新店市中央六街25號2樓,96店使字第0209號,96,0209,24.975035,121.529455
1,2008/06/16,陽光樂活社區管理委員會,新店市五峰路131號1樓(管理中心),96店使字第0692號,96,0692,24.832602,121.74659
1,2008/06/27,中央六街42號公寓華廈管理委員會,新店市中央六街42號5樓,95店使字第0374號,95,0374,24.975369,121.52857
1,2008/07/30,星殿社區管理委員會,新店市國校路49巷1號3樓,80店使字第0180號,80,0180,24.954906,121.538068
1,2008/07/23,滿福慧淨堡大廈管理委員會,新店市中央二街81號10樓,96店使字第0196號,96,0196,24.975231,121.525859
1,2008/08/13,TOP科技大樓管理委員會,新店市寶橋路188號,96店使字第0441號,96,0441,24.977575,121.549659
1,2008/08/29,雙星報喜(三)公寓大廈管理委員會,新店市中央一街12號7樓,96店使字第0532號,96,0532,24.972861,121.528533
1,2008/08/07,青山鎮凌雲特區管理委員會,新店市青山路88巷1弄1號4樓,95店使字第0308號,95,0308,24.948217,121.514891
1,2008/08/11,捷運HOYA公寓大廈管理委員會,新店市北新路一段297巷8號3樓,97店使字第0351號,97,0351,24.967756,121.541011
1,2008/08/11,華太馥御第二期管理委員會,新店市中央二街26號2樓,97店使字第0103號,97,0103,24.973506,121.528358
1,2008/10/13,美新大樓管理委員會,新店市民權路115號,96店使字第0445號,96,0445,24.982599,121.536412
1,2008/10/13,青山鎮二期一區管理委員會,新店市青山路101巷29號,96店使字第0323號,96,0323,24.950486,121.514875
1,2008/10/31,慈濟綜合醫院台北分院醫師值班室公寓大廈管理負責人,新店市建國路289號(北部營建室),97店使字第0214號,97,0214,24.98578,121.535808
1,2008/11/07,馥隄城市水岸馥園別墅社區管理委員會,新店市安和路三段46之1號4樓,97店使字第0318號,97,0318,24.98241,121.518621
1,2008/11/07,馥隄城市水岸馥堤別墅社區管理委員會,新店市安和路三段46之13號5樓,97店使字第0260號,97,0260,24.982862,121.518649
1,2008/11/04,別墅天廈管理委員會,新店市安和路二段219號,80店使字第0763號,80,0763,24.975628,121.51743
1,2009/01/17,綠灣社區氧生區管理委員會,新店市安祥路71至95號,97店使字第0179號,97,0179,24.962126,121.480165
1,2009/01/17,綠灣社區舒活區管理委員會,新店市安祥路73巷1至61號,97店使字第0179號,97,0179,24.961306,121.480898
1,2009/01/17,潤泰華城AB區管理委員會,新店市禾豐二路62巷1號1樓,87北水使字第0041號,87,0041,24.933015,121.512902
1,2009/01/17,潤泰華城C區管理委員會,新店市禾豐二路62巷3號1樓,87北水使字第0039號,87,0039,24.933133,121.512907
1,2009/01/17,潤泰華城DE區管理委員會,新店市禾豐二路62巷5號1樓,87北水使字第0038號,87,0038,24.933187,121.513022
1,2009/02/03,研誠大樓管理委員會,新店市建國路276號10樓,97店使字第0553號,97,0553,24.983519,121.537533
1,2009/02/18,江陵誠公寓大廈管理委員會,新店市建國路241至247號,97店使字第0809號,97,0809,24.982441,121.537462
1,2009/03/17,青山鎮園林區管理委員會,新店市頂城六街12至45號,89店使字第0070號,89,0070,24.948867,121.517115
1,2009/04/27,北城吉祥大廈管理委員會,新店市吉祥街6巷1至7號,85店使字第0955號,85,0955,24.945808,121.497247
1,2009/04/03,鳳臨華廈管理委員會,新店市新店路123號,95店使字第0495號,95,0495,24.954283,121.537105
1,2009/03/19,中興典藏管理委員會,新店市中興路三段286號,97店使字第0554號,97,0554,24.984566,121.542829
1,2009/03/18,學海管理委員會,新店市中興路三段298號,97店使字第0571號,97,0571,24.985045,121.542638
1,2009/04/16,捷運賦境公寓大廈管理委員會,新店市明德路24-5號,97店使字第0713號,97,0713,24.977522,121.54198
1,2009/04/13,碧潭春天華廈管理委員會,新店市新店路158至160號,97店使字第0329號,97,0329,24.955556,121.537349
1,2009/05/11,美源金典大樓管理委員會,台北縣新店市安民街189－8號6樓,97店使字第440號,97,440,24.971104,121.516891
1,2009/05/01,金璽社區管理委員會,台北縣新店市安忠路15號,96店使字第247號,96,247,24.961777,121.515142
1,2009/05/26,台北矽谷三期管理委員會,台北縣新店市北新路三段207號3樓,97店使字第810號,97,810,24.984653,121.540011
1,2009/06/26,早安康橋社區管理委員會,台北縣新店市安德街50－1號7樓,97店使字第619號,97,619,24.962509,121.510992
1,2009/06/04,滿福堡(二)公寓大廈管理委員會,台北縣新店市中央七街89號2樓,94店使字第152號,94,152,24.977184,121.526638
1,2009/07/06,中央龍珠公寓大廈管理委員會,台北縣新店市中央路238號,97店使字第393號,97,393,24.972494,121.529177
1,2009/08/04,采會萊茵管理委員會,台北縣新店市中央二街58號3樓,97店使字第211號,97,211,24.974415,121.526917
1,2009/09/07,愛上碧潭大廈管理委員會,台北縣新店市北宜路一段105巷4弄2－1號,98店使字第303號,98,303,24.955358,121.539953
1,2009/09/07,桃李村風二期社區管理委員會,台北縣新店市安民街200號,89店使字第137號,89,137,24.971622,121.517214
1,2009/09/11,科芬園公寓大廈管理委員會,台北縣新店市中正路307巷15號,98店使字第305號,98,305,24.973682,121.535973
1,2009/09/18,中正川普社區管理委員會,台北縣新店市中正路280巷2－1號,98店使字第172號,98,172,24.974124,121.539056
1,2009/09/22,興業醬菜大樓管理委員會,台北縣新店市建國路268號,98店使字第454號,98,454,24.983082,121.537662
1,2009/09/21,新店基督長老教會大廈管理委員會,台北縣新店市國校路22號,97店使字第711號,97,711,24.954936,121.537846
1,2009/09/24,高峰會社區管理委員會,台北縣新店市文化路23號1樓,98店使字第304號,98,304,24.979806,121.543373
1,2009/09/28,中央豪鼎公寓大廈管理委員會,台北縣新店市中央五街30號,95店使字第573號,95,573,24.974702,121.528812
1,2009/09/28,碧潭臻堡管理委員會,台北縣新店市新店後街63號,98店使字第240號,98,240,24.955088,121.537493
1,2009/09/30,啟昇之星商業大樓管理委員會,台北縣新店市建國路257號,98店使字第384號,98,384,24.98316,121.537361
1,2009/10/12,三輝墨寶C區社區管理委員會,台北縣新店市大豐里10鄰建國路212－1號4樓,97店使字第437號,97,437,24.981124,121.537953
1,2009/10/12,三輝墨寶A.B棟社區管理委員會,台北縣新店市大豐里10鄰建國路216號9樓,97店使字第436號,97,436,24.981186,121.537968
1,2009/10/23,凱美蒂大廈管理委員會,台北縣新店市中央里13鄰中央六街52號,96店使字第453號,96,453,24.97565,121.52812
1,2009/10/27,通用工業大樓管理委員會,台北縣新店市寶中路72號5樓,74店使字第1170號,74,1170,24.980544,121.548016
1,2009/11/11,霞飛大道公寓大廈管理委員會,台北縣新店市北新路271巷49號6樓,98店使字第110號,98,110,24.967444,121.539479
1,2009/11/17,蘭庭公寓大廈管理委員會,台北縣新店市中央八街112號,97店使字第145號,97,145,24.977943,121.525808
1,2009/11/27,光榮時代社區管理委員會,台北縣新店市安民街41號,98店使字第302號,98,302,24.965689,121.515452
1,2009/12/10,21City花園廣場社區一區管理委員會,台北縣新店市公崙里20鄰安康路二段149號,98店使字第356號,98,356,24.959862,121.511129
1,2009/12/10,21City花園廣場社區二區管理委員會,台北縣新店市公崙里20鄰安康路二段149號,98店使字第335號,98,335,24.959862,121.511129
1,2009/12/10,21City花園廣場社區三區管理委員會,台北縣新店市公崙里30鄰安康路二段149號,98店使字第334號,98,334,24.959862,121.511129
1,2009/12/23,華太馥御第三期管理委員會,台北縣新店市中央二街77號2樓,98店使字第010號,98,010,24.975148,121.526
1,2009/12/24,江陵金融大樓管理委員會,台北縣新店市民權路95號,98店使字第756號,98,756,24.982799,121.537153
1,2009/12/31,中正新都大廈管理委員會,台北縣新店市中正路247巷24弄5號5樓,80店使字第1350號,80,1350,24.972055,121.537886
1,2009/12/29,陶品居2管理委員會,台北縣新店市中央三街26號7樓,98店使字第092號,98,092,24.973822,121.528581
1,2010/01/06,豪景天下管理委員會,台北縣新店市北新路二段200號11樓之2,81店使字第1093號,81,1093,24.97679,121.543055
1,2010/01/22,陶品居1管理委員會,台北縣新店市中央一街20－2號6樓,98店使字第398號,98,398,24.973134,121.528195
1,2010/02/25,21City花園廣場社區管理委員會,台北縣新店市公崙里20鄰安康路二段149號,98店使字第356號,98,356,24.959862,121.511129
1,2010/02/24,美麗新天地社區管理委員會,台北縣新店市安興路83－1號,97店使字第047號,97,047,24.975425,121.515297
1,2010/02/04,翰聯商務大樓B棟管理委員會,台北縣新店市寶中路92號4樓之1,82店使字第209號,82,209,24.980165,121.548771
1,2010/03/03,大台北華城美麗華城社區管理委員會,台北縣新店市華城里華成六街122巷1號,98北水字第001號,98,001,24.923683,121.510782
1,2010/03/22,裕隆明德雙星華廈管理委員會,台北縣新店市北新路二段189號5樓,77店使字第554號,77,554,24.97785,121.542537
1,2010/03/29,台北科學城管理委員會,台北縣新店市北新路三段221號1樓,98店使字第572號,98,572,24.985811,121.539963
1,2010/04/06,中央大璽管理委員會,台北縣新店市中央五街48號11樓,98店使字第565號,98,565,24.975147,121.52803
1,2010/04/06,國園新城管理委員會,台北縣新店市德正街27巷29弄96號1樓,72店使字第1374號,72,1374,24.97359,121.546175
1,2010/04/09,大璽公寓大廈管理委員會,台北縣新店市中央五街29號2樓,98店使字第525號,98,525,24.974881,121.528954
1,2010/04/23,園上園管理委員會,台北縣新店市中興路二段127號5樓,98店使字第403號,98,403,24.972781,121.547527
1,2010/05/03,靜岡別墅管理委員會,台北縣新店市安祥路106巷6弄5號,98店使字第574.657號,98,574,24.962731,121.479356
1,2010/05/03,三輝寶安社區管理委員會,台北縣新店市寶安里31鄰寶安街30號,98店使字第532號,98,532,24.982261,121.542115
1,2010/05/18,碧潭有約社區管理委員會,台北縣新店市張南里5鄰新店路260－2號5樓,98店使字第512號,98,512,24.957801,121.537358
1,2010/05/21,台北藍天管理委員會,台北縣新店市文中里4鄰文中路51號6樓,80店使字第058號,80,058,24.956602,121.539947
1,2010/05/25,新店臺北人社區管理委員會,台北縣新店市寶興路45巷2弄2號1樓,98店使字第611號,98,611,24.973331,121.550135
1,2010/06/17,鋐鎧醇品公寓大廈管理委員會,台北縣新店市德正街27巷29弄133－1號1樓,98店使字第032號,98,032,24.973282,121.545482
1,2010/06/17,台北畫堤大樓B棟管理委員會,台北縣新店市寶高路120巷1號1樓,87店使字第766號,87,766,24.976027,121.554643
1,2010/06/10,捷運鄉墅公寓大廈管理委員會,台北縣新店市中央八街125號7樓,98店使字第004號,98,004,24.978427,121.525251
1,2010/06/10,京兆大廈管理委員會,台北縣新店市中央四街66號2樓,98店使字第715號,98,715,24.975339,121.52695
1,2010/08/06,臺大華城管理委員會,台北縣新店市華城路6－8號,98店使字第609號,98,609,24.960774,121.529798
1,2010/07/30,綠野鴻福大F管理委員會,台北縣新店市安祥路110巷30弄5－15號之1,84店使字第1524號,84,1524,24.956571,121.474197
1,2010/07/27,中央仕家管理委員會,台北縣新店市中央五街92號2樓,95店使字第551號,95,551,24.976379,121.525994
1,2010/07/16,金榜名苑公寓大廈管理委員會,台北縣新店市中央四街80號2樓,98店使字第416號,98,416,24.975684,121.52637
1,2010/08/30,常安新店管理委員會,台北縣新店市中央三街30號,97店使字第381號,97,381,24.973993,121.528304
1,2010/09/16,藏愛公寓大廈管理委員會,台北縣新店市三民路75巷3弄15號6樓,99店使字第151號,99,151,24.970673,121.536412
1,2010/10/12,綠野鴻福小F管理委員會,台北縣新店市安祥路110巷73~81－1號,84店使字第1524號,84,1524,24.957084,121.474131
1,2010/10/22,青山鎮二期管理委員會,台北縣新店市青山路88巷1弄1號4樓,98店使字第324號,98,324,24.948217,121.514891
1,2010/11/10,如意佳園公寓大廈管理委員會,台北縣新店市中央里19鄰中央八街126號5樓,90店使字第559號,90,559,24.978314,121.525173
1,2010/10/29,尊榮皇家七期華廈管理委員會,台北縣新店市大新街7巷21號2樓,97店使字第241號,97,241,24.967963,121.544156
1,2010/11/24,TYT TOWER管理委員會,台北縣新店市中央八街110號5樓,97店使字第075號,97,075,24.977889,121.525902
1,2010/12/01,光之玫瑰管理委員會,新北市新店區安民街189－4號1樓,99店使字第332號,99,332,24.971021,121.516851
1,2010/12/06,博覽天下莫內社區管理委員會,新北市新店區安民街156巷26號,99店使字第233號,99,233,24.96993,121.517447
1,2011/01/27,新生新居管理委員會,新北市新店區新生街18巷13號5樓,99店使字第222號,99,222,24.966709,121.539936
1,2011/02/23,松漢大雅公寓大廈管理委員會,新北市新店區北新路一段2號11樓,99店使字第456號,99,456,24.965198,121.540792
1,2011/03/07,但以誠科技管理委員會,新北市新店區安祥路105號,99店使字第246號,99,246,24.961776,121.47889
1,2011/05/16,霞飛三期華廈管理委員會,新北市新店區中華路49號B1樓,99店使字第533號,99,533,24.967829,121.540024
1,2011/06/07,霞飛大道二期公寓大廈管理委員會,新北市新店區北新路一段271巷33號B1樓,100店使字第082號,100,082,24.96711,121.539773
1,2011/06/13,御景社區管理委員會,新北市新店區寶橋路78巷11號,99店使字第366號,99,366,24.974892,121.547229
1,2011/06/13,樂活公寓大廈管理委員會,新北市新店區安忠路57巷1－7號8樓,99店使字第358號,99,358,24.959467,121.513471
1,2011/06/29,寶橋大璽管理委員會,新北市新店區寶橋路85巷37號1樓,99店使字第175號,99,175,24.976362,121.54506
1,2011/07/15,環遊市西華館管理委員會,新北市新店區北新路二段126號1樓,95店使字第500號,95,500,24.974623,121.543124
1,2011/07/22,新陛潭社區管理委員會,新北市新店區北宜路二段30巷5弄20號1樓,99店使字第503號,99,503,24.950655,121.548732
1,2011/08/15,中央35公寓大廈管理委員會,新北市新店區中央三街35號2樓,99店使字第055號,99,055,24.974347,121.52816
1,2011/08/31,中央名門大廈管理委員會,新北市新店區中央五街108號2樓,99店使字第618號,99,618,24.976803,121.525281
1,2011/09/30,美麗國幸福特區管理委員會,新北市新店區北宜路二段421巷2弄9-19號,100店使字第196號,100,196,24.955096,121.561055
1,2011/09/05,家樂福新店城管理委員會,新北市新店區中興路三段1號,93店使字第505號,93,505,24.975878,121.546235
1,2011/09/19,千代田公寓大廈管理委員會,新北市新店區民族路48巷11號5樓,97店使字第755號,97,755,24.97916,121.539925
1,2011/11/29,中興馥社區管理委員會,新北市新店區中興路3段232號,100店使字第250號,100,250,24.983515,121.543377
1,2011/11/28,三和苑社區管理委員會,新北市新店區中正路227號,100店使字第017號,100,017,24.972968,121.539435
1,2011/11/28,三和元大廈管理委員會,新北市新店區中正路225號,100店使字第017號,100,017,24.972989,121.539517
1,2011/11/28,國礎富裔山社區管理委員會,新北市新店區華城66號之1 ,100店使字第189號,100,189,24.941891,121.538631
1,2011/12/27,遠東工業城六八特區管理委員會,新北市新店區中正路560巷8號4樓,69店使字第2940號,69,2940,24.986993,121.534595
1,2011/12/07,碧潭星光華廈管理委員會,新北市新店區新店路190號3樓,100店使字第159號,100,159,24.956122,121.537201
1,2011/12/08,中央雅居公寓大廈管理委員會,新北市新店區中央八街118號2樓,98店使字第746號,98,746,24.978123,121.525501
1,2011/12/30,首府林園社區管理委員會,新北市新店區中正路302巷5弄1號5樓,77店使字第1589號,77,1589,24.975501,121.538156
1,2011/12/08,山水大地社區管理委員會,新北市新店區國校路32－2號5樓,78店使字第1164號,78,1164,24.954277,121.537772
1,2010/01/15,台灣科技總部大樓管理委員會(補登資料),新北市新店區中興路二段190.192號B1樓,87店使字第467號,87,467,24.975881,121.546952
1,2010/07/07,陽光山莊管理委員會(補登資料),新北市新店區安祥路110巷23號6樓,85店使字第488號,85,488,24.955964,121.47376
1,2012/01/12,青山鎮四季特區管理委員會,新北市新店區青山路222號,100店使字第401號,100,401,24.951141,121.515989
1,2012/01/10,青山鎮二期三區管理委員會,新北市新店區青山路200號,100店使字第285號,100,285,24.94995,121.514765
1,2012/02/16,慈濟台北分院和氣樓公寓大廈管理負責人,新北市新店區建國路277號,99店使字第303號,99,303,24.984128,121.535615
1,2010/09/28,新店名家二期大廈管理委員會(補登資料),新北市新店區中央路107號,84店使字第026號,84,026,24.974665,121.531052
1,2012/03/02,北城心殿管理委員會,新北市新店區安康路二段118－1號,99店使字第406號,99,406,24.963156,121.512956
1,2012/03/15,新店微風碧潭社區管理委員會,新北市新店區花園二路一段11－601號,100店使字第502號,100,502,24.9326,121.555348
1,2012/04/03,中央國寶公寓大廈管理委員會,新北市新店區中央一街6號3樓,89店使字第626號,89,626,24.972722,121.528685
1,2012/05/02,長虹峰華管理委員會,新北市新店區北新路一段126巷32號1樓,100店使字第484號,100,484,24.969255,121.543529
1,2012/07/01,華太富御第六期管理委員會,新北市新店區中央二街42-1號,100店使字第462號,100,462,24.974032,121.527428
1,2012/07/02,新陞潭社區管理委員會(補登),新北市新店區北宜路二段30巷5弄2號,99店使字第503號,99,503,24.95074,121.548019
1,2012/07/03,博覽天下梵谷特區管理委員會,新北市新店區安民街156巷25號,101店使字第078號,101,078,24.970134,121.51761
1,2012/08/02,碧潭捷市管理委員會,新北市新店區北新路一段2-18號,101店使字第086號,101,086,24.96008,121.538636
1,2012/08/03,小雅苑公寓大廈管理委員會,新北市新店區寶強路2號,91店使字第558號,91,558,24.97803,121.54371
1,2012/09/07,輕川學大廈管理委員會,新北市新店區寶元路一段102號,84深使字第1416號,84,1416,24.983226,121.545036
1,2012/10/05,養心殿社區管理委員會,新北市新店區北新路一段96巷21號,98店使字第096號,98,096,24.968972,121.542661
1,2012/12/04,喜洋洋社區管理委員會(補登),新北市新店區裕合街1號,71店使字第663號,71,663,24.950073,121.489994
1,2013/01/02,宏達國際電子台北研發總部,新北市新店區中興路三段88號,101店使字第135號,101,135,24.979013,121.545742
1,2013/01/02,信園大廈管理委員會,新北市新店區建國路219之1號,86店使字第754號,86,754,24.981279,121.53753
1,2013/01/04,台北環球新銳管理委員會,新北市新店區寶高路7巷2號,78店使字第1427號,78,1427,24.977936,121.551655
1,2013/01/14,海岱別業管理委員會,新北市新店區明德路69巷1號,66店使字第2288號,66,2288,24.977499,121.541346
1,2013/01/25,中正丙區國宅社區管理委員會,新北市新店區中正路265巷1號,83店使字第320號,83,320,24.973735,121.53809
1,2013/01/31,國賓山莊管理委員會,新北市新店區安祥路108巷1號,101店使字第339號,101,339,24.958783,121.474907
1,2013/03/22,三輝君匯社區管理委員會,新北市新店區北新路三段17號,100店使字第378號,100,378,24.979711,121.541996
1,2013/03/22,城品大樓管理委員會,新北市新店區寶慶街35巷6~8號,101店使字第186號,101,186,24.986326,121.542919
1,2013/03/14,中央唯美公寓大廈管理委員會,新北市新店區中央五街72之1號,101店使字第246號,101,246,24.975854,121.526863
1,2013/04/24,山水畫樓A區管理委員會,新北市新店區安民街72號,80店使字第230號,80,230,24.966663,121.516588
1,2013/04/08,力通一品管理委員會,新北市新店區安德街46巷1號,101店使字第263號,101,263,24.962686,121.511097
1,2013/05/24,碧潭山水管理委員會,新北市新店區新店路211-2號等,101店使字第539號,101,539,24.956914,121.537092
1,2013/06/10,山水天廈社區管理委員會,新店區廣興路7號等,99店使字第576號,99,576,24.911902,121.546059
1,2013/06/10,敬園大廈管理委員會,新北市新店區中央一街2號等,98店使字第737號,98,737,24.972535,121.529055
1,2013/06/07,大坪林十四張中央段伍陸零地號翰林苑第一期,新北市新店區中央七街63號等,73店使字第1784號,73,1784,24.976386,121.527908
1,2013/06/27,青山鎮社區大公管理委員會,新店區頂城六街14號等,89店使字第070號,89,070,24.950282,121.516445
1,2013/07/25,花苑社區管理委員會,新北市新店區花園六路二段1-1至1-12號,101北水店使字第007號,101,007,24.933069,121.553484
1,2013/07/18,中央首鼎管理委員會,新北市新店區中央五街22號等,102店使字第016號,102,016,24.974398,121.529278
1,2013/07/18,富山大廈管理委員會,新北市新店區中興路一段66號等,101店使字第508號,101,508,24.959769,121.539469
1,2013/08/27,山玥公寓大廈管理委員會,新北市新店區北宜路一段115巷2號等,101店使字第450號,101,450,24.954218,121.540492
1,2013/10/21,中興花都公寓大廈管理委員會(補登),新北市新店區中興路一段267-1號等,85店使字第600號,85,600,24.967773,121.544867
1,2013/11/28,達觀22巷社區管理委員會,新北市新店區達觀路22巷1、2號等,85店使字第978號,85,978,24.94225,121.501853
1,2013/11/28,達觀168社區管理委員會,新北市新店區達觀路16、18號,85店使字第698號,85,698,24.938094,121.503089
1,2013/11/28,達觀快樂20社區管理委員會,新北市新店區達觀路20號,85店使字第718號,85,718,24.941679,121.501258
1,2013/11/22,達觀A5社區管理委員會,新北市新店區達觀路24~30號,85店使字第153號,85,153,24.938094,121.503089
1,2013/11/22,大邑禮居管理委員會,新北市新店區大同街19號,101店使字第452號,101,452,24.980362,121.538979
1,2013/12/26,御藏社區管理委員會,新北市新店區大新街7巷19號等,102店使字第342號,102,342,24.968024,121.544012
1,2014/01/07,中興A計劃社區管理委員會,新北市新店區寶橋路140巷11號等,101店使字第503號,101,503,24.975576,121.54868
1,2014/01/08,石上清泉管理委員會(補登資料),新北市新店區禾豐六路100號等,85北水使字第028號,85,028,24.931726,121.511743
1,2014/02/27,華園公寓大廈管理委員會,新北市新店區中華路47巷2弄15號等,102店使字第396號,102,396,24.968067,121.539199
1,2014/02/24,陶品居3管理委員會,新北市新店區中央六街96號等,101店使字第460號,101,460,24.976883,121.526092
1,2014/02/06,行政雅苑管理委員會,新北市新店區行政街17巷14號,81店使字第501號,81,501,24.967032,121.543009
1,2014/03/04,昱泰玥然社區管理委員會,新北市新店區民權路42巷7號等,102店使字第041號,102,041,24.983287,121.540034
1,2014/03/25,名水漾管理委員會,新北市新店區環河路1-1號等,102店使字第447號,102,447,24.961366,121.538148
1,2014/03/07,美河市公寓大廈管理委員會,新北市新店區中央路153號等,101店使字第475號,101,475,24.972966,121.52992
1,2014/04/30,博覽天下塞尚特區管理委員會,新北市新店區安民街158號等,102店使字第071號,102,071,24.970226,121.516779
1,2014/04/15,廣乙星城公寓大廈管理委員會,新北市新店區檳榔路53巷2號等,102店使字第448號,102,448,24.963101,121.543449
1,2014/05/22,山河苑大廈管理委員會,新北市新店區中興路一段48號等,102店使字第151號,102,151,24.959253,121.539075
1,2014/05/09,青山鎮青擘特區管理委員會,新北市新店區青山路69巷6號等,102店使字第601號,102,601,24.947536,121.515189
1,2014/06/25,雅翠樓住戶管理委員會,新北市新店區北宜路二段65號等,83店使字第623號,83,623,24.95159,121.549341
1,2014/06/30,錦園雅築管理委員會,新北市新店區五峰路63巷8弄78號B1,73店使字第949號,73,949,24.968312,121.547872
1,2014/06/30,寶徠花園社區管理委員會,新北市新店區寶橋路85巷50號,102店使字第463號,102,463,24.976803,121.54495
1,2014/07/31,歐印米諾社區管理委員會,新北市新店區禾豐六路17巷2-8(雙)號及19巷1-5(單)號,101北水使字第010號,101,010,24.932033,121.516098
1,1999/02/25,凱撒我家管理委員會(補全報備資料),"新北市新店區中興路一段168,170號等",87店使字第606號,87,606,24.969912,121.546576
1,2014/08/19,東陽臻堡社區管理委員會,新北市新店區新店路162號等,103店使字第002號,103,002,24.955576,121.537201
1,2014/09/18,國賓大苑管理委員會,新北市新店區太平路10號等,102店使字第472號,102,472,24.9581,121.534161
1,2014/09/01,小城臻堡管理委員會舌理負責人,新北市新店區僑信路66之1號,101店使字第391號,101,391,24.949313,121.499304
1,2014/09/10,翰林苑一期住戶管委會,新店區中央七街63至71之1號(單)、中央八街64至73號及75號,73店使字第1784號,73,1784,24.976582,121.527582
1,2014/10/08,新普國玉社區管理委員會,新北市新店區禾和一街61、63、65號及華城六街261、263、265號,102北水使字第002號,102,002,24.9245,121.506474
1,2014/11/11,唐寧街59號管理委員會,新北市新店區中央五街59號等,102店使字第354號,102,354,24.975688,121.527632
1,2014/11/19,林豐儀公寓大廈管理委員會,新北市新店區華城路77巷2及6號,103店使字第281號,103,281,24.94637,121.522657
1,2014/10/27,美麗殿社區公寓大廈管理委員會,新北市新店區北新路一段126巷21號,102店使字第630號,102,630,24.969459,121.543372
1,2014/11/27,唐寧街30號管理委員會,新北市新店區中央四街30號,102店使字第433號,102,433,24.974359,121.528594
1,2014/12/25,敦揚大廈管理委員會,新北市新店區安祥路105至107號等,99店使字第246號,99,246,24.961568,121.478966
1,2014/11/27,風華社區管理委員會,新北市新店區安成街2巷1號等,103店使字第263號,103,263,24.96044,121.51109
1,2015/01/26,萊茵河畔管理委員會,新北市新店區環河路60至66雙號,85店使字第602號,85,602,24.961366,121.538148
1,2015/01/26,玉上園社區管理委員會,新北市新店區寶橋路78巷88號(服務中心),102店使字第393號,102,393,24.97373,121.546632
1,2015/03/02,小惠國管理委員會,新北市新店區中興路二段99巷2號,102店使字第351號,102,351,24.972083,121.546724
1,2015/04/14,碧潭國璽大廈管理委員會,新北市新店區中興路一段12號等,102店使字第241號,102,241,24.957998,121.538518
1,2015/03/31,邑境居公寓大廈管理委員會,新北市新店區中央里2鄰中央二街23號,103店使字第162號,103,162,24.973617,121.52855
1,2015/04/21,水岸雅居管理委員會,新北市新店區直潭二街9號,103店使字第485號,103,485,24.942684,121.535642
1,2015/06/29,美福樓管理委員會,新店區花園十路二段7-506號,70店使字第4241號,70,4241,24.934265,121.554265
1,2015/07/03,紀公館公寓大廈管理委員會,新店區中央六街72號2樓,104店使字第135號,104,135,24.97623,121.527137
1,2015/07/06,中央臻邸,新店區中央六街75號7樓,104店使字第096號,104,096,24.976409,121.527117
1,2015/07/03,黃公館,新店區中央七街116號4樓,100店使字第072號,100,072,24.977757,121.525434
1,2015/08/17,美實家公寓大廈管理委員會,新店區中正路418巷18號4樓,103店使字第352號,103,352,24.978307,121.534809
1,2015/08/19,新北市新店地區農會大樓,新店區光明街98-1號,104店使字第44號,104,44,24.960374,121.539114
1,2015/09/11,玖宜美學社區公寓大廈管理委員會,新店區安忠路57巷26弄8號5樓,103店使字第416號,103,416,24.958693,121.512699
1,2015/09/30,舞立方,新店區中正路247巷25弄11號2樓,104店使字第142號,104,142,24.972429,121.538946
1,2015/09/30,碧潭之丘公寓大廈管理委員會,新店區能仁街12號12樓,104店使字第138號,104,138,24.955524,121.540612
1,2015/10/29,御中央社區,新店區中央三街29號8樓,104店使字第79號,104,79,24.974202,121.528442
1,2015/10/23,極麗社區,新店區北宜路一段78號,104店使字第183號,104,183,24.955719,121.538524
1,2015/11/27,合環御寶社區管理委員會,新店區寶強路8號,103店使字第40號,103,40,24.978885,121.543591
1,2015/11/05,唐寧街九號管理委員會,新店區中央五街43號,104店使字第25號,104,25,24.975234,121.52835
1,2016/01/11,敦南花園別墅社區管理委員會,新店區安興路95巷50號,102店使字第00546號,102,00546,24.977326,121.512154
1,2016/02/16,白金大廈管理負責人,新店區安興路83-1號5樓,104店使字第00351號,104,00351,24.975425,121.515297
1,2016/03/28,璦丁堡社區管理委員會,新北市新店區安泰路16號,104店使字第00430號,104,00430,24.948546,121.485387
1,2016/03/31,吉美君品管委會,新北市新店區中正路67號,104店使字第00255號,104,00255,24.969925,121.543931
1,2016/05/10,楊公館公寓大廈管理委員會,新北市新店區中央六街77號,105店使字第00055號,105,00055,24.976459,121.527032
1,2016/05/16,陳建宏管理負責人,新北市新店區中央六街46號,102店使字第00483號,102,00483,24.975472,121.528392
1,2016/05/16,鄭道慶管理負責人,新北市新店區中央二街33號,105店使字第00429號,105,00429,24.973935,121.528008
1,2016/05/26,富貴園公寓大廈管理委員會,新北市新店區光華街8巷21號,83店使字第0163號,83,0163,24.969666,121.517979
1,2016/05/31,博覽天下高更特區管理委員會,新北市新店區安民街154號,102店使字第00220號,102,00220,24.969998,121.516771
1,2016/07/14,碧潭新境管理委員會,新北市新店區北宜路一段39巷27號,104店使字第00490號,104,00490,24.958068,121.539384
1,2016/07/19,隱中央管理委員會,新北市新店區中央五街40號,103店使字第00279號,103,00279,24.974924,121.528377
1,2016/08/03,綠野山莊管理委員會,新北市新店區雙城路93號,68店使字第572號,68,572,24.949821,121.493323
1,2016/08/11,上碧潭社區管理委員會,新北市新店區太平路25號,104店使字第00621號,104,00621,24.958098,121.53385
1,2016/08/25,雲端社區管理負責人,新北市新店區華城三路1巷3.-13-1等(單號),102北水015,102,015,24.930043,121.50282
1,2016/09/14,美麗國社區管理委員會,新北市新店區北宜路二段421巷2弄21號,102店使字第490號,102,490,24.955826,121.561038
1,2016/09/26,寶之林乙社區管理委員會,新北市新店區安德街66號,84店使字第757號,84,757,24.961933,121.510496
1,2016/10/27,晶喜公寓大廈管理委員會,新北市新店區安康路3段361號,105店使字第00286號,105,00286,24.950735,121.48399
1,2016/11/03,第五大道大廈管理委員會,新北市新店區中央五街21號,105店使字第00232號,105,00232,24.97462,121.529386
1,2016/11/09,吉祥園社區管理委員會,新北市新店區吉祥街1巷24-60號,69店使字第3887-19號,69,3887,24.948796,121.498256
1,2016/11/10,水美安康社區管理委員會,新北市新店區安康路1段169-173號,105店使字第00178號,105,00178,24.962292,121.526938
1,2016/11/06,玫瑰路五十七巷管理委員會,新北市新店區玫瑰路57巷1-48號,78店使字第1892號,78,1892,24.946338,121.495842
1,2016/11/16,及人吉第管理委員會,新北市新店區安民街21-21之3號,85店使字第00520號,85,00520,24.964963,121.515349
1,2016/08/12,美河市商場管理負責人,新北市新店區中央路153號,101店使字第00475號,101,00475,24.972966,121.52992
1,2016/12/14,新店台北華廈管理委員會,新北市新店區民權路119單號,78店使字第735號,78,735,24.983056,121.542756
1,2016/12/09,中央靜觀管理委員,新北市新店區中央七街85號,103店使字第00533號,103,00533,24.977079,121.526833
1,2016/12/20,玫瑰路61巷住戶管理委員會,新北市新店區玫瑰路61巷1號,78店使字第1892號,78,1892,24.945436,121.496027
1,2016/12/29,愛漂亮公寓大廈管理委員會,新北市新店區安德街74巷6號,105店使字第00154號,105,00154,24.961966,121.510175
1,2017/01/09,碧潭水悅管理委員會,新北市新店區新店路128號,105店使字第00359號,105,00359,24.955079,121.53718
1,2017/01/12,中央六合院公寓大廈管理負責人,新北市新店區中央七街48號,105店使字第00492號,105,00492,24.975877,121.528519
1,2017/01/25,潤泰華城社區管理委員會,新北市新店區華城路99巷2號,87店使字第00037號,87,00037,24.933264,121.513921
1,2017/02/13,國泰雙璽社區管理委員會,新北市新店區光明街226號等,105店使字第00231號,105,00231,24.963139,121.540187
1,2017/03/31,富貴雙全公寓大廈管理委員會,新北市新店區中正路409巷50號等,105店使字第00049,105,00049,24.976597,121.533277
1,2017/03/31,新店區玫瑰路五十九巷管理委員會,新北市新店區玫瑰路59巷1號等,78店使字第00980號,78,00980,24.945898,121.49599
1,2017/04/05,祥和園管理委員會,新北市新店區吉祥街1巷24號等,78店使字第00253號,78,00253,24.948796,121.498256
1,2017/05/10,百樂家園管理委員會,新北市新店區明德路11巷2號等,67店使字第00679號,67,00679,24.976806,121.54225
1,2017/05/26,中正大道大樓管理委員會,新北市新店區中正路619號等,86店使字第00871號,86,00871,24.988923,121.533804
1,2017/05/18,將捷家和社區管理委員會,新北市新店區安和路1段25號等,105店使字第00443號,105,00443,24.965235,121.516977
1,2017/06/14,松隱管理委員會,新北市新店區中央五街102號等,103店使字第00138號,103,00138,24.976669,121.52549
1,2017/07/10,巴黎皇宮社區管理委員會,新北市新店區中興路2段37號等,105店使字第00393號,105,00393,24.969916,121.546058
1,2017/07/21,成美管理負責人,新北市新店區安德街26巷1號等,106店使字第00189號,106,00189,24.963121,121.511635
1,2017/07/27,青潭湛社區管理委員會,新北市新店區北宜路2段345號等,105店使字第00099號,105,00099,24.954198,121.557775
1,2017/07/31,如意園管理委員會,新北市新店區百忍街46、48號,92店使字第00536號,92,00536,24.97717,121.532747
1,2017/09/08,K6湛社區管理委員會,新北市新店區安德街2~22號,105店使字第00248號,105,00248,24.959008,121.508708
1,2017/11/30,清水居公寓大廈管理負責人,新北市新店區中央六街58號,106店使字第00426號,106,00426,24.975814,121.527829
1,2017/12/15,吉成工商園區管理委員會(第一次成立),新北市新店區中正路542-1號2樓,74店使字第01622號,74,01622,24.984615,121.533781
1,2018/01/19,威樂社區管理委員會(70店使字第04258號) 威樂社區管理委員會(72店使字第00994號) 威樂社區管理委員會(87店使字第00770號) 威樂社區管理委員會(79店使字第01452號),新北市新店區五峰路63巷8弄2號,70店使字第04258號 72店使字第00994號 87店使字第00770號 79店使字第01452號,70,04258,24.968501,121.546701
1,2018/01/23,富裔河社區管理委員會(第一次成立),新北市新店區復興路100、102號1樓,105店使字第00366號,105,00366,24.988489,121.531589
1,2018/02/27,園頂社區管理委員會,新北市新店區中興路二段147-189號,104店使字第00138號,104,00138,24.972626,121.547644
1,2018/03/09,馨園管理委員會,新北市新店區吉祥街9巷17號,78店使字第00253號,78,00253,24.947015,121.498056
1,2018/03/19,勝旺有境社區管理委員會,新北市新店區安光路20號一樓管理室,106店使字第00161號,106,00161,24.963863,121.511979
1,2018/03/28,光洛安康大廈管理委員會,新北市新店區安康路三段198號,105店使字第00424號,105,00424,24.951936,121.488979
1,2018/03/20,直潭社區住戶管理委員會,新北市新店區直潭一街1號,96店使字第00356號等,96,00356,24.943178,121.53592
1,2018/04/24,直潭邱公館管理委員會,新北市新店區直潭二街32號2樓,107店使字第00016號,107,00016,24.941676,121.535228
1,2018/04/13,花園新城鳳凰樓管理委員會,新北市新店區花園二路一段11號,65店使字第01952號,65,01952,24.9326,121.555348
1,2016/08/12,樺福大坪林管理委員會(1070416補登),新北市新店區北新路三段120號等,104店使字第00614號,104,00614,24.981742,121.541736
1,2018/05/10,花園新城長青樓管理委員會,新北市新店區花園十路1段5號,69店使字第02443號,69,02443,24.933992,121.553999
1,2018/05/14,合唐儷賞社區管理委員會,新北市新店區安忠路84巷1-2號1樓,104店使字第00326號,104,00326,24.958894,121.511594
1,2018/05/31,生活大師管理委員會,新北市新店區二十張路3號,77店使字第01264號,77,01264,24.982724,121.540304
1,2018/07/03,龍門居社區管理委員會,新北市新店區五峰路46-1號5樓,075店使字第00532號,075,00532,24.968634,121.544689
1,2018/08/03,富琚社區管理委員會,新北市新店區中華路41、43、45號1樓管理室,107店使字第00065號,107,00065,24.970276,121.538196
1,2018/08/08,晴山匯社區管理委員會,新北市新店區青山路399巷1號,104店使字第00226號,104,00226,24.953218,121.523719
1,2018/07/16,安泰華廈社區管理委員會,新北市新店區安康路三段287號7樓 ,106店使字第00572號,106,00572,24.951395,121.485933
1,2018/06/27,銘泉大樓管理委員會,新北市新店區中興路2段189號 ,107店使字第00229號,107,00229,24.973032,121.54787
1,2018/12/09,玖宜御林園社區管理委員會,新北市新店區安忠路57巷21號1樓 ,106店使字第00020號,106,00020,24.958348,121.513307
1,2018/12/20,"直潭進福居管理委員會(1080102補登,公所疏漏未登錄智慧APP)",新北市新店區直潭五街11號3樓 ,107店使字第00240號,107,00240,24.941269,121.534687
1,2018/10/19,北新官邸公寓大廈管理委員會,新北市新店區北新路1段128號 ,107店使字第00041號,107,00041,24.969926,121.542486
1,2019/12/20,華固華城管理委員會(補登1080325),新北市新店區禾豐一路11號 ,102北水使字第00007號 102北水使字第00008號 102北水使字第00010號 102北水使字第00011號,102,00007,24.933835,121.513769
1,2019/04/22,達觀鎮社區大公管理委員會,新北市新店區達觀路38號,85店使字第00153號等11張使照,85,00153,24.939359,121.502313
1,2019/05/10,興森活B區社區管理委員會,新北市新店區安德街60巷11-1號5樓,107店使字第00132號,107,00132,24.962526,121.510452
1,2019/05/13,建國芳鄰華廈管理委員會,新北市新店區建國路120號8樓,83店使字第00610號,83,00610,24.9787,121.539255
1,2019/03/11,榮逸家園管理委員會(10805補登),新北市新店區中央里11鄰中央五街85號7樓 ,107店使字第00393號,107,00393,24.976348,121.526336
1,2018/12/04,大坪林雙子星大樓管理委員會(1080617補登),新北市新店區順安街58號 ,107店使字第00028號,107,00028,24.98621,121.540954
1,2019/07/12,康橋旭社區管理委員會,新北市新店區華城路501號,(107)北水使字第018號-經濟部水利署臺北水源特定區管理局,107,018,24.914508,121.503435
1,2019/08/01,御中央二期社區管理委員會,新北市新店區中央四街42號,106店使字第00537號,106,00537,24.974726,121.527986
1,2018/11/23,東坡小雅管理委員會(10808補登),新北市新店區新坡一街69號,084店使字第00876號,084,00876,24.963882,121.54957
1,2019/09/19,福園管理委員會,新北市新店區三民路159巷19弄2號,107店使字第00196號,107,00196,24.974135,121.532729
1,2019/09/23,雙捷WIN公寓大廈管理委員會,新北市新店區文化路118~126號,108店使字第00079號,108,00079,24.982737,121.545415
1,2019/10/09,捷運楓華公寓大廈管理委員會,新北市新店區中華路22~32號,108店使字第00044號,108,00044,24.970276,121.538196
1,2019/11/15,元寶双囍社區管理委員會,新北市新店區光華街12號,107店使字第00050號,107,00050,24.969163,121.51756
1,2018/11/27,美河市住辦區管理委員會(1081106補登),新北市新店區中央路153~155號6樓,101店使字第00475號,101,00475,24.972463,121.529138
1,2020/01/13,百景大廈管理委員會,新北市新店區北新路1段100號,105店使字第00375號,105,00375,24.969294,121.542295
1,2020/01/22,觀嵐社區管理委員會,新北市新店區北宜路2段392巷9~17號,104店使字第00545號,104,00545,24.95212,121.566565
1,2020/02/17,逸品琚管理委員會,新北市新店區禾豐七路125號,107北水使字第00069號,107,00069,24.931944,121.50536
1,2018/11/30,興森活A區社區管理委員會-10904補登,新北市新店區安德街60巷11號,107店使字第00112號,107,00112,24.962418,121.510403
1,2020/03/20,合陽天擎社區管理委員會,新北市新店區安光路25-75號,107店使字第00392號,107,00392,24.964428,121.513386
1,2020/04/29,友座臻美管理委員會,新北市新店區明德里4鄰民族路15號,108店使字第00222號,108,00222,24.978684,121.541426
1,2020/05/21,皇家城堡爵座公寓大廈管理委員會,新北市新店區光華街20巷11號B1,085店使字第01362號,085,01362,24.969617,121.517186
1,2020/06/19,唐寧街45號管理委員會,新北市新店區中央里13鄰中央六街45號6樓,107店使字第00407號,107,00407,24.975635,121.528491
1,2020/07/13,寶穩安邸社區管理委員會,新北市新店區仁愛里1鄰北新路2段27-3號,107店使字第00381號,107,00381,24.97218,121.542771
1,2020/08/26,北新路LEXUS大樓管理負責人,新北市新店區北新路3段195號,108店使字第00162號,108,00162,24.984691,121.540711
1,2020/09/18,W太子社區管理委員會,新北市新店區北新路1段126巷2號,108店使字第00294號,108,00294,24.969656,121.542433
1,2020/10/26,新店富寓社區管理委員會,新北市新店區櫻花街131號B1,"108店使字第00101號
105店建字第00014號",108,00101,24.922166,121.547752
1,2020/10/26,明德華廈管理負責人,新北市新店區明德路65巷5號1樓,68店字第2083號,68,2083,24.976737,121.541219
1,2020/11/13,琢青住商公寓大廈管理委員會,新北市新店區北新路一段136至150號1樓,107店使字第00178號,107,00178,24.9706,121.542798
1,2020/11/26,華太美力管理委員會,新北市新店區中興里4鄰北新路一段64巷41號7樓,108店使字第00016號,108,00016,24.96563,121.542275
1,2021/01/03,淳瀞社區管理委員會,新北市新店區安光路15巷18~22號,106店字第00557號,106,00557,24.963396,121.512182
1,2021/01/15,富貴大樓管理負責人,新北市新店區安康路2段418號,109店使字第00286號,109,00286,24.955244,121.49629
1,2021/01/16,璞御社區管理委員會,新北市新店區中興路2段251號,108店使字第00426號,108,00426,24.975766,121.547045
1,2021/01/21,水中央社區管委會,新北市新店區中央一街27號4樓,105店使字第00468號,105,00468,24.973379,121.528111
1,2021/02/07,中央Holiday社區管理委員會,新北市新店區中央四街92號4樓,106店使字第00337號,106,00337,24.976103,121.525688
1,2021/02/14,明德華園管理負責人,新北市新店區明德路71-1號5樓,75店使字第606號,75,606,24.977653,121.541368
1,2021/02/16,伴山別墅社區管理委員會,新北市新店區安祥路152巷2號,107店使字第00438號,107,00438,24.95369,121.473258
1,2021/02/22,碧波白社區管理委員會,新北市新店區北新路1段73~81號,108店使字第00432號,108,00432,24.969574,121.541909
1,2021/03/04,中央名家大廈管理委員會,新北市新店區中央路123號8樓,77店使字第1550號,77,1550,24.974197,121.530709
1,2021/03/10,萬盟工業園區管理委員會,新北市新店區中正路499號3樓,79店使字第040號,79,040,24.983505,121.533574
1,2021/03/21,宜家我家社區管理委員會,新北市新店區安康路3段413號,109店使字第00340號,109,00340,24.950026,121.483429
1,2021/04/11,幸安居大廈管理負責人,新北市新店區順安街26號,110店使字第00029號,110,00029,24.985391,121.541088
1,2021/04/25,一間公寓大廈管委會,新北市新店區五峰路120號1樓,108店使字第00124號,108,00124,24.966515,121.544953
1,2021/04/28,新店市政廳管理委員會,新北市新店區中興里7鄰北新路一段76號21樓之7,109店使字第00222號,109,00222,24.96675,121.542063
1,2021/06/10,冠德創新殿管理委員會,新北市新店區北新路1段76號1樓 ,109店使字第00222號,109,00222,24.96675,121.542063
1,2021/06/11,碧澄社區大廈管理委員會,新北市新店區青山路311號旁(會議室),107店使字第00156號,107,00156,24.952833,121.522257
1,2021/07/12,御中央第三期社區管理委員會,新北市新店區斯馨路71巷60號,107店建字第00164號,107,00164,24.978899,121.529729
1,2021/08/02,碧澄二社區大廈管理負責人,新北市新店區華城路56號B1,108店使字第00228號,108,00228,24.952055,121.524199
1,2021/09/27,真明公寓大廈管理負責人,新北市新店區中央六街39號1樓,87店使字第583號,87,583,24.975438,121.528769
1,2021/11/05,法樂社區管理委員會,新北市新店區中興路2段31巷8-18號,107店使字第458號,107,458,24.969968,121.545924
1,2021/12/09,鈞豐雅築社區管理負責人,新北市新店區中央七街42號,110店使字第001號,110,001,24.975725,121.528822
1,2021/12/27,鈞豐御璽社區管理委員會,新北市新店區中央七街42-1號,110店使字第001號,110,001,24.975767,121.528732
1,2022/01/19,一畝田公寓大廈管理委員會,新北市新店區安康路3段173號6樓,110店使字第252號,110,252,24.951699,121.489313
1,2022/01/22,敦南仰望社區管理委員會,新北市新店區中正路703號(管理室),105店使字第395號,105,395,24.990929,121.533851
1,2022/02/10,禾禾好好社區管理委員會,新北市新店區十四張路63號,110店使字第248號,110,248,24.979032,121.532417
1,2022/03/01,國泰豐格社區管理委員會,新北市新店區中山路6號,110店使字第290號,110,290,24.97912,121.525012
1,2011/02/21,幸福皇居幸福特區公寓大廈管理委員會,新北市新莊區福樂街56巷23號7樓,99莊使字第276號,99,276,25.046258,121.45916
1,2011/03/03,立人公寓大廈管理委員會,新北市新莊區文德里9鄰中正路175－1號6樓,67莊使字第2860號,67,2860,25.036422,121.454286
1,2011/03/08,美家社區管理委員會,新北市新莊區五工三路78巷19號5樓,98莊使字第480號,98,480,25.065763,121.459549
1,2011/03/28,優越空間大廈管理委員會,新北市新莊區復興路二段22號7樓,83莊使字第269號,83,269,25.043899,121.454302
1,2011/03/22,雅緻園大廈管理委員會,新北市新莊區八德街125號3樓,83莊使字第863號,83,863,25.020603,121.424002
1,2011/05/31,捷運好境社區管理委員會,新北市新莊區中正路893巷108號4樓,99莊使字第362號,99,362,25.02041,121.414607
1,2011/06/24,茂金金典管理委員會,新北市新莊區頭前路113號6樓,99莊使字第398號,99,398,25.052244,121.464205
1,2011/07/06,喜多工業城管理委員會,新北市新莊區新樹路288－11號,100莊使字第003號,100,003,25.012532,121.431766
1,2011/07/19,新至陞科技股份有限公司總部大樓管理負責人,新北市新莊區化成路11巷36號,100莊使字第009號,100,009,25.043479,121.463607
1,2011/07/22,恩滿華廈公寓大廈管理負責人,新北市新莊區福興里6鄰五工路68巷1號7樓,100莊使字第092號,100,092,25.063901,121.458225
1,2011/09/21,陳裔桎公寓大廈管理委員會,新北市新莊區化成路113巷34號,100莊使字第320號,100,320,25.047207,121.464806
1,2011/09/28,藝術首席社區管理委員會,新北市新莊區思源路230巷60號,100莊使字第134號,100,134,25.048487,121.461299
1,2011/10/27,上和苑社區管理委員會,新北市新莊區福德二街92號,100莊使字第195號,100,195,25.057344,121.460819
1,2011/11/18,雙鳳社區管理委員會,新北市新莊區中正路726-5號,100莊使字第167號,100,167,25.024196,121.415645
1,2011/11/17,賀電實業公寓大廈管理委員會,新北市新莊區新樹路268巷45號,100莊使字第434號,100,434,25.016611,121.430769
1,2003/12/02,麗寶學園公寓大廈管理委員會(補登資料),新北市新莊區富國路109巷3號,80莊使字第1393號,80,1393,25.025272,121.423683
1,2011/12/20,皇佳公寓大廈管理負責人,新北市新莊區中港路366號7樓,100莊使字第102號,100,102,25.047093,121.452246
1,2011/12/14,美洲青年城管理委員會,新北市新莊區西盛街395巷29弄11號6樓,81莊使字第1465號,81,1465,25.011956,121.428548
1,2011/12/01,達麗首席社區管理委員會,新北市新莊區福美街62巷11號,100莊使字第225號,100,225,25.055119,121.462052
1,2011/12/01,大佳園社區管理委員會,新北市新莊區中和街186巷2弄1號3樓,78莊使字第226號,78,226,25.049678,121.447798
1,2012/02/23,公園首席管理委員會,新北市新莊區思源路192巷60號18樓,100莊使字第390號,100,390,25.04821,121.461517
1,2012/03/29,皇家璽苑社區管理委員會,新北市新莊區復興路二段139號,100莊使字第486號,100,486,25.044445,121.457454
1,2012/06/09,敬賢社區管理委員會,新北市新莊區福營路163號,101莊使字第035號,101,035,25.03125,121.431897
1,2012/06/10,鄉林淳風公寓大廈管理委員會,新北市新莊區福美街128巷2號,100莊使字第526號,100,526,25.058,121.460842
1,2012/07/08,捷運躍境社區管理委員會,新北市新莊區中正路893巷8號,100莊使字第269號,100,269,25.020862,121.413363
1,2012/08/08,朕權社區管理委員會,新北市新莊區思源路230巷37號,101莊使字第034號,101,034,25.048981,121.461116
1,2012/08/09,全坤峰華公園館管理委員會,新北市新莊區頭前路131號,101莊使字第165號,101,165,25.05225,121.461696
1,2012/09/06,鳳捷運商城第二期管理委員會,新北市新莊區中正路721巷1號,77莊使字第1630號,77,1630,25.028813,121.423875
1,2012/09/07,新春城公寓大廈管理委員,新北市新莊區中正路721巷1號,77莊使字第1526號,77,1526,25.028813,121.423875
1,2012/09/08,新春城公寓大廈管理委員,新北市新莊區中正路721巷1號,100莊使字第248號,100,248,25.028813,121.423875
1,2012/10/04,幸福皇居特區管理委員會,新北市新莊區福樂街88巷20號,101莊使字第080號,101,080,25.047063,121.458321
1,2012/10/10,全坤峰華國際館,新北市新莊區福德三街30號,101莊使字第181號,101,181,25.058952,121.461721
1,2012/11/05,富利.天廈社區管理委員會,新北市新莊區龍安路1號,101莊使字第197號,101,197,25.022974,121.414415
1,2012/11/06,一方林映社區管理委員,新北市新莊區思源路370巷58號,101莊使字第017號,101,017,25.051549,121.461063
1,2012/11/22,璞築公寓大廈管理委員會(補),新北市新莊區思源路166巷27號,101莊使字第304號,101,304,25.047944,121.460759
1,2012/12/07,萊茵麗池公寓大廈管理委員會,新北市新莊區中華路二段189號,99莊使字第421號,99,421,25.052482,121.452285
1,2012/12/08,五星尊爵NO.7公寓大廈管理委員會,新北市新莊區福德一街41-47號,100莊使字第568號,100,568,25.056016,121.462351
1,2012/12/09,綠藝首席這區管理委員會,新北市新莊區福德三街23號,101莊使字第268號,101,268,25.058699,121.461712
1,2013/01/10,傳家一品公寓大廈管理委員會,新北市新莊區民安西路315號,101莊使字第198號,101,198,25.011305,121.427415
1,2013/01/30,翫賞苑社區管理委員會,新北市新莊區福前街249號,101莊使字第386號,101,386,25.058254,121.4625
1,2013/02/06,家麒新天地園區管理委員會,新北市新莊區瓊林南路118-27號,98莊使字第0719號,98,0719,25.01065,121.433795
1,2013/02/08,大魯閣新莊管負責人謝國棟,新北市新莊區中正路617號,99莊使字第0567號,99,0567,25.031846,121.432359
1,2013/03/21,忠承星鑽第八期公寓大廈管理委員會,新北市新莊區中平路379號,101莊使字第289號,101,289,25.052712,121.444503
1,2013/03/28,美麗春城公寓大廈管理委員會,新北市新莊區福德二街35號,100莊使字第376號,100,376,25.057137,121.462466
1,2013/03/20,美樹首席公寓大廈管理委員會,新北市新莊區福美街62巷7號,101莊使字第403號,101,403,25.055094,121.461648
1,2013/03/19,沃朵夫公寓大廈管理委員會,新北市新莊區福美街128巷68號,101莊使字第394號,101,394,25.058012,121.462532
1,2013/03/15,誠管理委員會,新北市新莊區福德一街33號,101莊使字第420號,101,420,25.056047,121.46267
1,2013/03/12,典藏傳家公寓大廈管理委員會,新北市新莊區復興路二段148號,101莊使字第287號,101,287,25.044274,121.457655
1,2013/03/07,四季館社區管理委員會,新北市新莊區福德二街50號,101莊使字第317號,101,317,25.05732,121.462232
1,2013/04/24,清波富悅公寓大廈管理委員會,新北市新莊區中興街43號,101莊使字第095號,101,095,25.036949,121.449192
1,2013/04/16,文華居社區管理委員會,新北市新莊區昌德街33-35號,101莊使字第461號,101,461,25.054912,121.456895
1,2013/04/09,易鈿公寓大廈管理負責人,"新北市新莊區後港一路169,171號",101莊使字第217號,101,217,25.028302,121.434541
1,2013/05/17,亞昕平方社區管理委員會,"新北市新莊區中原東路198,198-1,198-2號",101莊使字第527號,101,527,25.054493,121.460325
1,2013/05/09,美學CEO社區管理委員會,新北市新莊區福德一街66號等,101莊使字第136號,101,136,25.056197,121.461978
1,2013/05/06,鼎上苑公寓大廈管理委員會,"新北市新莊區建安街67,69號",101莊使字第401號,101,401,25.023887,121.425959
1,2013/05/03,幸福公園社區管理委員會,新北市新莊區幸福東路106號等,101莊使字第485號,101,485,25.049569,121.463198
1,2013/05/20,吉品社區管理負責人,"新北市新莊區五工一路97巷5,7號各2-5樓",100莊使字第262號,100,262,25.067609,121.46014
1,2013/07/04,新莊寶雅公寓大廈管理委員會,新北市新莊區龍安路252號等,101莊使字第257號,101,257,25.019563,121.421079
1,2013/07/23,昔詩管理委員會,新北市新莊區思源路388號等,101莊使字第330號,101,330,25.051597,121.45963
1,2013/07/17,長榮凱悅公寓大廈管理委員會,新北市新莊區中正路891之51號等,99莊使字第395號,99,395,25.022102,121.412516
1,2013/06/28,民安佳園管理委員會,新北市新莊區民安西路236巷1號等,86莊使字第718號,86,718,25.014185,121.425708
1,2013/07/02,一方城心社區管理委員會,新北市新莊區頭興街110號等,101莊使字第202號,101,202,25.05365,121.462438
1,2013/08/26,捷運家境社區管理委員會,新北市新莊區中正路893巷42號等,101莊使字第525號,101,525,25.02055,121.414007
1,2013/09/03,一品莊社區管理委員會,新北市新莊區中原東路89巷16號等,101莊使字第546號,101,546,25.054161,121.462363
1,2013/09/03,宗瑋義蓮廠管理負責人,新北市新莊區新樹路268巷57號等,100莊使字第537號,100,537,25.017374,121.430453
1,2013/10/15,天子社區管理委員會,新北市新莊區幸福東路115號等,102莊使字第069號,102,069,25.049242,121.461575
1,2013/10/09,興天地管理委員會,新北市新莊區福美街56號,102莊使字第098號,102,098,25.054189,121.460849
1,2013/10/03,僑星典華社區管理委員會,新北市新莊區明中街49巷22號等,101莊使字第283號,101,283,25.038827,121.456286
1,2013/12/30,英倫雙星牛津區公寓大廈管理委員會,新北市新莊區中安街50號等,102莊使字第353號,102,353,25.046742,121.452747
1,2013/12/23,合新大美社區管理委員會,新北市新莊區福德二街60號等,100莊使字第508號,100,508,25.057296,121.461833
1,2013/12/03,幸福公園百合館管理委員會,新北市新莊區思源路710號等,102莊使字第279號,102,279,25.058406,121.460227
1,2014/01/27,新富邑社區管理委員會,新北市新莊區中央路198號等,101莊使字第548號,101,548,25.059235,121.455492
1,2014/01/27,宏普柏悅府大廈管理委員會,新北市新莊區福德二街45號等,102莊使字第338號,102,338,25.057102,121.461419
1,2014/01/03,吉泰臻寶公寓大廈管理委員會,新北市新莊區建興街55-67號,102莊使字第322號,102,322,25.03769,121.449911
1,2014/01/02,亞昕細見公寓大廈管理委員會,新北市新莊區福美街128巷22號等,102莊使字第387號,102,387,25.057988,121.461749
1,2014/02/21,新紫金城社區管理委員會,新北市新莊區中港路483巷12~26雙號(原建照：幸福路670巷6弄),78莊使字第1353號,78,1353,25.049949,121.451583
1,2014/02/19,光華廈公寓大廈管理委員會,新北市新莊區光華街51號等,102莊使字第410號,102,410,25.011609,121.428805
1,2014/02/14,冠德鼎苑管理委員會,新北市新莊區福德二街49號等,102莊使字第380號,102,380,25.057075,121.46122
1,2014/03/12,家一方社區管理委員會,新北市新莊區福美街62巷55號等,102莊使字第106號,102,106,25.055197,121.463053
1,2014/04/02,如意公寓大廈管理負責人,新北市新莊區頭前路14號等,98莊使字第270號,98,270,25.052614,121.4682
1,2014/04/28,雙橡園社區管理委員會,新北市新莊區思源路192巷51號等,102莊使字第467號,102,467,25.048469,121.461563
1,2014/04/17,民安第美公寓大廈管理委員會,新北市新莊區民安路291號等,102莊使字第280號,102,280,25.022404,121.429306
1,2014/04/22,新潤都峰苑社區管理委員會,新北市新莊區中央路686號等,102莊使字第163號,102,163,25.057646,121.446095
1,2014/06/09,冠德鼎華管理委員會,新北市新莊區福德一街32號等,102莊使字第583號,102,583,25.056258,121.462524
1,2014/06/25,幸福公園文學苑管理委員會,新北市新莊區榮華路一段2號等,102莊使字第486號,102,486,25.055841,121.45778
1,2014/07/29,安馨公寓大廈管理委員會,新北市新莊區五工二路94巷26號及86巷31號,85莊使字第743號,85,743,25.067478,121.460177
1,2014/07/07,貴族學園大廈管理委員會,"新北市新莊區民安西路142-148(雙)號及150巷2,4號",82莊使字第1327號,82,1327,25.01527,121.42703
1,2014/07/16,永鼎國璽管理委員會,"新北市新莊區中正路110,112,112-1至5號",102莊使字第503號,102,503,25.025456,121.417952
1,2014/07/29,閱世界公寓大廈管理委員會,新北市新莊區福美街172巷31-37(單)號,102莊使字第602號,102,602,25.059858,121.460832
1,2014/08/22,冠德鼎峰社區管理委員會,新北市新莊區思源路486號等,102莊使字第576號,102,576,25.054579,121.460219
1,2014/08/28,竹城新東京社區管理委員會,新北市新莊區頭前路116號等,101莊使字第418號,101,418,25.052679,121.46324
1,2014/09/16,程茂天聚社區管理委員會,新北市新莊區中原路150至162號(雙)及昌平街90至92號(雙),103莊使字第161號,103,161,25.054566,121.454729
1,2014/09/23,金璽樂曲社區管理委員會,新北市新莊區福營路281之3號等,102莊使字第510號,102,510,25.029057,121.427661
1,2014/09/23,國泰新莊園管理委員會,新北市新莊區福德二街1至15號,103莊使字第052號,103,052,25.057113,121.462574
1,2014/09/24,達承社管理負責人,新北市新莊區中正路702號等,103莊使字第175號,103,175,25.026539,121.417507
1,2014/10/09,英倫雙星劍橋區公寓大廈管理委員會,新北市新莊區中安街37號等,102莊使字第269號,102,269,25.046524,121.452692
1,2014/11/06,川富電機公寓大廈管理負責人,新北市新莊區瓊林南路301巷7號等,103莊使字第106號,103,106,25.006247,121.434856
1,2014/11/14,W春城公寓大廈管理委員會,新北市新莊區福德一街78號等,103莊使字第121號,103,121,25.056214,121.461302
1,2014/10/27,大千社區管理委員會,新北市新莊區昌盛街24至38之1(雙)號、幸福路566至576(雙)號等,68莊使字第2621號,68,2621,25.049878,121.454376
1,2014/12/03,捷運吉境社區管理委員會,新北市新莊區龍安路66之33至66之45號,102莊使字第582號,102,582,25.020962,121.414146
1,2014/12/18,W-TOWER越世紀公寓大廈管理委員會,新北市新莊區思源路362號等,103莊使字第149號,103,149,25.05131,121.460248
1,2015/01/07,心悅中原社區管理委員會,新北市新莊區中原東路55號等,102莊使字第113號,102,113,25.05439,121.463565
1,2015/01/30,王進財公寓大廈管理負責人,新北市新莊區思源路332巷9號等,103莊使字第445號,103,445,25.051081,121.460697
1,2015/02/11,翔譽天心大樓管理委員會,新北市新莊區中正路362號等,103莊使字第410號,103,410,25.034338,121.44344
1,2015/03/31,V-HOUSE大廈管理委員會,新北市新莊區新北大道二段241號,103莊使字第338號,103,338,25.060327,121.461282
1,2015/02/26,永捷天璽公寓大廈管理委員會,新北市新莊區八德街133巷13號,103莊使字第404號,103,404,25.020197,121.424769
1,2015/04/13,天匯大廈管理委員會,新北市新莊區中央路295號,103莊使字第244號,103,244,25.058578,121.451526
1,2015/04/24,兆之丘管理委員會,新北市新莊區思源路678號,102莊使字第507號,102,507,25.05761,121.460223
1,2015/04/13,鄉林淳青社區管理委員會,新北市新莊區中原路736號,102莊使字第421號,102,421,25.054487,121.442948
1,2015/04/10,永捷京璽公寓大廈管理委員會,新北市新莊區八德街123號,104莊使字第038號,104,038,25.020626,121.424096
1,2015/05/08,宏普賓麗社區管理委員會,新莊區昌德街161號,103莊使字第447號,103,447,25.054912,121.453761
1,2015/05/19,天耀公寓大廈管理委員會,新莊區思源路332巷7號,103莊使字第403號,103,403,25.051083,121.460564
1,2015/05/19,喜臨門公寓大廈管理委員會,新莊區新泰路21-1號,82莊使字第725號,82,725,25.032824,121.449611
1,2015/06/02,遠雄米蘭公園管理委員會,新莊區中央路236號3樓,103莊使字第337號,103,337,25.059242,121.454971
1,2015/06/03,新北市住商管理負責人,新莊區復興路二段166號,77莊使字第1940號,77,1940,25.044312,121.458063
1,2015/06/10,亞昕采匯社區管理委員會,新莊區福美街128巷30號1樓,104莊使字第020號,104,020,25.057974,121.462073
1,2015/07/03,宏盛至達社區管理委員會,新莊區榮華路一段65號7樓,103莊使字第383號,103,383,25.055485,121.456379
1,2015/09/21,草山社區管理負責人,新莊區新北大道七段552巷10號4樓,103莊使字第317號,103,317,25.028852,121.411846
1,2015/10/05,合康天賦管理委員會,新莊區福美街62巷8號5樓,103莊使字第463號,103,463,25.054735,121.461592
1,2015/11/26,藍菱福營大樓管理負責人,新莊區福營路145巷45號,104莊使字第356號,104,356,25.030421,121.433639
1,2015/11/30,呂炳賢公寓大廈管理負責人,蘆洲區仁愛街3號6樓,104莊使字第240號,104,240,25.092136,121.472004
1,2016/01/06,皇冠花園公寓大廈委員會,新北市新莊區中原東路192號,103莊使字第241號,103,241,25.054535,121.46117
1,2016/01/11,NY樸緻社區管理委員會,新北市新莊區榮華路二段75號3樓,104莊使字第235號,104,235,25.055371,121.448766
1,2016/01/13,吉泰美公寓大廈管理委員會,新北市新莊區頭前路149號,104莊使字第102號,104,102,25.052209,121.461111
1,2016/03/28,盟訊大樓管理負責人,新北市新莊區五工五路6號,104莊使字第00454號,104,00454,25.063765,121.455717
1,2016/03/28,上尊爵公寓大廈管理委員會,新北市新莊區頭成街127號,102莊使字第00575號,102,00575,25.051079,121.461896
1,2016/04/12,亞昕向上社區管理委員會,新北市新莊區中原路228號,101莊使字第00425號,101,00425,25.054511,121.453299
1,2016/04/22,新莊傳奇社區管理委員會,新北市新莊區中平路82巷30弄1.3號,81莊使字第1082號,81,1082,25.044725,121.446155
1,2016/06/22,國美大悅公寓大廈管理委員會,新北市新莊區福德三街66號,104莊使字第00152號,104,00152,25.05891,121.461242
1,2016/07/26,新莊幸福館公寓大廈管理委員會,新北市新莊區幸福路736號,104莊使字第00330號,104,00330,25.049258,121.448643
1,2016/08/15,建義首璽公寓大廈管理委員會,新北市新莊區思源路296巷31號,105莊使字第00176號,105,00176,25.05026,121.461031
1,2016/08/25,瞻輝公寓大廈管理負責人,新北市新莊區壽山路33-18號,105莊使字第00199號,105,00199,25.029724,121.41893
1,2016/08/24,晶冠廣場管理負責人,新北市新莊區五工路66號,103莊使字第00398號,103,00398,25.063818,121.458702
1,2016/09/21,遠雄巴黎公園社區管理委員會,新北市新莊區新北大道三段49號,103莊使字第00336號,103,00336,25.059808,121.455991
1,2016/10/13,麗寶雙璽管理委員會,新北市新莊區天祥街26號,103莊使字第00413號,103,00413,25.027607,121.41745
1,2016/11/17,宏盛帝境社區管理委員會,新北市新莊區昌德街30-38號,105莊使字第00111號,105,00111,25.055105,121.456995
1,2016/11/22,鄉林靜安社區管理委員會,新北市新莊區中原路331-333號,104莊使字第00355號,104,00355,25.054241,121.445946
1,2016/11/22,冠德天尊社區管理委員會,新北市新莊區榮華路1段103-113號,103莊使字第00319號,103,00319,25.055478,121.455457
1,2016/11/28,傅家尊爵公寓大廈管理委員會,新北市新莊區新泰路42-42之5號,104莊使字第00158號,104,00158,25.034324,121.449532
1,2016/12/15,廣天廈公寓大廈管理委員會,新北市新莊區頭成街107號2樓,103莊使字第00225號,103,00225,25.050332,121.46184
1,2016/12/23,旺洲NORE社區管理委員會,新北市新莊區富貴路51號,105莊使字第00203號,105,00203,25.057198,121.458727
1,2017/01/20,冠德鼎極社區管理委員會,新北市新莊區思源路226號,103莊使字第00455號,103,00455,25.046503,121.459678
1,2017/02/07,民安36社區管理委員會,新北市新莊區建安街41巷17號等,104莊使字第00216號,104,00216,25.024961,121.429412
1,2017/02/09,櫻花世家社區管理委員會,新北市新莊區民安西路252巷16號等,105莊使字第00421號,105,00421,25.013995,121.425135
1,2017/03/08,樂高社區管理委員會,新北市新莊區建安街41巷16號等,104莊使字第00230號,104,00230,25.025013,121.429199
1,2017/03/16,思源名廈管理委員會,新北市新莊區福壽街153號等,81莊使字第00361號,81,00361,25.053321,121.457936
1,2017/03/20,傳峰社區管理委員會,新北市新莊區瓊泰路188號等,105莊使字第00378號,105,00378,25.033588,121.443201
1,2017/05/05,合擴公寓大廈管理委員會,新北市新莊區壽山路33-21號等,104莊使字第00527號,104,00527,25.029671,121.418507
1,2017/05/22,太子雲鼎管理負責人,新北市新莊區中原路656號等,105莊使字第00423號,105,00423,25.054485,121.443111
1,2017/06/02,都峰苑二期社區管理委員會,新北市新莊區福壽街425號等,105莊使字第00207號,105,00207,25.058074,121.457589
1,2017/06/08,合康新世代社區管理委員會,新北市新莊區中原東路107號等,105莊使字第00342號,105,00342,25.054022,121.461667
1,2017/06/09,大連莊社區管理委員會,新北市新莊區中榮街1號等,85莊使字第00593號,85,00593,25.052664,121.451313
1,2017/06/15,遠雄國都社區管理委員會,新北市新莊區新北大道4段205號等,104莊使字第00402號,104,00402,25.057307,121.444374
1,2017/06/15,聯驊大樓管理負責人,新北市新莊區五工五路5號等,106莊使字第00031號,106,00031,25.063589,121.45598
1,2017/07/03,禾悅公寓大廈管理委員會,新北市新莊區中原東路69號等,105莊使字第00303號,105,00303,25.054345,121.46305
1,2017/08/07,玄泰藝光年社區管理委員會,新北市新莊區榮華路1段56號等,105莊使字第00520號,105,00520,25.055793,121.45415
1,2017/08/21,心富麗社區管理委員會,新北市新莊區中港路132巷13號等 ,106莊使字第00010號,106,00010,25.040887,121.455943
1,2017/09/18,豐悅公寓大廈管理委員會,新北市新莊區中原東路89巷1號等,105莊使字第00304號,105,00304,25.054286,121.462649
1,2017/09/22,冠德天御管理委員會,新北市新莊區榮華路一段59號等,105莊使字第00017號,105,00017,25.055492,121.456638
1,2017/09/29,佳能企業總部大樓管理負責人,新北市新莊區中環路三段200號(代表號),105莊使字第00423號,105,00423,25.054651,121.442708
1,2017/10/24,鴻邦世界花園I期社區管理委員會,新北市新莊區天祥街28號等,105莊使字第00386號,105,00386,25.027985,121.417679
1,2017/11/13,太子信義管理負責人,新北市新莊區中原路656號,105莊使字第00423號,105,00423,25.054485,121.443111
1,2017/11/13,碧瑤金鑽社區管理委員會,新北市新莊區中港路328號等,104莊使字第00045號,104,00045,25.045628,121.452547
1,2017/07/13,遠雄新宿公寓大廈管理委員會,新北市新莊區新北大道4段51號等,105莊使字第00121號,105,00121,25.059996,121.448758
1,2017/11/27,星晴社區管理委員會,新北市新莊區新北大道七段652號等,106莊使字第00253號,106,00253,25.027716,121.41189
1,2017/11/20,碧瑤馥郁居管理委員會,新北市新莊區福美街132號,105莊使字第00281號,105,00281,25.058914,121.460819
1,2017/12/12,"栢(木百)園大樓管理負責人(公所以""柏""字上傳)",新北市新莊區化成路630巷11號2樓,102莊使字第00186號,102,00186,25.055267,121.466736
1,2018/01/05,京雅苑社區管理委員會,新北市新莊區中華路三段88號1樓,104莊使字第00299號,104,00299,25.056221,121.452415
1,2018/01/29,新六藝管理委員會,新北市新莊區昌德街90、92號1樓,106莊使字第00257號,106,00257,25.054912,121.453568
1,2018/02/27,丞漢公寓大廈管理委員會,新北市新莊區思源路2號等,106莊使字第00538號,106,00538,25.038661,121.460835
1,2018/04/19,樂多管理委員會,新北市新莊區五工一路87巷8號等,106莊使字第00293號,106,00293,25.067314,121.461036
1,2018/04/26,東村Aone管理委員會,新北市新莊區後港一路173號,102莊使字第00201號,102,00201,25.028348,121.432533
1,2018/06/12,村寓公寓大廈管理委員會,新北市新莊區福營路385號等,107莊使字第00033號,107,00033,25.027352,121.422704
1,2018/07/04,歡璽桂冠公寓大廈管理委員會,新北市新莊區龍安路50號19樓,106莊使字第00556號,106,00556,25.021509,121.415817
1,2018/07/19,新泰然社區管理委員會,新北市新莊區新泰路2-20號等,106莊使字第00082號,106,00082,25.032091,121.449988
1,2018/08/03,歡璽寶冠公寓大廈管理委員會,新北市新莊區龍安路10號14樓,105莊使字第00480號,105,00480,25.022838,121.414308
1,2018/08/08,君泰管理委員會,新北市新莊區雙鳳路77巷2號等,105莊使字第00398號,105,00398,25.027653,121.414173
1,2018/08/16,1315公寓大廈管理負責人,新北市新莊區民安路420巷13號等,107莊使字第00204號,107,00204,25.021649,121.431978
1,2018/08/20,超級城市曼哈頓管理委員會,新北市新莊區樹新路206號等,106莊使字第00187號,106,00187,24.999852,121.43105
1,2018/08/20,明洞國際大廈管理負責人,新北市新莊區新樹路272巷20號等,106莊使字第00577號,106,00577,25.012786,121.431625
1,2018/08/24,謙量社區管理委員會,新北市新莊區中智街50號3樓等,103莊使字第00315號,103,00315,25.055249,121.44889
1,2018/09/06,合輝新都悅社區管理委員會,新北市新莊區中港路673號等,106莊使字第00019號,106,00019,25.056049,121.450678
1,2018/09/27,晶冠社區管理委員會,新北市新莊區五工二路59號等,106莊使字第00291號,106,00291,25.065643,121.460517
1,2018/10/12,欣聯幸福捷境管理委員會,新北市新莊區幸福東路127號等,107莊使字第00187號,107,00187,25.049343,121.461224
1,2018/10/22,英昌公司華廈管理負責人,新北市新莊區化成路413號等,107莊使字第00138號,107,00138,25.059099,121.465055
1,2018/11/06,至真公寓大廈管理委員會,新北市新莊區中原路136號等,104莊使字第00534號,104,00534,25.054538,121.455416
1,2018/11/26,進士郡公寓大廈管理委員會,新北市新莊區化成路30號等,84莊使字第00411號,84,00411,25.042807,121.464979
1,2018/12/06,鴻邦世界花園二期社區管理委員會,新北市新莊區天祥街17號2樓等,107莊使字第00017號,107,00017,25.027804,121.4173
1,2018/12/15,典藏富邑公寓大廈管理委員會,新北市新莊區民樂街97號等,107莊使字第00171號,107,00171,25.043778,121.457776
1,2018/12/23,遠雄首品管理委員會,新北市新莊區中德路10號等,106莊使字第00508號,106,00508,25.05813,121.451161
1,2018/12/24,幸福A+管理委員會,新北市新莊區幸福東路60號等,107莊使字第00221號,107,00221,25.049603,121.46491
1,2018/12/25,名人天廈B區管理委員會,新北市新莊區中華路1段63巷14號8樓等,78莊使字第00966號,78,00966,25.039577,121.451431
1,1985/09/18,龍閣社區公寓大廈管理委員會(1080129補登),新北市新莊區中榮街56巷8弄1號等,84莊使字第01517號,84,01517,25.053452,121.449366
1,2019/01/14,龍鳳新生公寓大廈管理委員會,新北市新莊區中正路新生巷14號等,68莊使字第03873號,68,03873,25.023869,121.416625
1,2019/01/15,凱旋門管理委員會,新北市新莊區西盛街219巷26號4樓,105莊使字第00322號,105,00322,25.016573,121.42876
1,2019/01/24,葉厝管理負責人,新北市新莊區福德三街70號等,107莊使字第00475號,107,00475,25.058873,121.46057
1,2019/02/12,容邑PARK社區管理委員會,新北市新莊區富貴路156號,106莊使字第00128號,106,00128,25.057417,121.455254
1,2019/02/22,榮富吉祥社區管理委員會,新北市新莊區中榮街104巷8弄8號等,77莊使字第01009號,77,01009,25.053705,121.447501
1,2019/03/08,冠德風尚管理委員會,新北市新莊區榮華路2段67號2樓等,106莊使字第00441號,106,00441,25.055513,121.449051
1,2019/04/10,麗寶ALL IN ONE管理委員會,新北市新莊區中央路558號等,107莊使字第00370號,107,00370,25.058923,121.448843
1,2019/05/02,民安讚社區管理委員會,新北市新莊區民安西路252巷39號8樓,107莊使字第00480號,107,00480,25.013815,121.424864
1,2019/05/08,榮鎰富公寓大廈管理委員會 ,新北市新莊區中正路72號等,108莊使字第00087號,108,00087,25.038171,121.458854
1,2019/05/13,樹和苑管理委員會,新北市新莊區頭前路150號2樓等,106莊使字第00227號,106,00227,25.052689,121.461994
1,2018/08/28,尊爵社區管理委員會(1080524補登),新北市新莊區福興里2鄰五工三路50巷15號等 ,105莊使字第00551號,105,00551,25.064921,121.460455
1,2019/05/15,聯上聯管理委員會,新北市新莊區中央路471號等,106莊使字第00300號,106,00300,25.057084,121.446485
1,2019/06/03,五星尊爵NO.8之富貴中華公寓大廈管理委員會,新北市新莊區中華路1段31號等,106莊使字第00546號,106,00546,25.037448,121.451883
1,2019/07/08,這一站幸福微風館管理委員會,新北市新莊區中平路152巷47弄28號2樓等,107莊使字第00356號,107,00356,25.04821,121.446774
1,2019/08/14,城市公園管理委員會,新北市新莊區昌明街76號6樓等,083莊使字第00233號,083,00233,25.052332,121.455201
1,2019/08/15,皇翔御花園管理委員會,新北市新莊區中原路520號等,106莊使字第00072號,106,00072,25.054559,121.446099
1,2019/08/23,鼎正有限公司管理負責人,新北市新莊區壽山路33-22號2樓等,108莊使字第00127號,108,00127,25.029606,121.418601
1,2019/09/17,碧瑤峰範管理委員會,新北市新莊區福美街16-1號等,104莊使字第00604號,104,00604,25.053222,121.460832
1,2019/09/17,璽之悅社區管理委員會,新北市新莊區思源路232號等,107莊使字第00264號,107,00264,25.048994,121.46022
1,2019/10/01,尊勝白金管理委員會,新北市新莊區昌平街105號2樓等,107莊使字第00423號,107,00423,25.055135,121.454393
1,2018/12/28,超級城市2愛丁堡社區管理委員會(1081022補登),新北市新莊區西盛里18鄰新崑路171號等 ,106莊使字第00350號,106,00350,25.000439,121.432996
1,2019/10/14,御春城公寓大廈管理委員會,新北市新莊區思源路606號等,107莊使字第00314號,107,00314,25.056146,121.460182
1,2019/11/05,塭仔底公寓大廈管理負責人,新北市新莊區五權三路16-2號等,108莊使字第00034號,108,00034,25.063804,121.452706
1,2019/12/03,鉦通工業大樓管理負責人,新北市新莊區化成路764巷18號等,108莊使字第00144號,108,00144,25.058883,121.466381
1,2019/12/09,這一站幸福聽風館管理委員會,新北市新莊區中平路184巷29號等,107莊使字第00411號,107,00411,25.047889,121.446548
1,2020/01/09,天騰廠辦管理負責人,新北市新莊區中正路669號1樓,089莊使字第00048號,089,00048,25.030106,121.42691
1,2020/01/09,柯林頓AB棟公寓大廈管理委員會,新北市新莊區中正路新旺巷45弄12號5樓,083莊使字第00937號,083,00937,25.022286,121.416694
1,2020/01/13,言真公寓大廈管理委員會,新北市新莊區思源路130號等,107莊使字第00310號,107,00310,25.047464,121.460235
1,2020/01/13,捷運讚公寓大廈管理委員會,新北市新莊區中德路52號等,107莊使字第00225號,107,00225,25.058195,121.449647
1,2020/01/13,禮躍社區公寓大廈管理委員會,新北市新莊區福美街172巷66號1樓,108莊使字第00136號,108,00136,25.059501,121.462446
1,1986/12/01,隆德管理委員會,新莊市景德路97號3樓之4  ,72莊使字第00715號,72,00715,25.034707,121.451992
1,2020/01/20,潤泰峰盛社區管理委員會,新北市新莊區中央路299號等,106莊使字第00219號,106,00219,25.058675,121.451322
1,2020/01/21,名廬社區管理委員會,新北市新莊區五工二路78巷2號等,084莊使字第00573號,084,00573,25.066192,121.460137
1,2020/03/06,眾偉公寓大廈管理負責人,新北市新莊區幸福東路63號,108莊使字第00470號,108,00470,25.049298,121.464436
1,2020/02/10,御松郡公寓大廈管理委員會-1090713補登,新北市新莊區昌平里8鄰昌德街81號2樓等,104莊使字第00073號,104,00073,25.054877,121.455609
1,2020/02/14,羅孚宮大樓管理委員會-1090713補登,新北市新莊區中正路316號11樓之3,082莊使字第00652號,082,00652,25.034951,121.446447
1,2020/03/05,享世代-享美區公寓大廈管理委員會-1090721補登,新北市新莊區西盛里16鄰新樹路699巷31號2樓,108莊使字第00249號,108,00249,25.001325,121.433002
1,2020/03/30,日健(馬尺)管理委員會-1090721補登,新北市新莊區福基里9鄰新北大道2段251號2樓,107莊使字第00399號,107,00399,25.060334,121.460976
1,2020/05/21,富御滙管理委員會-1090723補登,新北市新莊區中原里1鄰新北大道四段171號2樓等,105莊使字第00053號,105,00053,25.058631,121.445817
1,2020/07/28,君泰凰管理委員會,新北市新莊區雙鳳路77巷1號,105莊使字第00272號,105,00272,25.026983,121.414316
1,2020/08/05,捷仕堡管理委員會,新北市新莊區龍安路31號,108莊使字第00274號,108,00274,25.022158,121.415242
1,2020/08/05,金星捷匯社區管理委員會,新北市新莊區龍安路66-28號2樓等,109莊使字第00031號,109,00031,25.020862,121.414709
1,2020/06/24,不貳館公寓大廈管理委員會-1090811補登,新北市新莊區中原里1鄰新北大道4段135號等,108莊使字第00081號,108,00081,25.058852,121.446679
1,2020/07/17,中悦IFC社區管理負責人-1090811補登,新北市新莊區中原里29鄰中平路400號等,109莊使字第00103號,109,00103,25.054518,121.444928
1,2020/06/24,璽園管理委員會-1090811補登,新北市新莊區中平里14鄰中平路246號等,108莊使字第00413號,108,00413,25.049268,121.444958
1,2020/07/23,青之森社區公寓大廈管理委員會,新北市新莊區頭前里14鄰中原東路62號等,108莊使字第00198號,108,00198,25.054637,121.463519
1,2020/09/17,富比天下公寓大廈管理委員會,新北市新莊區新北大道7段716號6樓等,86莊使字第249號,86,249,25.026219,121.412357
1,2020/08/14,碧瑤極大城管理委員會-190925補登,新北市新莊區頭前里10鄰頭前路160號等,108莊使字第00313號,108,00313,25.052696,121.461184
1,2020/08/12,悅容莊管理委員會-190925補登,新北市新莊區思源路372號等,108莊使字第00393號,108,00393,25.051758,121.460396
1,2020/09/08,畢卡索社區管理委員會,新北市新莊區後港一路94巷11號7樓,82莊使字第00171,82,00171,25.02614,121.428203
1,2020/10/29,宏普AMAX國際商務中心,新北市新莊區中原里中央路437號等,106莊使字第00430號,106,00430,25.057946,121.447912
1,2020/09/25,宏匯廣場管理負責人1091103補登,新北市新莊區中原里1鄰新北大道四段3號等,109莊字第00182號,109,00182,25.059944,121.449451
1,2020/09/21,敦藏社區管理委員會1091103補登,新北市新莊區福基里7鄰福美街170號等,108莊使字第00193號,108,00193,25.05951,121.460818
1,2020/09/25,馥都匯社區管理委員會-1091103補登,新北市新莊區福基里1鄰福德二街2-1號等,108莊使字第00001號,108,00001,25.057403,121.462777
1,2020/09/09,天玥公寓大廈管理委員會-1091106補登,北市新莊區福興里15鄰五權一路12巷11號等,108莊使字第00415號,108,00415,25.113,121.512154
1,2020/11/12,碧瑤天鑽管理委員會,新北市新莊區中央路281號1樓管理室,104莊使字第00316號,104,00316,25.058671,121.452653
1,2020/11/24,和樂公寓大廈管理委員會,新北市新莊區新泰路258號等,108莊使字第00248號,108,00248,25.039871,121.446181
1,2020/12/03,禾豐社區管理委員會,新北市新莊區五工路92號等,106莊使字第00507號,106,00507,25.064284,121.457122
1,2020/12/08,唯貳館公寓大廈管理負責人,新北市新莊區後港一路153號,109莊使字第00359號,109,00359,25.027999,121.431214
1,2020/12/18,帝王城公寓大廈管理委員會,新北市新莊區幸福路609號3樓等,76蘆使字第824號,76,824,25.049163,121.452192
1,2021/01/06,竹城新大阪社區管理委員會,新北市新莊區昌和街63號,109莊使字第00291號,109,00291,25.0562,121.452782
1,2021/01/22,豐年榜公寓大廈管理委員會,新北市新莊區豐年街124巷6弄1號5樓,76莊使字第1742號,76,1742,25.029885,121.445944
1,2021/02/02,這一站幸福和風館管理委員會,新北市新莊區中平路184巷32號等,109莊使字第00158號,109,00158,25.048006,121.446282
1,2021/02/03,馥都湛社區管理委員會,新北市新莊區福美街172巷1~7號,109莊使字第00100號,109,00100,25.059958,121.461072
1,2021/02/11,幸福一品管理委員會,新北市新莊區西盛街231巷22號2樓等,109莊使字第00015號,109,00015,25.016251,121.429068
1,2021/02/23,知星社區管理委員會,新北市新莊區福美街128巷25~29號,108莊使字第00427號,108,00427,25.058005,121.462689
1,2021/02/25,鳳凰花園社區管理委員會,新北市新莊區中正路340巷7號10樓,109莊使字第00199號,109,00199,25.035026,121.44457
1,2021/03/18,冠德泰景管理委員會,新北市新莊區幸福東路128~146號,109莊使字第00251號,109,00251,25.049598,121.460933
1,2021/04/22,宏璟榮華社區管理委員會,新北市新莊區榮華路一段1號等,109莊字第00001號,109,00001,25.055541,121.457826
1,2021/04/23,欣聯幸福好境社區管理委員會,新北市新莊區思源路332巷51號等,109莊使字第00335號,109,00335,25.051055,121.461327
1,2021/06/03,宏匯思源廣場管理負責人,新北市新莊區思源路553號等,110莊使字第00176號,110,00176,25.057731,121.459425
1,2021/06/05,幸福璞園管理委員會,新北市新莊區思源路332巷22號等,109莊使字第00346號,109,00346,25.050747,121.460768
1,2021/06/06,國典社區管理委員會,新北市新莊區福壽街345號2樓等,108莊使字第00322號,108,00322,25.056601,121.457791
1,2021/09/06,達永金矽谷NO.23大樓管理委員會,新北市新莊區幸福東路75號6樓,109莊使字第371號,109,371,25.049381,121.463066
1,2021/09/17,三達公寓大廈管理負責人,新北市新莊區化成路25號等,110莊使字第124號,110,124,25.043721,121.464975
1,2021/09/28,天藝社區管理委員會,新北市新莊區五權一路20號,109莊使字第00424號,109,00424,25.065031,121.457217
1,2021/10/20,春城越公寓大廈管理委員會,新北市新莊區福德一街2-12號(管理中心),110莊使字第00204號,110,00204,25.056553,121.463038
1,2021/11/06,漾都心社區管理委員會,新北市新莊區中華路3段72號等,110莊使字第68號,110,68,25.055783,121.452343
1,2021/11/14,樂旺THE ONE社區管理委員會,新北市新莊區榮華路2段103號,108莊使字第480號,108,480,25.055433,121.44772
1,2021/11/16,幸福家園管理委員會,新北市新莊區中正路891之9號2樓等,109莊使字第390號,109,390,25.02249,121.413276
1,2021/11/19,運動時代公寓大廈管理委員會,新北市新莊區中港路155號,108莊使字第221號,108,221,25.040783,121.454696
1,2021/11/26,文森社區管理委員會,新北市新莊區昌智路52號,109莊使字第391號,109,391,25.056401,121.458685
1,2021/11/24,享世代-享樂區公寓大廈管理委員會,新北市新莊區新樹路699巷27弄16號12樓,109莊使字第00074號,109,00074,25.001774,121.433312
1,2021/11/22,國苑社區管理委員會,新北市新莊區思源路501-507號,108莊使字第052號,108,052,25.05674,121.459541
1,2021/12/07,碧瑤大都?社區管理委員會,新北市新莊區福美街1號1樓,109莊使字第388號,109,388,25.052956,121.460577
1,2022/01/29,沐之森公寓大廈管理負責人,新北市新莊區碧江街2之1號,109莊使字第429號,109,429,25.035385,121.456045
1,2022/02/07,新樹公館管理負責人,新北市新莊區新樹路267號等,110莊使字第064號,110,064,25.021,121.434462
1,2022/02/15,冠德泰極管理委員會,新北市新莊區頭前里13鄰福美街75號5樓,109莊使字第188號,109,188,25.05403,121.460314
1,2022/02/15,冠德泰極管理委員會,新北市新莊區頭前里13鄰福美街75號5樓,109莊使字第188號,109,188,25.05403,121.460314
1,2022/02/15,冠德泰極管理委員會,新北市新莊區頭前里13鄰福美街75號5樓,109莊使字第188號,109,188,25.05403,121.460314
1,2022/02/17,永鼎帝京管理委員會,新北市新莊區中正路191號,105莊使字第501號,105,501,25.036068,121.453051
1,2022/03/30,力麒家家富富管理委員會,新北市新莊區中環路2段220號,107莊使字第396號,107,396,25.039311,121.442482
1,1997/03/10,名人華廈管理委員會,瑞芳鎮中正路34號,83瑞使字第 1032 號,83,1032,25.095856,121.530525
1,1998/03/31,達樂花園管理委員會,瑞芳鎮員山子路3－1~9號1~8樓,84瑞使字第 0731 號,84,0731,25.10405,121.81956
1,2000/03/20,黃金大鎮管理委員會,瑞芳鎮員山子路員山巷1.2.3號,87瑞使字第 1003 號,87,1003,25.103982,121.816609
1,2002/05/09,龍興管理委員會,瑞芳鎮民族街20~26－(雙)號1~7樓,88瑞使字第 0690 號,88,0690,24.153635,120.712373
1,2008/10/24,茗墅公寓大廈,瑞芳鎮逢甲路347-1號2樓,97瑞使字第0469號,97,0469,25.113893,121.797397
1,2010/01/08,黃金傳奇公寓大廈管理負責人,台北縣瑞芳鎮吉慶里1鄰瑞竹路13－3.4號,98瑞使字第785號,98,785,25.103131,121.764495
1,2013/08/10,名人廣場公寓大廈管理委員會(補登),新北市瑞芳區明燈路三段39號等,96瑞使字第776號,96,776,25.107851,121.806805
1,2015/02/02,御品園公寓大廈管理委員會,新北市瑞芳區民權街2號等,103瑞使字第037號,103,037,25.108222,121.808094
1,2015/05/15,黃金天廈公寓大廈管理委員會,瑞芳區瑞竹路7-5號,103瑞使字第215號,103,215,25.103328,121.764797
1,2015/07/24,萬年大樓,瑞芳區民權街11號4樓,87瑞使字第027號,87,027,25.107928,121.80852
1,2015/08/12,黃金大鎮管理委員會,瑞芳區員山子路員山巷17號2樓,87瑞使字第1003號,87,1003,25.10396,121.816914
1,2017/04/10,正貿新村永安社區管理委員會,新北市瑞芳區正貿新村7號等,73瑞使字第02294號,73,02294,25.106171,121.813052
1,2018/05/08,瑞芳小築管理委員會,新北市瑞芳區三爪子坑路331號,84瑞使字第00032號,84,00032,25.104586,121.818675
1,2018/10/23,北方大樓管理委員會(補登97/4/8申請報備),新北市瑞芳區一坑路236號,84瑞使字第00234號,84,00234,25.108922,121.803282
1,2018/09/05,中山公寓大廈管理委員會(10711補登),新北市瑞芳區中山路27巷8號4樓,105瑞使字第00331號,105,00331,25.107202,121.804875
1,2018/12/14,馥華雲鼎公寓大廈管理委員會 ,新北市板橋區縣民大道一段295號,104板使字第00188號,104,00188,25.010603,121.460853
1,2018/06/27,英國莊園公寓大廈管理委員會(10806補登),新北市瑞芳區三爪子坑路142巷12號B1,106瑞使字第00085號,106,00085,25.106529,121.816799
1,2019/07/08,建和大樓住戶管理委員會(1080805補登),新北市瑞芳區明燈路三段97號6樓,088瑞使字第00753號,088,00753,25.108443,121.804248
1,2019/10/16,宗倫大樓管理委員會-1090422補登,新北市瑞芳區民生街36號,084瑞使字第01646號,084,01646,25.107089,121.80562
1,2017/11/06,皇品園管理委員會-1090723補登,新北市瑞芳區逢甲路258號,105瑞使字第00243號,105,00243,25.110602,121.805283
1,2020/07/24,瑞芳小城管理委員會,新北市瑞芳區一坑路343號,83瑞使字第593號,83,593,25.109007,121.80089
1,2021/04/28,宗倫華廈管理委員會,新北市瑞芳區明燈路三段50巷8號,84瑞使字第1064號,84,1064,25.108205,121.80732
1,2021/12/30,森悅公寓大廈管理負責人蘇偉達,新北市瑞芳區粗坑口路50-2號3樓,110瑞使字第141號,110,141,25.098996,121.762317
1,2013/06/17,翡翠灣公寓大廈管理委員會(補登),新北市萬里區日光路52-80號,85萬使字第900號,85,900,25.185317,121.686761
1,2014/05/15,海濱假期公寓大廈管理委員會(補登),新北市萬里區玉田43-2號等,84萬使字第450號,84,450,25.188844,121.682058
1,2015/01/21,萬里翡翠灣渡假別墅管理委員會,新北市萬里區玉田62至78號,73萬使字第1602號,73,1602,25.177986,121.690219
1,2016/12/20,翡翠灣摘星樓公寓大廈管理委員會,萬里區翡翠路17號,86萬使字第273號,86,273,25.188502,121.68393
1,2017/09/07,青年社區管理負責人,新北市萬里區龜吼里11鄰(壴皮)亭13-1號等,106萬使字第00358號,106,00358,25.190403,121.683758
1,2017/11/08,宏輝公寓管理負責人,新北市萬里區石角53號,104萬使字第00019號,104,00019,25.192222,121.684432
1,2021/11/10,天祥禪寺管理負責人,新北市萬里區雙興里10鄰二坪6-3、6-5號,"105萬使字第539號
(108萬變使第151號)",105,539,25.174688,121.650685
1,2011/01/06,北大臻善美社區管理委員會,新北市樹林區學成路727號7樓,99樹使字第181號,99,181,24.947237,121.384735
1,2011/01/18,光榮新居管理委員會,新北市土城區中正路56巷10號2樓,99樹使字第521號,99,521,24.975017,121.443924
1,2011/01/17,臻品社區管理委員會,新北市樹林區學林路86號,99樹使字第321號,99,321,24.949024,121.378593
1,2011/02/21,麗寶世紀館公寓大廈管理委員會,新北市樹林區學成路641號4樓,99樹使字第056號,99,056,24.947078,121.381814
1,1998/10/26,台北綠第大廈管理委員會(補登資料),新北市樹林區中華路138號,82樹使字第135號,82,135,24.980471,121.417058
1,2011/06/09,亞洲工商城管理委員會,新北市樹林區鎮前街2號2樓,80樹使字第041號,80,041,24.992939,121.426163
1,2011/06/08,泉世界社區公寓大廈管理委員會,新北市樹林區大安路532號9樓,98樹使字第175號,98,175,24.986121,121.413756
1,2011/06/30,遠雄京都管理委員會,新北市樹林區學成路479號1樓,99樹使字第138號,99,138,24.945657,121.379752
1,2011/07/07,翠亨公寓大廈管理委員會,新北市樹林區八德街102號11樓,99樹使字第504號,99,504,24.980011,121.420823
1,2011/07/28,福田大樓管理委員會,新北市樹林區後站街3巷2.4.6號,81樹使字第586號,81,586,24.990345,121.42336
1,2011/08/04,五十首富公寓大廈管理委員會,新北市樹林區樹新路211-3號5樓,100樹使字第75號,100,75,25.000302,121.43088
1,2011/08/04,樹林第一站公寓大廈管理委員會,新北市樹林區四德街8號14樓,99樹使字第543號,99,543,24.992103,121.426632
1,2011/08/29,清榮公寓大廈管理委員會,新北市樹林區西圳街1號153號,99樹使字第285號,99,285,24.960576,121.402428
1,2011/08/11,心六藝社區大廈管理委員會,新北市樹林區學成路730號,98樹使字第629號,98,629,24.946168,121.383334
1,2011/09/05,智通工業園區管理委員會,新北市樹林區西圳街一段115號,100樹使字第054號,100,054,24.963481,121.39865
1,2011/10/01,新視界管理委員會,新北市樹林區八德街650號,100樹使字第160號,100,160,24.969315,121.39658
1,2011/10/26,香根園管理委員會,新北市樹林區日新街52號,100樹使字第282號,100,282,24.991826,121.422451
1,2011/12/20,北美館社區管理委員會,新北市樹林區學勤路589－639號,100樹使字第103號,100,103,24.949041,121.383893
1,2011/12/22,億光電子企業總部管理委員會,新北市樹林區中華路6－8號,100樹使字第152號,100,152,24.983926,121.424138
1,2010/04/01,中華開發工業城區管理委員會(補登資料),新北市樹林區東豐街49巷22弄30號,83樹使字第1085號,83,1085,24.974869,121.413816
1,2012/03/08,安琪大樓管理委員會,新北市樹林區中山路一段276號7樓,88樹使字第471號,88,471,24.987031,121.42066
1,2012/03/15,信華氣體管理委員會,新北市樹林區三龍街68號,99樹使字第281號,99,281,25.018884,121.413497
1,2012/04/10,麗寶國際館管理委員會,新北市樹林區學成路567號7樓,99樹使字第341號,99,341,24.946908,121.380906
1,2012/08/16,廿一行館社區管理委員會,新北市樹林區大雅路333號,101樹使字第060號,101,060,24.948934,121.378938
1,2012/09/15,藝墅首璽社區管理委員會,新北市樹林區俊英街7-1號,101樹使字第113號,101,113,24.999904,121.429661
1,2012/12/15,領袖晶站公寓大廈管理委員會,新北市樹林區光興街63巷22號,101樹使字第443號,101,443,25.00215,121.410168
1,2013/01/29,李永源,新北市樹林區大義路356號,102樹使字第032號,102,032,24.947951,121.377162
1,2013/04/18,大安居公寓大廈管理委員會,新北市樹林區大安路347號,89樹使字第505號,89,505,24.990597,121.416601
1,2013/05/09,有泰香料大樓管理委員會,新北市樹林區俊英街224巷1號等5戶,101樹使字第423號,101,423,25.010335,121.425295
1,2013/05/09,順盈機械管理負責人,新北市樹林區柑園街一段110號等,100樹使字第130號,100,130,24.959107,121.400716
1,2013/05/14,承運公寓大廈管理委員會,新北市樹林區東豐街49巷46-1號等,102樹使字第136號,102,136,24.974093,121.414817
1,2013/07/23,傳家公寓大廈管理委員會,新北市樹林區學成路540號等,102樹使字第158號,102,158,24.945602,121.380803
1,2013/07/23,政達家園公寓大廈管理委員會,新北市樹林區東豐街49巷56號等,102樹使字第260號,102,260,24.974464,121.415848
1,2013/07/23,鄧政炎公寓大廈管理委員會,新北市樹林區東和街33號等,102樹使字第111號,102,111,24.982351,121.401949
1,2013/07/31,育林大廈管理委員會,新北市樹林區復興路376號等,101樹使字第456號,101,456,24.985834,121.415197
1,2013/07/05,三俊工業園區貳期公共大廈管委會,新北市樹林區三俊街5號等,89樹使字第993號,89,993,25.015941,121.411416
1,2014/01/15,米蘭賞社區管理委員會,新北市樹林區保安街二段45巷22號等,102樹使字第422號,102,422,25.000174,121.415132
1,2014/03/28,醴泉社區管理委員會,新北市樹林區大安路626號等,99樹使字第030號,99,030,24.982845,121.411069
1,2014/04/11,三謙釀社區管理委員會,新北市樹林區學林路133號等,102樹使字第328號,102,328,24.949742,121.380465
1,2014/06/25,僑雄管理委員會,新北市樹林區八德街372號等,103樹使字第135號,103,135,24.970082,121.408289
1,2014/07/18,北大馨園社區管理委員會,新北市樹林區學成路526-6號等,103樹使字第083號,103,083,24.945284,121.37996
1,2014/08/05,日意公寓大廈管理委員會,新北市樹林區新興街37巷7號等,103樹使字第191號,103,191,24.972503,121.401785
1,2014/09/05,居昇報囍社區管理委員會,新北市樹林區八德街170至178號(雙),84樹使字第1384號,84,1384,24.97794,121.421322
1,2014/10/06,全富管理委員會,新北市樹林區中正路349之2號等,103樹使字第282號,103,282,25.005832,121.41887
1,2014/10/02,鼎昌寶鑽管理委員會,新北市樹林區佳園路二段59號等,103樹使字第034號,103,034,24.961345,121.391512
1,2014/11/05,北大森閣社區管理委員會,新北市樹林區學士路96號等,102樹使字第301號,102,301,24.947566,121.383249
1,2014/12/04,鑽石園公寓大廈管理委員會,新北市樹林區樹新路36至40之1號等,78樹使字第1859號,78,1859,24.994899,121.42743
1,2015/03/31,大學城公寓大廈管理委員會,新北市樹林區鎮前街77號,102樹使字第611號,102,611,24.990603,121.424796
1,2015/03/09,大同新?公寓大廈管理委員會,新北市樹林區東華街103號,103樹使字第246號,103,246,24.980698,121.415888
1,2015/03/16,麗華大廈管理負責人,新北市樹林區中山路一段99號,102樹使字第085號,102,085,24.991028,121.423278
1,2015/05/07,皇勝秀鼎社區管理委員會,新北市樹林區南園里22鄰學成路687號,102樹使字第623號,102,623,24.946656,121.383179
1,2015/06/08,五福華廈管理委員會,新北市樹林區長壽街16號1樓,103樹使字第389號,103,389,24.993613,121.423354
1,2015/06/15,正豐科技大樓公寓大廈管理負責人,新北市板橋區溪城路75號10樓,104樹使字第156號,104,156,24.983968,121.426669
1,2015/06/24,博愛金座大廈管理委會,新北市樹林區博愛一街12號4樓,83樹使字第947號,83,947,24.991002,121.425265
1,2015/07/14,大北大社區管理委員會,新北市樹林區學府路378號17樓,101樹使字第012號,101,012,24.950486,121.380422
1,2015/10/26,儷園大廈,新北市樹林區潭興街93-1號7樓,81樹使字第156號,81,156,24.998609,121.424707
1,2015/11/19,武林公寓大廈管理委員會,新北市樹林區武林街10-2號,104樹使字第503號,104,503,25.001691,121.419255
1,2015/11/04,東昇管理委員會,新北市樹林區博愛街98號8樓,104樹使字第343號,104,343,24.991765,121.426732
1,2015/11/04,一鴻管理委員會,新北市樹林區博愛街98號8樓,104樹使字第342號,104,342,24.991765,121.426732
1,2015/11/02,育英文苑公寓大廈管理委員會,新北市樹林區育英街135巷3號1樓,103樹使字第426號,103,426,24.989114,121.419666
1,2016/01/04,福慧大廈,新北市樹林區柑園街一段295號,104樹使字第00363號,104,00363,24.956174,121.393144
1,2016/02/03,雍富社區管理委員會,新北市樹林區西圳街一段116巷10號,102樹使字第00515號,102,00515,24.963874,121.401182
1,2016/02/05,晶發科技大廈,新北市樹林區東豐街81號,104樹使字第00453號,104,00453,24.973409,121.410562
1,2016/03/25,地景四季社區管理委員會,新北市樹林區光興街86號,103樹使字第00032號,103,00032,25.003174,121.408545
1,2016/04/13,詠勝尊悅公寓大廈管理委員會,新北市樹林區武林街2號,104樹使字第00499號,104,00499,25.000713,121.416411
1,2016/04/21,佳園公寓大廈管理委員會,新北市樹林區佳園路三段252號,104樹使字第00607號,104,00607,24.947407,121.384964
1,2016/04/22,新北市樹林產業專用區,新北市樹林區三多路123號,104樹使字第00277號,104,00277,25.007762,121.414033
1,2016/05/02,文詠社區管理委員會,新北市樹林區學林路22號,104樹使字第00529號,104,00529,24.948739,121.377579
1,2016/05/17,慈祥公寓大廈管理委員會,新北市樹林區博愛街172號,104樹使字第00344號,104,00344,24.990717,121.425802
1,2016/05/13,光笛公寓大廈管理人,新北市樹林區俊興街302號,105樹使字第00078號,105,00078,25.018436,121.418797
1,2016/12/09,新樹華公寓大廈管理委員會,新北市樹林區中華路379巷86號,104樹使字第00577號,104,00577,24.977423,121.413889
1,2016/12/20,山佳晏京大廈管理委員會,新北市樹林區中山路三段177號,105樹使字第00217號,105,00217,24.972414,121.394621
1,2016/12/20,富寶公寓大廈社區社區管理委員會,新北市樹林區中洲街31號,105樹使字第00185號,105,00185,24.972007,121.397077
1,2016/12/21,松惠公寓大廈管理委員會,新北市樹林區鎮前街62號,87樹使字第05號,87,05,24.992362,121.425591
1,2016/12/27,山水天地六期公寓大廈管理委員會,新北市樹林區樹興里21鄰啟智街82巷18號,105樹使字第00089號,105,00089,24.991261,121.41834
1,2016/12/30,信義君悅社區管理委員會,新北市樹林區俊英街121巷47號等,105樹使字第00283號,105,00283,25.009568,121.423497
1,2017/02/14,米蘭苑公寓大廈管理委員會,新北市樹林區大安路541號等,105樹使字第00336號,105,00336,24.984217,121.41273
1,2017/02/15,富邑長榮社區管理委員會,新北市樹林區光榮街18-2號等,104樹使字第00205號,104,00205,25.003933,121.412285
1,2017/03/15,全聯三峽北大管理負責人,新北市樹林區學勤路211號等,104樹使字第00384號,104,00384,24.947966,121.377889
1,2017/03/30,發現之旅II公寓大廈管理委員會,新北市樹林區信和街41-1號等,105樹使字第00187號,105,00187,24.972975,121.387615
1,2017/03/30,發現之旅公寓大廈管理委員會,新北市樹林區信和街39-5號等,105樹使字第00174號,105,00174,24.973267,121.387808
1,2017/04/13,科嘉國際網路資訊管理委員會,新北市樹林區三俊街199巷22-1號等,106樹使字第00151號,106,00151,25.017997,121.420878
1,2017/04/26,森美社區管理委員會,新北市樹林區國凱街67號等,105樹使字第00404號,105,00404,24.979955,121.422309
1,2017/05/09,普賢大廈管理負責人,新北市樹林區學成路683號等,98樹使字第00505號,98,00505,24.946605,121.382816
1,2017/07/11,承平華廈社區公寓大廈管理委員會(管理負責人),新北市樹林區佳園路3段111號,106樹使字第00071號,106,00071,24.950783,121.387191
1,2017/07/24,韋特工業有限公司管理負責人,新北市樹林區備內街1巷21號等,104樹使字第00270號,104,00270,24.986636,121.413103
1,2017/08/17,鑫邦企業股份有限公司管理負責人,新北市樹林區新興街22-1號,106樹使字第00126號,106,00126,24.972902,121.399987
1,2017/08/18,和亞富悅社區管理委員會,新北市樹林區俊興街318~336號 ,105樹使字第00437號,105,00437,25.0192,121.418998
1,2017/09/30,東方明珠公寓大廈管理委員會,新北市樹林區復興路102~108號,80樹使字第00632號,80,00632,24.983495,121.413677
1,2017/10/11,安溪公寓大廈管理負責人,新北市樹林區文德街2號,106樹使字第00148號,106,00148,24.991282,121.419599
1,2017/10/24,站前大亨管理委員會,新北市樹林區中山路3段171~175(單)號,82樹使字第00387號,82,00387,24.975179,121.401563
1,2017/10/16,新日興股份有限公司管理負責人,新北市樹林區三俊街69號,106樹使字第00243號,106,00243,25.015657,121.414638
1,2017/11/09,中華家園社區管理委員會,新北市樹林區東華街76~88號,85樹使字第00261號,85,00261,24.980698,121.415888
1,2017/12/27,新北大公寓大廈管理委員會,新北市樹林區學勤路699號12樓佳園路3段168號,104樹使字第00070號,104,00070,24.946923,121.377718
1,2018/02/02,彬利有限公司管理負責人,新北市樹林區光武街36巷28號4樓,106樹使字第00465號,106,00465,25.005703,121.41788
1,2018/02/22,金英堡社區管理委員會,新北市樹林區俊英街133巷16-3號,105樹使字第00523號,105,00523,25.011361,121.423214
1,2018/03/22,向里管理委員會,新北市樹林區柑園街2段170巷10-1號,106樹使字第00439號,106,00439,24.95529,121.37978
1,2018/08/06,櫻悅匯公寓大廈管理委員會,"新北市樹林區新興街3,3-1及3-2號",106樹使字第00498號,106,00498,24.974001,121.400447
1,2018/08/14,振右管理負責人,新北市樹林區保安街1段400號,106樹使字第00188號,106,00188,24.99915,121.417135
1,2018/10/25,煌大鋼鐵股份有限公司管理負責人,新北市樹林區樹潭街2號,107樹使字第00266號,107,00266,25.00091,121.417936
1,2018/11/07,(又又)享悅社區管理委員會,新北市樹林區東華街36及38號,107樹使字第00110號,107,00110,24.981784,121.414922
1,2018/12/18,享奎企業股份有限公司管理負責人,新北市樹林區三龍里6鄰三俊街65巷25號,107樹使字第00385號,107,00385,25.017026,121.413298
1,2019/04/01,豐墅公寓大樓社區管理委員會,新北市樹林區西圳街99~101號,106樹使字第00203號,106,00203,24.953776,121.375997
1,2019/04/10,立信蘋果公寓大廈管理委員會,新北市樹林區四維路121~129,107樹使字第00431號,107,00431,24.979339,121.423373
1,2019/04/24,亦良工業大樓管理負責人,新北市樹林區三俊街65巷27號(含1~5樓),107樹使字第00445號,107,00445,25.017454,121.413112
1,2011/09/07,紅樹林第一期公寓大廈管理委員會-1080506補登.,新北市樹林區光榮街42~56號,85樹使字第00987號,85,00987,25.003126,121.412071
1,2019/07/01,金展精密股份有限公司管理負責人,新北市樹林區山佳里7鄰新興街33號2樓 ,107樹使字第00313號,107,00313,24.972134,121.400045
1,2019/07/10,昱宣有限公司管理負責人,新北市樹林區八德街282號,106樹使字第00476號,106,00476,24.970314,121.410366
1,2019/07/10,煌裕金屬工業管理負責人,新北市樹林區俊安街76號,107樹使字第00459號,107,00459,25.01281,121.418036
1,2019/08/02,米蘭文華社區管理委員會,新北市樹林區中山路2段46-1~46-9號,107樹使字第00463號,107,00463,24.984936,121.416824
1,2019/08/05,文林段43地號管理委員會,新北市樹林區潭興街143巷28弄1~7號等,078樹使字第00740號,078,00740,24.999677,121.424575
1,2019/08/06,樂山佳社區管理委員會,新北市樹林區中和街22及22-1~22-10號,108樹使字第00072號,108,00072,24.973752,121.390399
1,2019/10/17,文華東榮社區管理委員會,樹林區鎮前街367巷4弄9號,106樹使字第00178號,106,00178,24.983058,121.416269
1,2019/10/23,閱莊園公寓大廈管理委員會,新北市樹林區三寶街25~31號,108樹使字第00179號,108,00179,25.015452,121.406767
1,2019/10/24,升林有限公司管理負責人,新北市樹林區新興街19巷15號,106樹使字第00501號,106,00501,24.973323,121.401006
1,2019/11/14,崙強有限公司管理負責人,新北市樹林區工興街29號,108樹使字第00093號,108,00093,25.013075,121.398902
1,2019/11/18,幸福城家A區管理委員會,新北市樹林區保安街2段107巷18~36號,107樹使字第00384號,107,00384,25.001009,121.414243
1,2019/11/25,日昱精密工業有限公司管理負責人,新北市樹林區三俊街208~210號等,108樹使字第00310號,108,00310,25.01384,121.42334
1,2019/11/28,幸福城家B區管理委員會,新北市樹林區保安街2段107巷25~27號,107樹使字第00354號,107,00354,25.001009,121.414243
1,2019/12/23,志得橡膠股份有限公司管理負責人,新北市樹林區新興街37巷12弄9號,108樹使字第00110號,108,00110,24.971551,121.400643
1,2020/05/01,謝素媛管理負責人,新北市樹林區東豐街71-73號,106樹使字第00445號,106,00445,24.973485,121.412589
1,2020/11/01,宗瑋工業股份有限公司管理負責人,新北市樹林區保安街2段2號,108樹使字第00094號,108,00094,24.999583,121.416884
1,2020/12/02,璽悅社區管委會,新北市樹林區大成路323~337號等,104樹使字第00444號,104,00444,24.950236,121.38113
1,2020/12/23,富隆居公寓大廈管理委員會,新北市樹林區中山路1段268號1樓(代表ADD),108樹使字第00428號,108,00428,24.987185,121.420742
1,2021/01/05,復興之星大樓管理負責人,新北市樹林區復興路58~60號,109樹使字第00317號,109,00317,24.983495,121.413677
1,2021/01/10,金站公寓大廈管理委員會,新北市樹林區潭底里14鄰大安路225~227號,106樹使字第00511號,106,00511,24.994606,121.419826
1,2021/01/17,育成公寓管理委員會,新北市樹林區中山路1段13-1號4樓(代表ADD),66樹使字第2129號,66,2129,24.993179,121.425006
1,2021/01/24,富翔大樓管理負責人,新北市樹林區復興路50~52號,109樹使字第00366號,109,00366,24.983495,121.413677
1,2021/04/12,匯川全管理負責人,新北市樹林區柑園街1段20~22號,109樹使字第00360號,109,00360,24.955765,121.38852
1,2021/05/08,中山名家公寓大廈管理委會,新北市樹林區中山路1段146號等,88樹使字第583號,88,583,24.990105,121.422476
1,2021/06/01,大安1號院社區管理委員會,新北市樹林區大安路1-50~1-85號,108樹使字第00439號,108,00439,25.002003,121.426621
1,2021/08/07,樹林學府公寓大廈管理委員會,新北市樹林區中華路39~43號,110樹使字第76號,110,76,24.980354,121.411267
1,2021/09/02,年源公寓大廈管理負責人,新北市樹林區三龍街59號,110樹使字第78號,110,78,25.01866,121.415029
1,2021/10/15,北大融園社區管理委員會,新北市樹林區學勤路521~531號,110樹使字第109號,110,109,24.949147,121.385251
1,2021/11/13,山佳捷境公寓大廈管理委員會,新北市樹林區新興街1號,110樹使字第134號,110,134,24.974558,121.400288
1,2021/11/23,立天下社區管理委員會,新北市樹林區四維路93~119號,110樹使字第139號,110,139,24.979339,121.423373
1,2022/01/05,家基資產管理負責人,新北市樹林區八德街331~333號,110樹使字第357號,110,357,24.969293,121.390231
1,2022/01/03,久年青田社區管理委員會,新北市樹林區學勤路241號(代表ADD),110樹使字第269號,110,269,24.948143,121.378511
1,2022/01/24,雍景旺府公寓大廈管理委員會,新北市樹林區中華路33~35號,110樹使字第133號,110,133,24.980354,121.411267
1,2022/02/11,皓澤管理負責人,新北市樹林區東豐街79-1號(含1~4樓),109樹使字第415號,109,415,24.9735,121.411214
1,2022/02/17,匠茂大樓管理負責人,新北市樹林區新興街37巷16-1號,109樹使字第368號,109,368,24.97193,121.400527
1,2022/03/14,山佳棧社區管理委員會,新北市樹林區中和街18~20號,110樹使字第345號,110,345,24.981812,121.380332
1,2022/03/29,城市DJ社區公寓大廈管理委員會,新北市樹林區中佳路106~112號,110樹使字第343號,110,343,24.970692,121.39742
1,2011/01/18,長興尚品公寓大廈管理委員會,新北市蘆洲區正義里9鄰長興路81號7樓,98蘆使字第748號,98,748,25.084674,121.462253
1,2011/01/24,頂富御寶公寓大廈管理委員會,新北市蘆洲區長榮路333號7樓,99蘆使字第079號,99,079,25.087212,121.459556
1,2011/02/01,京華大廈管理委員會,新北市蘆洲區中正路14－1號4樓,79蘆使字第444號,79,444,25.082193,121.471611
1,2011/03/21,集賢世家管理委員會,新北市蘆洲區集賢路276號4樓,99蘆使字第173號,99,173,25.086317,121.480521
1,2011/03/15,家興大樓公寓大廈管理委員會,新北市蘆洲區和平路155號,99蘆使字第542號,99,542,25.080656,121.466808
1,2011/04/26,如意寶公寓大廈管理委員會,新北市蘆洲區光榮路66巷1號7樓,99蘆使字第450號,99,450,25.08848,121.463285
1,2011/04/21,長榮大樓管理委員會,新北市蘆洲區長榮路396號9樓,99蘆使字第408號,99,408,25.087705,121.459683
1,2011/05/10,清蓮公寓大廈管理負責人,新北市蘆洲區長榮路57號3樓,100蘆使字第034號,100,034,25.083255,121.462435
1,2011/05/12,光榮新都管理委員會,新北市蘆洲區光榮路47號5樓,98蘆使字第413號,98,413,25.088395,121.460438
1,2011/06/21,永平高昇管理委員會,新北市蘆洲區永平街32巷21弄5號5樓,99蘆使字第528號,99,528,25.091705,121.458941
1,2011/06/21,中原富邑管理委員會,新北市蘆洲區中原路12巷1號4樓,100蘆使字第058號,100,058,25.083549,121.461063
1,2011/07/07,合豐穗悅公寓大廈管理負責人,新北市蘆洲區中興街117－1號2樓,100蘆使字第169號,100,169,25.089117,121.482187
1,2011/07/20,澄鋒大廈管理委員會,新北市蘆洲區長樂路157號1樓,99蘆使字第483號,99,483,25.088267,121.461772
1,2011/09/26,富鑫大廈管理委員會,新北市蘆洲區三民路505號3樓,95蘆使字第661號,95,661,25.091425,121.463275
1,2011/09/20,福傳家公寓大廈管理委員會,新北市蘆洲區光復路34號5樓,100蘆使字第091號,100,091,25.084862,121.463477
1,2011/09/09,富國公寓大廈管理委員會,新北市蘆洲區中山二路68號,100蘆使字第281號,100,281,25.082138,121.473491
1,2011/10/24,長榮會館管理委員會,新北市蘆洲區長榮路45號,95蘆使字第302號,95,302,25.082795,121.46289
1,2011/10/24,中華會館管理委員會,新北市蘆洲區中華街6號,93蘆使字第253號,93,253,25.081689,121.46344
1,2011/10/18,吉利社區管理委員會,新北市蘆洲區長安街182號,88蘆使字第139號,88,139,25.083739,121.458873
1,2011/11/23,光復公寓大廈管理委員會,新北市蘆洲區光復路30巷6號,99蘆使字第293號,99,293,25.084434,121.463401
1,2011/12/23,宏昌社區管理負責人,新北市蘆洲區中正路185巷78弄21號4樓,100蘆使字第310號,100,310,25.085038,121.465456
1,2011/12/13,安蕊富邑公寓大廈管理委員會,新北市蘆洲區光明路106巷10號6樓,99蘆使字第417號,99,417,25.08772,121.463494
1,2011/12/30,喜悅社區管理負責人,新北市蘆洲區光復路16號,100蘆使字第381號,100,381,25.084419,121.462821
1,2012/01/14,大歐元國王區公寓大廈管理委員會(補登資料),新北市蘆洲區長樂路30號,98蘆使字第313號,98,313,25.085417,121.46366
1,2012/02/09,金山大廈管理委員會,新北市蘆洲區長榮路323.325號,100蘆使字第145號,100,145,25.092974,121.461429
1,2012/02/23,臻愛富邑管理委員會,新北市蘆洲區中原路1－2號4樓,100蘆使字第263號,100,263,25.08357,121.461686
1,2012/03/07,香榭京站社區管理委員會,新北市蘆洲區光榮路128號6樓,99蘆使字第160號,99,160,25.089566,121.464915
1,2012/03/09,富貴天廈管理委員會,新北市蘆洲區長安街220巷11弄5號1樓,85蘆使字第226號,85,226,25.08531,121.45941
1,2012/04/16,宏達公寓大廈管理負責人,新北市蘆洲區長榮路530－1號4樓,99蘆使字第415號,99,415,25.090354,121.460052
1,2012/05/01,原綠公寓大廈管理委員會,新北市蘆洲區長興路50巷5號6樓,100蘆使字第121號,100,121,25.084115,121.463921
1,2012/06/06,金鑽石公寓大廈管理委員會,新北市蘆洲區三民路579號,100蘆使字第506號,100,506,25.092662,121.461826
1,2012/06/07,承居社區管理委員會,新北市蘆洲區光華路186巷63號,101蘆使字第001號,101,001,25.084029,121.465132
1,2012/06/08,長榮凱悅NO2管理委員會,新北市蘆洲區永樂街26巷8-1號,100蘆使字第503號,100,503,25.088647,121.458737
1,2012/07/06,城市經典公寓管理委員會,新北市蘆洲區永樂街27巷12號,101蘆使字第032號,101,032,25.087381,121.458574
1,2012/07/07,富貴大樓管理委員會,新北市蘆洲區長安街46巷23號,100蘆使字第504號,100,504,25.080338,121.463858
1,2012/08/05,翰林天下管理委員會(補登),新北市蘆洲區永樂街40號,84蘆使字第133號,84,133,25.088394,121.457999
1,2012/08/06,中原天廈住戶管理委員會,新北市蘆洲區中正路80-86號,82蘆使字第929號,82,929,25.083634,121.470419
1,2012/08/07,俊賢名邸公寓大廈管理委員會,新北市蘆洲區民族路355-359號,83蘆使字第1602號,83,1602,25.091723,121.472041
1,2012/10/09,盛發公寓大廈管理委員會,新北市蘆洲區長樂路27-1號,100蘆使字第095號,100,095,25.085267,121.463328
1,2012/11/04,昇揚社區管理委員會,新北市蘆洲區光復路70巷19號,101蘆使字第023號,101,023,25.085186,121.464858
1,2012/12/06,功學社企業總部管理負責人,新北市蘆洲區中山二路162號,94蘆使字第535號,94,535,25.081188,121.47099
1,2013/01/16,中興貴園二期大廈管理委員會,新北市蘆洲區中興街110之1號,100蘆使字第539號,100,539,25.088456,121.482932
1,2013/01/10,尚峰科技大樓管理委員會,新北市蘆洲區三民路577號,99蘆使字第070號,99,070,25.092616,121.461849
1,2013/02/04,民族華廈管理委員會,新北市蘆洲區民族路422巷50號,100蘆使字第0520號,100,0520,25.093078,121.473791
1,2013/03/22,琨泰首耀公寓大廈管理委員會,新北市蘆洲區光明路112巷29弄3號,101蘆使字第151號,101,151,25.087627,121.46389
1,2013/04/09,秀吉公寓大廈管理委員會,新北市蘆洲區光復路55號,101蘆使字第392號,101,392,25.085101,121.463427
1,2013/07/29,長榮凱悅NO.3公寓大廈管理負責人,新北市蘆洲區保和街69巷25號等,102蘆使字第219號,102,219,25.085291,121.469774
1,2013/07/25,公園大境社區管理委員會,新北市蘆洲區光明路88巷19號等,101蘆使字第303號,101,303,25.087171,121.463325
1,2013/08/08,承居長樂管理委員會,新北市蘆洲區長樂路22號等,102蘆使字第001號,102,001,25.08531,121.463716
1,2013/09/25,大同文化城管理委員會,新北市蘆洲區永安南路二段266號等,82蘆使字第129號,82,129,25.080587,121.459182
1,2013/09/24,弘頂雅築管理委員會,新北市蘆洲區九芎街43-1號等,102蘆使字第172號,102,172,25.078446,121.467851
1,2013/09/03,李耀欽公寓大廈管理負責人,新北市蘆洲區光榮路120巷8弄9號等,102蘆使字第146號,102,146,25.088134,121.465138
1,2013/09/03,李耀宗公寓大廈管理負責人,新北市蘆洲區光榮路120巷8弄7號等,102蘆使字第147號,102,147,25.088173,121.465197
1,2013/09/03,李金龍公寓大廈管理負責人,新北市蘆洲區光榮路120巷8弄5號等,102蘆使字第148號,102,148,25.088215,121.465269
1,2013/10/29,利舟官耀大樓管理委員會,新北市蘆洲區仁愛街77-2號等,102蘆使字第274號,102,274,25.093359,121.471307
1,2013/12/25,雙捷京站社區管理委員會,新北市蘆洲區信義路158號等,101蘆使字第409號,101,409,25.083532,121.47936
1,2014/01/23,重陽御庭管理委員會,新北市蘆洲區中興街66號等,82蘆使字第975號,82,975,25.087778,121.482127
1,2014/01/23,寶石上品苑管理委員會,新北市蘆洲區集賢路217號等,102蘆使字第276號,102,276,25.086659,121.482991
1,2014/01/15,蘆洲美樹館管理委員會,新北市蘆洲區正和街71號等,102蘆使字第267號,102,267,25.080641,121.468791
1,2014/01/08,好美公寓大廈管理委員會,新北市蘆洲區光華路46巷3號等,102蘆使字第609號,102,609,25.083248,121.468532
1,2014/02/25,東運金典公寓大廈管理委員會,新北市蘆洲區長興路62號等,101蘆使字第129號,101,129,25.083933,121.463301
1,2014/02/13,新春公寓大廈管理委員會,新北市蘆洲區光復路32-1號等,101蘆使字第004號,101,004,25.084778,121.463337
1,2014/04/07,耀金品社區管理委員會,新北市蘆洲區長榮路416號等,102蘆使字第058號,102,058,25.0881,121.459683
1,1998/11/11,蘆洲市金銀大樓管理委員會(補全報備資料),"新北市蘆洲市中山一路10,12號",83蘆使字第1388號,83,1388,25.076544,121.468733
1,2014/08/07,怡家美居管理委員會,新北市蘆洲區長樂路13、15號,103蘆使字第122號,103,122,25.091436,121.46265
1,2014/08/06,光復喜來管理負責人,新北市蘆洲區光復路3號等,103蘆使字第112號,103,112,25.084282,121.462239
1,2014/08/06,喜來管理負責人,新北市蘆洲區光榮路118號等,103蘆使字第111號,103,111,25.089348,121.464586
1,2014/10/22,賦雅軒社區公寓大廈管理委員會,新北市蘆洲區信義路158之15號等,102蘆使字第077號,102,077,25.083711,121.479996
1,2014/11/21,美品家園管理委員會,新北市蘆洲區長興路415號等,100蘆使字第487號,100,487,25.092518,121.461712
1,2014/11/04,永平捷運公寓大廈管理委員會,新北市蘆洲區永平街32巷11弄17號等,81蘆使字第089號,81,089,25.091557,121.458224
1,2014/11/26,晶鑽管理委員會,新北市蘆洲區光華路186巷38號等,102蘆使字第068號,102,068,25.083358,121.464969
1,2014/11/25,光華寓所管理負責人,新北市蘆洲區光華路150巷10弄3號等,103蘆使字第348號,103,348,25.082888,121.465687
1,2015/01/07,畢卡索六期公寓大廈管理委員會,新北市蘆洲區重陽街80號等,102蘆使字第574號,102,574,25.084295,121.482369
1,2015/01/22,璞園屋久紀社區管理委員會,新北市蘆洲區中正路1至7號(單),103蘆使字第368號,103,368,25.081762,121.471506
1,2015/02/04,陸江聚公寓大廈管理委員會,新北市蘆洲區長樂路8號等,103蘆使字第320號,103,320,25.084724,121.464208
1,2015/02/12,承居光復管理負責人,新北市蘆洲區光復路78及80號,103蘆使字第467號,103,467,25.085629,121.464511
1,2015/03/27,豪今科技大樓管理負責人,新北市蘆洲區國道路二段68號,102蘆使字第541號,102,541,25.074138,121.472657
1,2015/03/03,合邑公寓大廈管理委員會,新北市蘆洲區長榮路237號,103蘆使字第379號,103,379,25.085784,121.460292
1,2015/04/01,中原樓社區管理委員會,新北市蘆洲區長安街102巷41號,80蘆使字第669號,80,669,25.081752,121.462205
1,2015/04/29,雅仕閣社區管理委員會,新北市蘆洲區光榮路101巷38號,93蘆使字第194號,93,194,25.090458,121.463838
1,2015/04/29,蘆洲和平富寓社區管理負責人,新北市蘆洲區和平路121巷14弄2號,104蘆使字第145號,104,145,25.079605,121.466678
1,2015/05/05,書香畫境公寓大廈管理委員會,新北市蘆洲區環堤大道120之1號,91蘆使字第197號,91,197,25.087264,121.45571
1,2015/06/04,現代金典公寓大廈管理委員會,新北市蘆洲區光復路47號1樓,103蘆使字第098號,103,098,25.084996,121.463264
1,2015/06/12,大正企業管理負責人,新北市蘆洲區九芎街66號,104蘆使字第010號,104,010,25.079131,121.46675
1,2015/07/07,香榭大道A區,新北市蘆洲區光明路88巷28號4樓,94蘆使字第630號,94,630,25.086963,121.463252
1,2015/08/04,新天境公寓大廈管理負責人,新北市蘆洲區長榮路71號6樓,102蘆使字第248號,102,248,25.083604,121.462035
1,2015/08/27,統才泰邑大廈管理委員會,新北市蘆洲區復興路196號7樓,103蘆使字第231號,103,231,25.088846,121.478295
1,2015/09/11,永平323357公寓管理負責人,新北市蘆洲區永平街32巷33弄7號,77蘆使字第1014號,77,1014,25.092078,121.459078
1,2015/09/18,新峰向社區,新北市蘆洲區長興路168號1樓,104蘆使字第017號,104,017,25.08603,121.461479
1,2015/10/28,城市知己紐約公寓管理委員會,新北市蘆洲區信義路138號7樓之5,104蘆使字第224號,104,224,25.083126,121.479555
1,2015/11/23,樹梅公寓大廈,新北市蘆洲區光復路28號3樓,104蘆使字第313號,104,313,25.084658,121.463173
1,2015/11/18,喜悅公寓大廈管理委員會,新北市蘆洲區民族路315號4樓之1,103蘆使字第273號,103,273,25.091358,121.474596
1,2016/01/27,台北大公園公寓大廈委員會,新北市蘆洲區光華路186巷25號,104蘆使字第00021號,104,00021,25.083152,121.464769
1,2016/02/04,摩登雅客,新北市蘆洲區中山一路110-114號,85蘆使字第00778號,85,00778,25.081574,121.477379
1,2016/02/05,如意富境大廈社區管理委員會,新北市蘆洲區長樂路45號,104蘆使字第00263號,104,00263,25.085894,121.463068
1,2016/03/04,城市知己東京公寓管理委員會,新北市蘆洲區信義路222巷35號,104蘆使字第00420號,104,00420,25.085547,121.480146
1,2016/03/16,名毅一山社區管理委員會,新北市蘆洲區集賢路318號,100蘆使字第00370號,100,00370,25.084951,121.481296
1,2016/03/16,連銓天廈公寓大廈管理委員會,新北市蘆洲區光榮路85號,103蘆使字第00014號,103,00014,25.088671,121.462064
1,2016/03/29,茂田公寓大廈管理負責人,新北市蘆洲區中正路373號,105蘆使字第00020號,105,00020,25.090703,121.464564
1,2016/04/28,新士林藝術廣場社區管委會,新北市蘆洲區永平街32巷11弄27號,80蘆使字第880號,80,880,25.091722,121.457894
1,2016/06/03,中華商城管理負責人,新北市蘆洲區中華街23-29號,105蘆使字第00030號,105,00030,25.081582,121.463576
1,2016/07/25,造剛公寓大廈管理負責人,新北市蘆洲區和平路90號,105蘆使字第00193號,105,00193,25.079302,121.469188
1,2016/07/27,麗成傳家公寓大廈管理委員會,新北市蘆洲區長樂路93號,104蘆使字第00437號,104,00437,25.087132,121.462407
1,2016/08/12,城市知己巴黎公寓管理委員會,新北市蘆洲區三民路157號,105蘆使字第00066號,105,00066,25.08686,121.471249
1,2016/08/11,光明貳捌公寓大廈管理委員會,新北市蘆洲區光明路106巷28號,104蘆使字第00457號,104,00457,25.087315,121.463717
1,2016/08/11,麗成傳家公寓大廈管理委員會,新北市蘆洲區長樂路93號,104蘆使字第00437號,104,00437,25.087132,121.462407
1,2016/09/06,承居100公寓大廈管理委員會,新北市蘆洲區光復路100巷2號,104蘆使字第00229號,104,00229,25.085712,121.464871
1,2016/09/06,煌頂森活館管理委員會,新北市蘆洲區永康街60號,104蘆使字第00323號,104,00323,25.085684,121.45869
1,2016/10/21,榕昶美學社區管理委員會,新北市蘆洲區光榮路120巷22弄24號,102蘆使字第00372號,102,00372,25.087389,121.464772
1,2016/10/04,富鼎公寓大廈管理委員會,新北市蘆洲區民族路251號,104蘆使字第00198號,104,00198,25.090223,121.476848
1,2016/11/17,佳旺中原公寓大廈管理委員會,新北市蘆洲區中原路13-13之1號,104蘆使字第00546號,104,00546,25.08313,121.460982
1,2016/11/17,百珵公寓大廈管理委員會,新北市蘆洲區長安街26-32號,105蘆使字第00085號,105,00085,25.079273,121.46402
1,2016/10/31,金玉滿堂公寓大廈管理委員會,新北市蘆洲區中正路47-55號,84蘆使字第0931號,84,0931,25.082514,121.47092
1,2016/12/09,長榮VIP公寓大廈管理委員會,新北市蘆洲區中原里29鄰長榮路48號,105蘆使字第00236號,105,00236,25.083231,121.462847
1,2016/12/28,新天際社區管理委員會,新北市蘆洲區三民路571號,104蘆使字第00619號,104,00619,25.092289,121.462056
1,2017/01/11,兆豐居大廈管理委員會,新北市蘆洲區長興路312號,105蘆使字第00091號,105,00091,25.092141,121.461578
1,2017/01/13,時上京宴管理委員會,新北市蘆洲區長榮路309號,105蘆使字第00188號,105,00188,25.086521,121.459894
1,2017/04/05,亞築公寓大廈管理負責人,新北市蘆洲區長安街108巷9號等,105蘆使字第00340號,105,00340,25.082148,121.4615
1,2017/04/25,新峰光社區管理委員會,新北市蘆洲區長興路185號等,105蘆使字第00357號,105,00357,25.085882,121.461337
1,2017/05/17,鄉林淳詠社區管理委員會,新北市蘆洲區中正路243巷1號等,105蘆使字第00403號,105,00403,25.086281,121.467539
1,2017/05/24,佳旺家園公寓大廈管理委員會,新北市蘆洲區光復路30巷3號等,105蘆使字第00123號,105,00123,25.084555,121.463516
1,2017/06/29,威盛公寓大廈管理負責人,新北市蘆洲區長榮路106號等,102蘆使字第00160號,102,00160,25.084164,121.461931
1,2017/07/06,麗揚永安公寓大廈管理負責人,新北市蘆洲區國道路2段28號等,106蘆使字第00190號,106,00190,25.073594,121.474373
1,2017/07/07,昕躍公寓大廈管理負責人,新北市蘆洲區長榮路250號等,104蘆使字第00581號,104,00581,25.085834,121.460669
1,2017/07/17,民學公寓大廈管理委員會,新北市蘆洲區復興路46號等,67蘆使字第02838號,67,02838,25.085357,121.472615
1,2017/07/20,水湳街25號27號公寓大廈管理委員會,新北市蘆洲區水湳街27號等,78蘆使字第00020號,78,00020,25.088365,121.47224
1,2017/07/21,光華居邑管理委員會,新北市蘆洲區光華路95~105單號,86蘆使字第00282號,86,00282,25.083351,121.469909
1,2017/07/25,永樂大樓管理委員會,新北市蘆洲區永樂街31巷9號等,104蘆使字第00331號,104,00331,25.087188,121.45815
1,2017/08/03,品臻璽社區管理委員會,新北市蘆洲區正和街101號等,105蘆使字第00483號,105,00483,25.08039,121.467805
1,2017/08/10,ik宜家公寓大廈管理委員會,新北市蘆洲區復興路87巷36號1樓 ,105蘆使字第00540號,105,00540,25.088439,121.475599
1,2017/08/10,群曜悠閣社區管理委員會,新北市蘆洲區長樂路108號等,104蘆使字第00476號,104,00476,25.08922,121.461982
1,2017/08/21,幸福之家公寓大廈管理委員會,新北市蘆洲區九芎街167巷10號,105蘆使字第00104號,105,00104,25.078396,121.465168
1,2017/08/22,松莊公寓大廈管理負責人,新北市蘆洲區光華路180號 ,105蘆使字第00460號,105,00460,25.082094,121.464938
1,2017/07/26,中山天廈管理委員會,新北市蘆洲區中山一路281巷2號等,78蘆使字第00613號,78,00613,25.079487,121.472102
1,2017/09/11,光明尊邸公寓大廈管理委員會,新北市蘆洲區光明路50巷9號等,105蘆使字第00014號,105,00014,25.086925,121.461911
1,2018/02/14,易居公寓大廈管理委員會,新北市蘆洲區光華路73巷27之1號,105蘆使字第00325號,105,00325,25.08212,121.468638
1,2018/03/14,"大和豐公寓大廈管理負責人(公所10703疏漏,1070416補登)",新北市蘆洲區水湳里6鄰民族路375-2號等,107蘆臨使字第00001號,107,00001,25.090696,121.470279
1,2018/03/15,喜福匯社區管理委員會,新北市蘆洲區長樂路166號等,106蘆使字第00384號,106,00384,25.090892,121.462571
1,2018/03/22,金世首璽公寓大廈管理委員會,新北市蘆洲區正義里25鄰長興路71號等,104蘆使字第00537號,104,00537,25.084495,121.462414
1,2018/04/11,榮華社區管理負責人,新北市蘆洲區光華路73巷2號等,107蘆使字第00023號,107,00023,25.082442,121.468087
1,2018/04/17,柳堤雅居公寓大廈管理負責人,新北市蘆洲區正義里10鄰光榮路97巷55號等,106蘆使字第00001號,106,00001,25.090005,121.462808
1,2018/06/12,李公敏大廈管理負責人,新北市蘆洲區仁義里6鄰集賢路344號等,106蘆使字第00541號,106,00541,25.084263,121.480987
1,2018/06/15,三多立御禧管理委員會,新北市蘆洲區永安南路二段16巷17弄39號2樓等,104蘆使字第00037號,104,00037,25.078132,121.466589
1,2018/06/15,永安華廈乙區管理委員會,新北市蘆洲區九芎街15巷6號等,91蘆使字第00211號,91,00211,25.07813,121.467958
1,2018/06/15,蘆義社區管理委員會,新北市蘆洲區集賢路354號等,084蘆使字第00068號,084,00068,25.084166,121.480774
1,2018/07/09,洋溢綺麗公寓大廈管理委員會,新北市蘆洲區永康街118號等,106蘆使字第00260號,106,00260,25.085359,121.457967
1,2018/07/27,御寬庭花園社區管理委員會,新北市蘆洲區中路里16鄰和平路146號等,106蘆使字第00421號,106,00421,25.080946,121.466781
1,2018/07/30,徐匯廣場大廈管理負責人,新北市蘆洲區中山一路8號1樓,100蘆使字第00548號、100蘆變使字00548號,100,00548,25.080497,121.480363
1,2018/08/03,益棧華廈管理負責人,新北市蘆洲區中路里11鄰光華路175巷92號等,107蘆使字第00257號,107,00257,25.08038,121.465998
1,2018/09/04,長安68公寓大廈管理負責人,新北市蘆洲區長安街68巷9-3號1樓,102蘆使字第00596號,102,00596,25.0806,121.463131
1,2018/09/05,柏邑集賢會館管理負責人,新北市蘆洲區恆德里18鄰集賢路403號等,103蘆使字第00519號,103,00519,25.081575,121.480228
1,2018/09/14,御寶三期公寓大廈管理委員會,新北市蘆洲區長榮路197號1樓等,102蘆使字第00371號,102,00371,25.084572,121.461034
1,2018/09/18,台信醫管公寓大廈管理負責人,新北市蘆洲區中原里29鄰長榮路58號等,107蘆使字第00032號,107,00032,25.083413,121.462675
1,2018/09/18,喜福匯二期社區管理委員會,新北市蘆洲區正義里2鄰三民路501號等,107蘆使字第00062號,107,00062,25.091342,121.463515
1,2018/09/18,喜福匯三期社區管理委員會,新北市蘆洲區水河里17鄰仁愛街90號等,107蘆使字第00131號,107,00131,25.094601,121.470561
1,2018/03/22,金世首璽公寓大廈管理委員會,新北市蘆洲區正義里25鄰長興路71號等,104蘆使字第00537號,104,00537,25.084495,121.462414
1,2018/04/11,榮華社區管理負責人,新北市蘆洲區光華路73巷2號等,107蘆使字第00023號,107,00023,25.082442,121.468087
1,2018/04/17,柳堤雅居公寓大廈管理負責人,新北市蘆洲區正義里10鄰光榮路97巷55號等,106蘆使字第00001號,106,00001,25.090005,121.462808
1,2018/06/12,李公敏大廈管理負責人,新北市蘆洲區仁義里6鄰集賢路344號等,106蘆使字第00541號,106,00541,25.084263,121.480987
1,2018/06/15,三多立御禧管理委員會,新北市蘆洲區永安南路二段16巷17弄39號2樓等,104蘆使字第00037號,104,00037,25.078132,121.466589
1,2018/06/15,永安華廈乙區管理委員會,新北市蘆洲區九芎街15巷6號等,91蘆使字第00211號,91,00211,25.07813,121.467958
1,2018/06/15,蘆義社區管理委員會,新北市蘆洲區集賢路354號等,084蘆使字第00068號,084,00068,25.084166,121.480774
1,2018/07/09,洋溢綺麗公寓大廈管理委員會,新北市蘆洲區永康街118號等,106蘆使字第00260號,106,00260,25.085359,121.457967
1,2018/07/27,御寬庭花園社區管理委員會,新北市蘆洲區中路里16鄰和平路146號等,106蘆使字第00421號,106,00421,25.080946,121.466781
1,2018/07/30,徐匯廣場大廈管理負責人,新北市蘆洲區中山一路8號1樓,100蘆使字第00548號、100蘆變使字00548號,100,00548,25.080497,121.480363
1,2018/08/03,益棧華廈管理負責人,新北市蘆洲區中路里11鄰光華路175巷92號等,107蘆使字第00257號,107,00257,25.08038,121.465998
1,2018/09/04,長安68公寓大廈管理負責人,新北市蘆洲區長安街68巷9-3號1樓,102蘆使字第00596號,102,00596,25.0806,121.463131
1,2018/09/05,柏邑集賢會館管理負責人,新北市蘆洲區恆德里18鄰集賢路403號等,103蘆使字第00519號,103,00519,25.081575,121.480228
1,2018/09/14,御寶三期公寓大廈管理委員會,新北市蘆洲區長榮路197號1樓等,102蘆使字第00371號,102,00371,25.084572,121.461034
1,2018/09/18,台信醫管公寓大廈管理負責人,新北市蘆洲區中原里29鄰長榮路58號等,107蘆使字第00032號,107,00032,25.083413,121.462675
1,2018/09/18,喜福匯二期社區管理委員會,新北市蘆洲區正義里2鄰三民路501號等,107蘆使字第00062號,107,00062,25.091342,121.463515
1,2018/09/18,喜福匯三期社區管理委員會,新北市蘆洲區水河里17鄰仁愛街90號等,107蘆使字第00131號,107,00131,25.094601,121.470561
1,2018/10/25,希望城市社區管理委員會,新北市蘆洲區保新里9鄰三民路378號等,104蘆使字第00144號,104,00144,25.092005,121.464226
1,2018/11/27,大吾蔚公寓大廈管理委員會,新北市蘆洲區中原里25鄰長興路50巷8號等,107蘆使字第00052號,107,00052,25.084492,121.464748
1,2018/12/02,享家歡享管理委員會,新北市蘆洲區水河里10鄰民族路422巷15弄16號等,107蘆使字第00175號,107,00175,25.092988,121.473457
1,2018/12/11,享家樂享管理委員會,新北市蘆洲區水河里10鄰民族路422巷15弄6號等,107蘆使字第00195號,107,00195,25.092707,121.473767
1,2018/12/24,善住大廈管理委員會,新北市蘆洲區長樂路237巷16號2樓等,106蘆使字第00570號,106,00570,25.091695,121.462155
1,2018/12/26,樹德公寓大廈管理委員會,新北市蘆洲區信義路222巷32弄27號等,77蘆使字第01005號,77,01005,25.08471,121.480604
1,2018/12/28,台北龍族公寓大廈管理委員會,新北市蘆洲區永樂街28號等,77蘆使字第01841號,77,01841,25.08837,121.458496
1,2019/01/18,傳承國寶公寓大廈管理委員會,新北市蘆洲區三民路511號等,107蘆使字第00271號,107,00271,25.091486,121.463172
1,2018/12/13,徐滙商舘公寓大廈管理負責人,新北市蘆洲區恆德里18鄰集賢路409號2樓等,107蘆使字第00284號,107,00284,25.081192,121.48008
1,2019/02/15,御寶NO.5第舞集公寓大廈管理委員會,新北市蘆洲區長興路101號1樓等,106蘆使字第00247號,106,00247,25.085207,121.461697
1,2019/01/30,大渼公寓大廈管理委員會(補登1080326),新北市蘆洲區永樂里20鄰永樂街38巷33弄33號地下樓,101蘆使字第00489號,101,00489,25.089784,121.456705
1,2019/04/15,得裕公寓大廈管理負責人,新北市蘆洲區正義里10鄰長樂路148號等,108蘆使字第00013號,108,00013,25.090551,121.462433
1,2019/04/16,築禾豐社區管理委員會,新北市蘆洲區光華里2鄰中正路77號等,105蘆使字第00305號,105,00305,25.083214,121.470138
1,2019/04/17,鴻成涵美社區管理委員會,新北市蘆洲區仁愛里17鄰民權路118巷7號2樓等,106蘆使字第00496號,106,00496,25.088989,121.473917
1,2019/03/14,佳旺光復公寓大廈管理委員會,新北市蘆洲區正義里23鄰光復路43號 ,106蘆使字第00265號,106,00265,25.084931,121.463162
1,2019/05/21,舞鶴公寓大廈管理委員會,新北市蘆洲區正義里13鄰長樂路187號2樓等,105蘆使字第00308號,105,00308,25.08863,121.461558
1,2019/06/19,喜來登738公寓大廈管理負責人,新北市蘆洲區中原里29鄰光復路8號等,108蘆使字第00045號,108,00045,25.084184,121.462507
1,2019/07/05,長榮悅公寓大廈管理委員會,新北市蘆洲區正義里長榮路166號等,106蘆使字第00438號,106,00438,25.085106,121.461124
1,2019/07/25,馥悅公寓大廈管理委員會,新北市蘆洲區福安里1鄰民族路237號等,106蘆使字第00389號,106,00389,25.089987,121.477273
1,2019/08/27,全球大富貴公寓大廈管理委員會,新北市蘆洲區永平街32巷57弄20號等,078蘆使字第00805號,078,00805,25.093228,121.459084
1,2019/10/01,士林大旺族管理委員會,新北市蘆洲區永安北路二段76巷6號等,084蘆使字第00930號,084,00930,25.085014,121.483414
1,2019/12/19,長安家旺公寓大廈管理委員會,新北市蘆洲區忠義里8鄰長安街108巷17號等,107蘆使字第00430號,107,00430,25.082308,121.461746
1,2020/01/21,城市知己倫敦公寓管理委員會,新北市蘆洲區溪墘里14鄰中山一路175號等,108蘆使字第00159號,108,00159,25.081295,121.474886
1,2020/03/03,一品滙(登錄-匯)社區管理委員會,新北市蘆洲區水湳里25鄰水湳街389號3樓等,104蘆使字第00106號,104,00106,25.093969,121.469893
1,2020/03/04,傳家園社區管理委員會,新北市蘆洲區保佑里7鄰中正路196號,108蘆使字第00269號,108,00269,25.088211,121.466838
1,2020/04/01,雪黎公寓大廈管理委員會,新北市蘆洲區三民路581號等,108蘆使字第00353號,108,00353,25.092755,121.461726
1,2020/04/15,如意麗境公寓大廈管理委員會,新北市蘆洲區正義里10鄰光榮路97巷33號,108蘆使字第00341號,108,00341,25.089717,121.462734
1,2020/06/19,信義一品大廈管理委員會,新北市蘆洲區鷺江里6鄰信義路339號3樓,108蘆使字第00180號,108,00180,25.086962,121.477946
1,2019/02/26,民義好鄰居公寓大廈管理負責人 (109-08補登),新北市蘆洲區民權路121巷18號1樓,70蘆使字第2880號,70,2880,25.088944,121.470697
1,2020/08/25,大和玉管理委員會,新北市蘆洲區正義里13鄰長樂路217號等,107蘆使字第00338號,107,00338,25.089202,121.46169
1,2020/09/02,夆典里享國社區管理委員會,新北市蘆洲區樓厝里中興街89號2樓等,109蘆使字第00014號,109,00014,25.088404,121.482074
1,2020/11/03,至億柏京公寓大廈管理委員會,新北市蘆洲區復興路8號2樓等,108蘆使字第00157號,108,00157,25.085144,121.471789
1,2020/11/07,長安優質公寓大廈管理委員會,新北市蘆洲區長安街46巷1弄1號等,77蘆使字第261號,77,261,25.079858,121.463488
1,2020/11/27,御寶NO.6皇琚公寓大廈管理委員會,新北市蘆洲區長興路182號,106蘆使字第00170號,106,00170,25.086259,121.461346
1,2020/12/08,128快樂家園公寓大廈管理委員會,新北市蘆洲區三民路128巷78號等,69蘆使字第3173號,69,3173,25.08961,121.470069
1,2020/12/08,捷運學府管理委員會　,新北市蘆洲區長榮路680號5樓等,104蘆使字第00485號,104,00485,25.090724,121.460001
1,2020/12/07,128快樂家園公寓大廈管理委員會,新北市蘆洲區三民路128巷78號等,69蘆使字第3173號,69,3173,25.08961,121.470069
1,2020/12/17,涵悅公寓大廈管理委員會,新北市蘆洲區民族路316號等,109蘆使字第00056號,109,00056,25.090437,121.476965
1,2020/12/19,長安吉祥管理委員會,新北市蘆洲區長安街46巷1弄2號等,77蘆使字第262號,77,262,25.079958,121.463564
1,2020/12/20,長安如意管理委員會,新北市蘆洲區長安街46巷1弄5號等,77蘆使字第263號,77,263,25.07996,121.46332
1,2021/02/13,三多立愛社區管理委員會,新北市蘆洲區民權路137巷2號2樓等,109蘆使字第00040號,109,00040,25.090366,121.47154
1,2021/04/06,永安元首公寓大廈管理委員會,新北市蘆洲區延平里12鄰永安南路二段148號,109蘆使字第00313號,109,00313,25.078817,121.462022
1,2021/04/08,家泰大MINI社區管理委員會,新北市蘆洲區玉清里11鄰中興街42號,109蘆使字第00367號,109,00367,25.086589,121.481471
1,2021/05/04,富貴園社區管理委員會,新北市蘆洲區復興路87巷14號6樓,83蘆使字第1739號,83,1739,25.088058,121.476187
1,2021/06/12,民族新貴公寓大廈管理委員會,新北市蘆洲區民族路438-1號1樓,108蘆使字第00272號,108,00272,25.092075,121.473234
1,2021/07/03,蘆洲李宅公寓管理負責人,新北市蘆洲區得仁里13鄰中山二路269號2樓 ,109蘆使字第00203號,109,00203,25.079478,121.469863
1,2021/07/08,喜年來798公寓大廈管理負責人,新北市蘆洲區忠義里13鄰中原路21巷7弄6號,109蘆使字第00428號,109,00428,25.082424,121.461163
1,2021/08/11,家福公寓大廈管理委員會,新北市蘆洲區民族路336巷58號3樓等,108蘆使字第00448號,108,00448,25.091819,121.478181
1,2021/10/04,水湳快樂家園公寓大廈管理委員會,新北市蘆洲區水湳街81號等,69蘆使字第3174號,69,3174,25.089759,121.470381
1,2021/10/05,瑞庭公寓大廈管理委員會,新北市蘆洲區中原路21巷7弄38號,109蘆使字第00132號,109,00132,25.082903,121.461761
1,2021/11/17,京雅苑社區管理委員會,新北市蘆洲區長興路55號2樓等,110蘆使字第196號,110,196,25.083915,121.46302
1,2021/11/27,一品華廈管理委員會,新北市蘆洲區信義里4鄰信義路294號2樓,109蘆使字第211號,109,211,25.087536,121.47769
1,2021/11/28,成功園林管理委員會,新北市蘆洲區長安街327號1樓等,83蘆使字第821號,83,821,25.086497,121.457313
1,2021/12/13,米蘭公寓社區管理委員會,新北市蘆洲區光復路25號等,110蘆使字第140號,110,140,25.084617,121.462723
1,2022/01/28,茂楷得勝大廈管理委員會,新北市蘆洲區得勝街66號等,110蘆使字第214號,110,214,25.083604,121.472725
1,2022/03/29,晶華城大廈管理負責人,新北市蘆洲區光榮路120巷22弄20號等,108蘆使字第177號,108,177,25.087437,121.464842
1,1996/06/25,公園我家社區管理委員會,鶯歌鎮鶯桃路182巷96弄46號,82鶯使字第 1070 號,82,1070,24.956745,121.339337
1,1996/07/24,建國華園管理委員會,鶯歌鎮育樂街98號,82鶯使字第 1497 號,82,1497,24.954314,121.343354
1,1996/09/26,第一家庭管理委員會,鶯歌鎮文化路249號3樓,84鶯使字第 1230 號,84,1230,24.256848,120.531617
1,1996/10/21,合家歡管理委員會,鶯歌鎮西湖街2－9號,84鶯使字第 0179 號,84,0179,24.957035,121.341268
1,1996/11/06,大吉地第一期管理委員會,鶯歌鎮育智路－82號,83鶯使字第 0559 號,83,0559,24.954526,121.345167
1,1996/11/07,滿庭芳管理委員會,鶯歌鎮尖山路140巷12弄8號4樓,85鶯使字第 0133 號,85,0133,24.949598,121.346473
1,1996/11/19,和範江山大廈管理委員會,鶯歌鎮尖山路103號,85鶯使字第 1026 號,85,1026,24.948983,121.348204
1,1997/02/05,大觀園管理委員會,鶯歌鎮尖山路156巷1至69－(單)號,85鶯使字第 0239 號,85,0239,24.949024,121.345881
1,1997/04/08,上下一家管理委員會,鶯歌鎮三鶯路29巷－15號,84鶯使字第 1082 號,84,1082,24.939639,121.35408
1,1997/06/27,三鶯第王管理委員會,鶯歌鎮和平街27－1號4樓,85鶯使字第 1282 號,85,1282,23.654119,120.310363
1,1997/07/02,金鳳凰管理委員會,鶯歌鎮中正路226－2號4樓,84鶯使字第 1127 號,84,1127,24.811465,120.964703
1,1997/08/19,富貴吉祥管理委員會,鶯歌鎮育德街39號,85鶯使字第 1343 號,85,1343,24.970241,121.391813
1,1997/10/24,豪鑽管理委員會,鶯歌鎮建國路85號3樓之1 ,85鶯使字第 0968 號,85,0968,24.976565,121.540414
1,1997/10/27,國華家園管理委員會,鶯歌鎮國華路95號6樓,82鶯使字第 0597 號,82,0597,24.953996,121.343149
1,1997/11/07,中正首府管理委員會,鶯歌鎮中正一路115號6樓之5 ,84鶯使字第 1351 號,84,1351,24.955539,121.352101
1,1997/11/07,四季陽光管理委員會,鶯歌鎮永明街60巷38號3樓,84鶯使字第 0338 號,84,0338,24.955071,121.340343
1,1997/12/05,台北新世紀管理委員會,鶯歌鎮中正三路100巷7號3樓,82鶯使字第 0250 號,82,0250,24.941516,121.338166
1,1998/01/26,田名狀元管理委員會,鶯歌鎮中山路121至125－(單)號,84鶯使字第 1259 號,84,1259,22.430015,120.521141
1,1998/04/28,歡喜就好管理委員會,鶯歌鎮光明街77~115－(單)號1~8樓,86鶯使字第 0809 號,86,0809,25.002576,121.460108
1,1998/05/25,中正新天地管理委員會,鶯歌鎮鶯桃路97巷1~18號1~9樓,85鶯使字第 1527 號,85,1527,24.953766,121.338139
1,1998/05/25,景德鎮管理委員會,鶯歌鎮國中街104~114號,86鶯使字第 0678 號,86,0678,24.938751,121.337881
1,1998/06/19,四季陽光第二期管理委員會,鶯歌鎮永明街62~70－(雙)號1~7樓,86鶯使字第 0669 號,86,0669,24.104604,120.676675
1,1998/06/24,中國學府管理委員會,鶯歌鎮國中街62.64號,86鶯使字第 0727 號,86,0727,24.938751,121.337881
1,1998/07/03,天生贏家管理委員會,鶯歌鎮中山路329巷6弄2~24號,83鶯使字第 1777 號,83,1777,24.956213,121.343553
1,1998/07/17,雙喜臨門A棟管理委員會,鶯歌鎮鶯桃路129巷12弄1~9號,83鶯使字第 1575 號,83,1575,24.954447,121.337132
1,1998/07/17,雙喜臨門管理委員會,鶯歌鎮鶯桃路2~12號,83鶯使字第 1748 號,83,1748,24.959076,121.337124
1,1998/08/28,全民頭家管理委員會,鶯歌鎮尖山路280~300－(雙)號1~8樓,86鶯使字第 1052 號,86,1052,24.950341,121.351239
1,1998/08/29,總統美夢管理委員會,鶯歌鎮光照街21~27－(單)號1~8樓,87鶯使字第 0242 號,87,0242,24.940235,121.33833
1,1998/12/30,台北康橋管理委員會,鶯歌鎮中正三路福德巷9.13.15.17號1~7樓,85鶯使字第 0268 號,85,0268,24.940832,121.340036
1,1999/05/05,富盛家園管理委員會,鶯歌鎮育德街34－1~5號1~7樓,83鶯使字第 0224 號,83,0224,24.955387,121.343919
1,1999/06/15,天天開心管理委員會,鶯歌鎮高職西街106號,87鶯使字第 0831 號,87,0831,24.941334,121.335851
1,1999/08/23,陶花園社區管理委員會,鶯歌鎮鶯桃路129巷21弄2.6~84－(雙)號,88鶯使字第 0035 號,88,0035,24.953534,121.337933
1,1999/08/23,別墅唐寧街社區管理委員會,鶯歌鎮永明街60巷58弄28號,88鶯使字第 0103 號,88,0103,24.95458,121.340131
1,1999/09/14,天天開心二期管理委員會,鶯歌鎮國中街102~144－(雙)號,88鶯使字第 0206 號,88,0206,24.943456,121.342288
1,1999/10/04,家隆花園管理委員會,鶯歌鎮中正三路147巷2.4.6號,83鶯使字第 0604 號,83,0604,24.939876,121.336918
1,1999/11/05,再見房東管理委員會,鶯歌鎮公園街1~7－(單)號1~7樓,87鶯使字第 0375 號,87,0375,23.227053,120.182004
1,1999/11/05,龍鳳呈祥管理委員會,鶯歌鎮國中街6~18－(雙)號1~7樓,87鶯使字第 0567 號,87,0567,24.943456,121.342288
1,2000/04/27,四季陽光管理委員會,鶯歌鎮永明街60巷2~50號,84鶯使字第 0338 號,84,0338,24.954968,121.340605
1,2000/04/27,夏季公園管理委員會,鶯歌鎮國光街66號,88鶯使字第 0939 號,88,0939,25.000457,121.470446
1,2000/04/28,四季連莊管理委員會,鶯歌鎮中正一路137巷11弄5號,88鶯使字第 1112 號,88,1112,24.956316,121.35157
1,2000/05/24,美麗宏國乙區管理委員會,鶯歌鎮高職西街41~73號,87鶯使字第 0482 號,87,0482,24.940967,121.335803
1,2000/05/24,美麗宏國甲區管理委員會,鶯歌鎮高職西街50~82號,87鶯使字第 0483 號,87,0483,24.940967,121.335803
1,2001/03/22,陶瓷園管理委員會,鶯歌鎮高職西街105~113－(單)號1~7樓,87鶯使字第 0157 號,87,0157,24.942107,121.338294
1,2001/07/09,鳳鳴別莊管理委員會,鶯歌鎮福安街7巷24弄18號,88鶯使字第 0697 號,88,0697,24.241717,120.562104
1,2001/07/19,台北鄉管理委員會城,鶯歌鎮鶯桃路129巷2.4.6.8號,83鶯使字第 0108 號,83,0108,24.954025,121.337492
1,2001/11/07,名辰陽光閣廈管理委員會,鶯歌鎮國中街7.9.11號1~7樓,90鶯使字第 0462 號,90,0462,24.938751,121.337881
1,2001/12/14,鶯歌建國華園管理委員會,鶯歌鎮育樂街94~112號1~7樓,82鶯使字第 1497 號,82,1497,24.954181,121.343645
1,2002/01/03,富麗名園管理委員會,鶯歌鎮鶯桃路182巷96弄6~30號,82鶯使字第 1070 號,82,1070,24.956733,121.339241
1,2002/02/18,第一花園管理委員會,鶯歌鎮鶯桃路二段27.31號,80鶯使字第 0238 號,80,0238,24.973299,121.324845
1,2002/02/18,第一家庭(二期管理委員會)管理委員會,鶯歌鎮文化路247號,89鶯使字第 0177 號,89,0177,24.308878,120.710121
1,2002/03/05,智慧龍門管理委員會,鶯歌鎮建國路182－1號,79鶯使字第 0879 號,79,0879,22.63644,120.353313
1,2002/03/14,山水綠庭管理委員會,鶯歌鎮永福街1.5－1~6號,80鶯使字第 1129 號,80,1129,25.038243,121.50563
1,2002/03/14,帝王富都管理委員會,鶯歌鎮育才街30號,89鶯使字第 0362 號,89,0362,24.955082,121.348737
1,2002/03/25,四季陽光社區管理委員會,鶯歌鎮永明街60巷2~50－(雙)號,86鶯使字第 0038 號,86,0038,24.955342,121.340674
1,2002/04/03,輕鬆住管理委員會,鶯歌鎮重慶街13.15.17號,89鶯使字第 0749 號,89,0749,24.95237,121.34762
1,2002/04/18,雙喜臨門管理委員會,鶯歌鎮鶯桃路129巷14.16號,83鶯使字第 1575 號,83,1575,24.954025,121.337492
1,2002/05/20,尊邸管理委員會,鶯歌鎮育英街53~63－(單)號,90鶯使字第 0493 號,90,0493,24.990687,121.539399
1,2002/08/05,來來客鄰管理委員會,鶯歌鎮香賓街2.6號1~11樓,86鶯使字第 0510 號,86,0510,24.979589,121.337507
1,2002/08/09,豪美家園管理委員會,鶯歌鎮仁愛路59~69－(單)號,88鶯使字第 0458 號,88,0458,24.88472,121.285585
1,2002/10/15,鳳鳴園管理委員會,鶯歌鎮鶯桃路658巷17~23－(單)號,80鶯使字第 0858 號,80,0858,24.969403,121.329299
1,2002/11/13,滿庭芳銀座管理委員會,鶯歌鎮尖山路140巷12弄1.3.5.7號1~7樓,84鶯使字第 0502 號,84,0502,24.949638,121.346676
1,2003/03/20,大街大利管理委員會,鶯歌鎮鶯桃路234巷9號,89鶯使字第 0842 號,89,0842,24.959558,121.336693
1,2003/06/16,福臨居管理委員會,鶯桃路295巷2~52號,91鶯使字第 0289 號,91,0289,24.959688,121.334115
1,2003/12/24,大富名家管理委員會,永明街72~78號,90鶯使字第 0710 號,90,0710,24.95581,121.34276
1,2004/05/26,羅符晶饡管理委員會,鶯歌鎮中正一路65巷1至10－(連)號,92鶯使字第 0062 號,92,0062,24.954377,121.351435
1,2004/07/26,建國名園公寓管理委員會,鶯歌鎮建國路466至498－(雙)號,82鶯使字第 0101 號,82,0101,24.133384,120.675949
1,2004/08/09,名原別墅社區管理委員會,鶯歌鎮中正一路345巷26至40－(雙)號,93鶯使字第 0174 號,93,0174,24.957341,121.357453
1,2004/08/16,豐采社區管理委員會,鶯歌鎮國中街80號之1~19 ,92鶯使字第 0574 號,92,0574,24.942148,121.34137
1,2004/12/07,京華CITY公寓大廈管理委員會,鶯歌鎮二橋里高職西街1之6號7樓,93鶯使字第 0264 號,93,0264,24.941873,121.33814
1,2005/03/17,藝術名家管委會,鶯歌鎮鶯桃路94巷15弄9號,86鶯使字第0404號,86,0404,24.954488,121.339941
1,2005/03/21,文化城社區,鶯歌鎮國中街70巷14號,88鶯使字第0374號,88,0374,24.942864,121.34165
1,2005/04/19,育英文坊公寓大廈,鶯歌鎮育英街6巷21號,93鶯使字第0353號,93,0353,24.997793,121.33963
1,2005/05/02,鶯桃璞居公寓大廈負責人,鶯歌鎮鶯桃路232號,94鶯使字第0081號,94,0081,24.959374,121.336748
1,2005/05/02,生活藝術家社區,鶯歌鎮忠孝街11-1號11樓,93鶯使字第0532號,93,0532,24.956367,121.355301
1,2005/05/19,中正大廈,鶯歌鎮中正二路155-1~6號,84鶯使字第0354號,84,0354,24.94966,121.345212
1,2005/06/01,建國吉第公寓大廈管理負責人,鶯歌鎮建國路71~79號,93鶯使字第0493號,93,0493,24.952902,121.340629
1,2005/06/01,青山公寓大廈管理負責人,鶯歌鎮鶯桃路400號,93鶯使字第0236號,93,0236,24.963812,121.333557
1,2005/11/07,黃金田公寓大廈,鶯歌鎮國光街108巷29號,92鶯使字第0257 號,92,0257,24.956365,121.340556
1,2006/02/21,悅園公寓大廈,鶯歌鎮公園路13號3樓,94鶯使字第0156號,94,0156,22.878377,120.465663
1,2006/04/28,陶璽公寓大廈管理委員會,鶯歌鎮高職東街3巷36號,94鶯使字第0313號,94,0313,24.942224,121.340289
1,2006/06/12,鶯農大廈,鶯歌鎮建國路66號3樓之2,95鶯使字第0032號,95,0032,24.135694,120.681493
1,2006/08/07,鶯歌京典公寓大廈,鶯歌鎮建國路126號7樓之3,94鶯使字第0588號,94,0588,24.954083,121.351966
1,2006/08/02,御之墅社區管理委員會,鶯歌鎮高職東街19巷46弄18號,92鶯使字第0554號,92,0554,24.941731,121.341007
1,2000/11/06,巴黎大街公寓大廈(補登報備資料),鶯歌鎮南雅路33巷6弄5號3樓,89鶯使字第0524號,89,0524,24.95447,121.348755
1,1999/12/03,景陽麗園公寓大廈(補登報備資料),鶯歌鎮國華街77號3樓,82鶯使字第0223號,82,0223,22.631114,120.400485
1,2006/12/27,樹德金融商業大樓管理委員會,鶯歌鎮仁愛路1號,90鶯使字第0466號,90,0466,25.039431,121.518893
1,2006/12/27,原墅社區管理委員會,鶯歌鎮文化路473號,95鶯使字第0051號,95,0051,22.858595,120.253902
1,2007/03/05,花．禪．湯公寓大廈管理委員會,鶯歌鎮中正三路18號1樓,95鶯使字第0182號,95,0182,24.942618,121.339363
1,2007/05/18,英倫皇家公寓大廈管理委員會,鶯歌鎮建國路123號5樓,95鶯使字第0570號,95,0570,23.485182,120.436194
1,2007/07/30,佳陞公寓大廈管理負責人,鶯歌鎮中正二路177號,95鶯使字第0497號,95,0497,24.948052,121.341835
1,2007/10/01,陶花源社區管理委員會,鶯歌鎮國中街170號1樓,95鶯使字第0241號,95,0241,24.93956,121.338517
1,2007/10/26,中湖山水名邸公寓大廈,鶯歌鎮中湖街152巷7號,94鶯使字第0465號,94,0465,24.973776,121.349735
1,2008/01/18,御陶園公寓大廈管理委員會,鶯歌鎮中正一路345巷29號,96鶯使字第0269號,96,0269,24.957908,121.357337
1,2008/01/25,公園堡公寓大廈管理委員會,鶯歌鎮重慶街28號4樓,96鶯使字第0397號,96,0397,24.951937,121.350466
1,2008/01/28,豐采人生A區管理委員會,鶯歌鎮中正三路福德巷2弄18號,94鶯使字第0316號,94,0316,24.941201,121.339102
1,2008/01/28,豐采人生B區管理委員會,鶯歌鎮中正三路福德巷2弄17號3樓,95鶯使字第0037號,95,0037,24.940799,121.339316
1,2001/03/29,山水綠庭II管理委員會(補登報備資料),鶯歌鎮鶯桃路472巷61號8樓,85鶯使字第0678號 ,85,0678,24.966228,121.333129
1,2008/05/23,璞石公寓大廈管理負責人,鶯歌鎮尖山埔路183號,97鶯使字第0049號,97,0049,24.950558,121.345613
1,2008/06/11,麗寶香榭公寓大廈管理委員會,鶯歌鎮建國路18號8樓,96鶯使字第0339號,96,0339,23.483395,120.436092
1,2008/06/19,山河戀社區管理委員會,鶯歌鎮成功街6巷6號,96鶯使字第0151號,96,0151,25.022017,121.425586
1,2008/11/12,鍵生塑膠文具有限公司,鶯歌鎮大湖路185號,97鶯使字第0477號,97,0477,24.970106,121.344534
1,2009/03/02,新天母社區管理委員會,鶯歌鎮國中街175至199號,96鶯使字第0117號,96,0117,24.939063,121.338325
1,2009/03/03,鶯陶館公寓大廈管理委員會,鶯歌鎮重慶街99號,93鶯使字第0420號,93,0420,24.952241,121.347572
1,2009/05/07,豐采四季管理委員會,台北縣鶯歌鎮行政路97號,97鶯使字第193號,97,193,24.956427,121.354181
1,2009/06/03,豐采晶華公寓大廈管理委員會,台北縣鶯歌鎮行政路101號8樓,96鶯使字第730號,96,730,24.956603,121.355002
1,2009/09/10,美基天第社區管理委員會(補登資料),台北縣鶯歌鎮國慶街115巷10號3樓,84鶯使字第1106號,84,1106,24.954286,121.351067
1,2009/09/14,旭懋化工實業有限公司,台北縣鶯歌鎮永昌里18鄰建國路530號,98鶯使字第290號,98,290,24.950042,121.3395
1,2009/10/06,名紘荷韻公寓大廈管理委員會,台北縣鶯歌鎮中正一路345巷3弄5號6樓,97鶯使字第714號,97,714,24.957495,121.356961
1,2009/11/23,鶯花墅壹期社區管理委員會,台北縣鶯歌鎮尖山路212巷27號,98鶯使字第328號,98,328,24.947566,121.343136
1,2009/12/18,台北星墅社區管理委員會,台北縣鶯歌鎮鳳鳴里5鄰福安街7巷24弄48號,98鶯使字第490號,98,490,24.965896,121.334734
1,2010/01/11,國際美墅社區管理委員會,台北縣鶯歌鎮朝陽街53巷11號,94鶯使字第601號,94,601,24.977889,121.338142
1,2010/01/27,安家凱撒會館公寓大廈管理委員會,台北縣鶯歌鎮國中街69號13樓,97鶯使字第109號,97,109,24.941742,121.342284
1,2010/02/26,高峰園墅社區管理委員會,台北縣鶯歌鎮鶯桃路296巷38弄18號,98鶯使字第018號,98,018,24.960856,121.335864
1,2010/02/09,賓泰華園管理委員會,台北縣鶯歌鎮永昌街8號,82鶯使字第952號,82,952,24.949877,121.343559
1,2010/02/09,豐耘懷石社區管理委員會,台北縣鶯歌鎮中正三路238巷9號,96鶯使字第645號,96,645,24.937026,121.329705
1,2010/02/24,新香格里拉大廈管理委員會,台北縣鶯歌鎮育賢街7號7樓,81鶯使字第117號,81,117,24.954332,121.344909
1,2010/06/01,天地美墅二期管理委員會,台北縣鶯歌鎮尖山路166巷48號,98鶯使字第569號,98,569,24.949359,121.344849
1,2010/06/01,天地美墅一期管理委員會,台北縣鶯歌鎮尖山路166巷30號,98鶯使字第570號,98,570,24.949083,121.345015
1,2010/06/03,紅透天花園別墅管理委員會,台北縣鶯歌鎮鶯桃路413巷37弄20號,97鶯使字第604號,97,604,24.962934,121.330684
1,2010/07/15,光明城堡社區管理委員會,台北縣鶯歌鎮光明街198號,99鶯使字第216號,99,216,24.955836,121.343922
1,2010/07/21,良家社區管理委員會,台北縣鶯歌鎮國光街96號8樓,98鶯使字第451號,98,451,24.957674,121.341503
1,2007/06/23,名宸大地公寓大廈管理委員會(補登資料),台北縣鶯歌鎮陽明街2號4樓,88鶯使字第005號,88,005,25.021698,121.466898
1,2010/11/29,正林堂大廈管理負責人,台北縣鶯歌鎮重慶街69號,99鶯使字第496號,99,496,24.951754,121.349069
1,2010/11/15,台北捷座公寓大廈管理委員會,台北縣鶯歌鎮建國路8號7樓之1,99鶯使字第201號,99,201,24.973459,121.540002
1,2010/12/31,金富貴社區管理委員會,新北市鶯歌區國華路26號,97鶯使字第331號,97,331,24.955988,121.342794
1,2011/03/07,豐采晶鑽公寓大廈管理委員會,新北市鶯歌區行政路97－12號2樓,99鶯使字第457號,99,457,24.956696,121.354729
1,2011/06/08,文化社區公寓大廈管理委員會,新北市鶯歌區文化路217巷15號2樓,85鶯使字第137號,85,137,24.952807,121.35401
1,2011/06/15,悅陽日坊管理委員會,新北市鶯歌區鶯桃路365巷18弄32號,97鶯使字第580號,97,580,24.963588,121.332545
1,2011/06/21,皇家金鑽管理委員會,新北市鶯歌區中正三路247巷53－1號,97鶯使字第074號,97,074,24.93682,121.333629
1,2010/07/19,四季陽光第三期社區管理委員會(補登資料),新北市鶯歌區永明街60巷9－1號7樓,87鶯使字第788號,87,788,24.955342,121.340674
1,2012/04/11,鳳鳴捷運站公寓大廈管理委員會,新北市鶯歌區鶯桃路668巷123弄20號,99鶯使字第527號,99,527,24.971636,121.329023
1,2012/04/16,傳承大樓管理委員會,新北市鶯歌區中山路175號,100鶯使字第427號,100,427,24.956892,121.348226
1,2012/05/10,鶯花墅貳期社區管理委員會,新北市鶯歌區尖山路216號,98鶯使字第329號,98,329,24.946984,121.343401
1,2012/07/16,尊榮貴族大廈管理委員會,新北市鶯歌區鶯桃路296巷106-128號,99鶯使字第565號,99,565,24.962326,121.337181
1,2012/08/18,鶯歌經典公寓大廈管理委員會,新北市鶯歌區建國路122號,94鶯使字第588號,94,588,24.954221,121.352003
1,2012/08/19,豐采透天社區管理委員會,新北市鶯歌區德昌街145巷3號,94鶯使字第014號,94,014,24.959955,121.332318
1,2012/09/17,悅榕居社區管理委員會,新北市鶯歌區尖山路191巷19號,101鶯使字第002號,101,002,24.947109,121.344872
1,2012/10/21,華登經典NO.8社區管理委員會,新北市鶯歌區育智路25號,100鶯使字第567號,100,567,24.955404,121.345099
1,2012/12/19,真鑽大街管理委員會,新北市鶯歌區育才街37號,101鶯使字第090號,101,090,24.954964,121.348725
1,2012/12/20,新月金鑽公寓大廈管理委員會,新北市鶯歌區尖山路201號,101鶯使字第248號,101,248,24.947016,121.343937
1,2013/02/26,欣百齡物流公寓大廈管理委員會,新北市鶯歌區福德一路1號,101鶯使字第0462號,101,0462,24.966273,121.329928
1,2013/03/22,陶莊社區大廈管理委員會(補登),新北市鶯歌區鶯桃路365巷56~84號及365巷76弄1-27號,84鶯使字第750號,84,750,24.962243,121.330654
1,2013/05/31,閱讀MIHO公寓大廈管理委員會,新北市鶯歌區高職西街86號等,101鶯使字第302號,101,302,24.941984,121.336035
1,2013/05/29,益成居公寓大廈管理委員會,新北市鶯歌區育才街36號等,101鶯使字第194號,101,194,24.955065,121.348378
1,2013/07/25,寶錸大廈,新北市鶯歌區尖山埔路二段15號等,102鶯使字第180號,102,180,24.949045,121.342716
1,2013/08/01,金品富邸公寓大廈管理委員會,新北市鶯歌區尖山路156巷75號等,101鶯使字第500號,101,500,24.949503,121.345866
1,2013/10/28,憬德良品大廈管理委員會,新北市鶯歌區文化路256巷22號等,102鶯使字第314號,102,314,24.947664,121.352087
1,2013/12/11,豪鑽商業大樓管理委員會,新北市鶯歌區建國路85號,85鶯使字第968號,85,968,24.9539,121.353189
1,2014/01/14,力天揚名社區管理委員會,新北市鶯歌區中山路329巷26弄12號等,102鶯使字第424號,102,424,24.956066,121.344988
1,2014/03/07,億昌陶瓷館管理委員會,新北市鶯歌區陶瓷街12號等,102鶯使字第558號,102,558,24.95157,121.34844
1,2014/03/07,創意園地管理委員會,新北市鶯歌區陶瓷街19號等,102鶯使字第557號,102,557,24.951802,121.348367
1,2014/03/07,嘉輝公寓大廈管理委員會,新北市鶯歌區中正三路156巷8-10號等,103鶯使字第021號,103,021,24.941023,121.332599
1,2014/03/27,山姆管理委員會,新北市鶯歌區仁愛路66號等,100鶯使字第542號,100,542,24.954726,121.353983
1,2014/06/09,華登御墅NO.11社區管理委員會,新北市鶯歌區尖山路86巷15號等,103鶯使字第027號,103,027,24.949618,121.347209
1,2014/07/21,宇宏鴻堂公寓大廈管理委員會,新北市鶯歌區尖山路240巷21弄1-1號等,102鶯使字第376號,102,376,24.947317,121.34201
1,2014/08/06,育智公寓大廈管理委員會,"新北市鶯歌區育智路73,73-1號",85鶯使字第251號,85,251,24.953491,121.345161
1,2014/08/18,文房市寶公寓大廈管理委員會(補登),新北市鶯歌區德昌街11至77號(單),89鶯使字第776號,89,776,24.959882,121.33398
1,2014/10/09,三鶯學府公寓大廈管理委員會,"新北市鶯歌區尖山埔路263,265,265之1至之8號",83鶯使字第166號,83,166,24.949515,121.343863
1,2014/12/12,陶墅館社區管理委員會,新北市鶯歌區德昌街197巷63號等,101鶯使字第469號,101,469,24.959132,121.33198
1,2015/08/17,文源國寶公寓大廈管理委員會,鶯歌區建國路536號,104鶯使字第246號,104,246,24.949829,121.339012
1,2015/10/23,雷諾瓦社區管理委員會,鶯歌區國中街163號2樓,104鶯使字第149號,104,149,24.93986,121.339584
1,2016/01/26,成發居公寓大廈管理委員會,新北市鶯歌區文化路233號,104鶯使字第00307號,104,00307,24.953243,121.353993
1,2016/07/28,華登蒔繪社區管理委會,新北市鶯歌區育智路2號,103鶯使字第00156號,103,00156,24.955689,121.344958
1,2016/09/06,宜佳鋼構管理委員會,新北市鶯歌區中正三路445巷16號,105鶯使字第00271號,105,00271,24.934231,121.323335
1,2016/11/08,鶯歌88公寓大廈管理負責人,新北市鶯歌區重慶街88號,105鶯使字第00318號,105,00318,24.952234,121.348473
1,2016/12/12,明麗公寓管理委員會,新北市鶯歌區文化路559號,101鶯使字第00527號,101,00527,24.947303,121.353061
1,2017/01/06,豐采如玉管理委員會,新北市鶯歌區中正一路226-5號等,104鶯使字第00590號,104,00590,24.956667,121.353919
1,2017/02/06,微笑日日社區管理委員會,新北市鶯歌區尖山路212巷16號二樓等,105鶯使字第00192號,105,00192,24.947959,121.342954
1,2017/03/02,豐采富寓管理委員會,新北市鶯歌區行政路89號等,104鶯使字第00115號,104,00115,24.956126,121.353458
1,2017/04/11,鑫寶八方心砌社區管理委員會,新北市鶯歌區國慶街22號等,105鶯使字第00489號,105,00489,24.956118,121.34945
1,2017/05/03,逸墅管理負責人委員會,新北市鶯歌區二甲路97-2號等,105鶯使字第00309號,105,00309,24.937888,121.340366
1,2017/09/05,東方明珠公寓大廈管理委員會,新北市鶯歌區中正三路400號(管理室),106鶯使字第00078號,106,00078,24.934799,121.326122
1,2017/09/07,文華居社區管理委員會,新北市鶯歌區中山路319號等,106鶯使字第00110號,106,00110,24.95684,121.343998
1,2017/09/08,鴻宇堂大廈社區管理委員會,新北市鶯歌區尖山路211巷5號等 ,105鶯使字第00457號,105,00457,24.946445,121.343866
1,2018/01/19,台北光禾公寓大廈管理委員會,新北市鶯歌區文化路221號,106鶯使字第00328號,106,00328,24.953327,121.354353
1,2018/02/27,金鶯鎮管理委員會,新北市鶯歌區尖山路212巷12號等,106鶯使字第00349號,106,00349,24.947787,121.343461
1,2018/04/10,富冠貿易管理委員會,新北市鶯歌區建國路405巷18號等,107鶯使字第00287號,107,00287,24.951612,121.33664
1,2018/05/09,鋒勳首邸公寓大廈管理委員會,新北市鶯歌區行政路65號等,106鶯使字第00483號,106,00483,24.956009,121.353007
1,2018/10/24,慕嵐社區管理委員會,新北市鶯歌區國中街113號,106鶯使字第00443號,106,00443,24.94107,121.341384
1,2018/10/31,豪葳居社區管理委員會,新北市鶯歌區尖山里尖山路140巷6-1號 ,106鶯使字第00528號,106,00528,24.949117,121.346538
1,2018/10/31,青花瓷社區管理委員會,新北市鶯歌區尖山里5鄰尖山路270-1號 ,105鶯使字第00107號,105,00107,24.945501,121.341128
1,2018/06/27,"菁英薈社區管理委員會(1071126補登,公所疏漏未登錄智慧APP)",新北市鶯歌區鳳七路298號10樓,106鶯使字第00484號,106,00484,24.973306,121.328979
1,2018/12/12,寶筑君品社區管理委員會,新北市鶯歌區高職西街116號,105鶯使字第00334號,105,00334,24.940988,121.335897
1,2018/12/22,華登天囍社區管理委員會,新北市鶯歌區尖山路136號,107鶯使字第00283號,107,00283,24.948758,121.346853
1,2018/07/13,皇第社區管理委員會(公所未登APP.1080123補登),新北市鶯歌區尖山路183號3樓,82鶯使字第01541號,82,01541,24.947295,121.344517
1,2018/07/02,易居邦一期社區管理委員會,新北市鶯歌區尖山里8鄰國中街121號2樓 ,106鶯使字第00566號,106,00566,24.940881,121.341089
1,2019/01/08,合嘉易居邦二期社區管理委員會,新北市鶯歌區國中街127號1樓,107鶯使字第00278號,107,00278,24.940269,121.340674
1,2018/07/02,謙學社區管理委員會(補登1080326),新北市鶯歌區中正三路137號等 ,106鶯使字第00555號,106,00555,24.940269,121.337254
1,2019/04/11,陶哲社區管理委員會,新北市鶯歌區國中街55號,107鶯使字第00389號,107,00389,24.942118,121.342395
1,2019/04/26,富貴臨門社區管理委員會,新北市鶯歌區中山路329巷8號,81鶯使字第00083號,81,00083,24.956465,121.343779
1,2019/05/03,龍騰公寓大廈管理委員會,新北市鶯歌區尖山路38號2樓,88鶯使字第00212號,88,00212,24.950396,121.351086
1,2019/05/22,中正新都心II管理委員會,"新北市鶯歌區育德街5號3樓(建管系統key""路"")",81鶯使字第01169號,81,01169,24.955113,121.34466
1,2019/05/22,德蘭管理負責人,新北市鶯歌區尖山埔路223號,106鶯使字第00583號,106,00583,24.95024,121.344863
1,2019/07/03,和瑞微美社區管理委員會,新北市鶯歌區鳳五路6-6號,106鶯使字第00453號,106,00453,24.971406,121.331463
1,2019/07/25,世大化成管理負責人,新北市鶯歌區八德路56號,108鶯使字第00089號,108,00089,24.956045,121.329274
1,2018/08/31,樂陶陶社區管理委員會(10808補登),新北市鶯歌區二橋街1號,105鶯使字第00282號,105,00282,24.939606,121.337104
1,2019/08/23,長虹陶都公寓大廈管理委員會,新北市鶯歌區中山路151號2樓等,106鶯使字第00587號,106,00587,24.956585,121.349281
1,2018/06/20,建合興業管理負責人(10808補登),新北市鶯歌區建國路405巷3號 ,105鶯使字第00297號,105,00297,24.950775,121.336644
1,2019/09/18,私客創旅管理負責人,新北市鶯歌區尖山埔路89號,108鶯使字第00095號,108,00095,24.950942,121.347497
1,2019/09/18,泰鄉管理負責人,新北市鶯歌區德昌二街82號,107鶯使字第00236號,107,00236,24.957201,121.333065
1,2019/09/02,東泰管理負責人,新北市鶯歌區中湖街329號,108鶯使字第00170號,108,00170,24.979596,121.345056
1,2019/09/02,傑比西管理負責人,新北市鶯歌區中湖街327號,108鶯使字第00169號,108,00169,24.979465,121.345262
1,2019/10/01,富利淂管理負責人,新北市鶯歌區二甲路79號,108鶯使字第00146號,108,00146,24.937888,121.340366
1,2019/10/17,福居管理負責人,新北市鶯歌區尖山路196-2號,108鶯使字第00194號,108,00194,24.947581,121.343919
1,2019/11/22,三發丰悅社區管理委員會,新北市鶯歌區永和街75號,106鶯使字第00432號,106,00432,24.968205,121.333125
1,2019/11/29,雙捷A+社區管理委員會,新北市鶯歌區鳳鳴路265號,108鶯使字第00227號,108,00227,24.969488,121.334101
1,2019/12/20,家讚社區管理委員會,新北市鶯歌區中正三路福德巷7-2號,108鶯使字第00299號,108,00299,24.941617,121.339746
1,2019/12/26,陶之尊管理負責人,新北市鶯歌區文化路136巷52弄1號等,083鶯使字第01443號,083,01443,24.950589,121.351051
1,2019/12/31,鳳鳴尊邸公寓大廈管理委員會,新北市鶯歌區龍五路160號,108鶯使字第00126號,108,00126,24.971575,121.333374
1,2020/01/20,廷元管理負責人,新北市鶯歌區建國路405巷20號,108鶯使字第00189號,108,00189,24.951858,121.33656
1,2020/01/22,幸福社區管理委員會,新北市鶯歌區尖山路212巷10號,108鶯使字第00143號,108,00143,24.947507,121.343394
1,2020/03/16,微笑京采社區管理委員會,新北市鶯歌區尖山路212巷31號,108鶯使字第00389號,108,00389,24.947707,121.343068
1,2020/04/29,信源管理負責人,新北市鶯歌區鶯桃路76號,108鶯使字第00453號,108,00453,24.953531,121.340205
1,2020/06/23,新城管理負責人,新北市鶯歌區中正三路156巷8-11號等,106鶯使字第00504號,106,00504,24.940936,121.333451
1,2020/06/23,金鶯一品社區管理委員會,新北市鶯歌區尖山路217號等,108鶯使字第00380號,108,00380,24.946024,121.342488
1,2020/07/06,菁英薈II社區管理委員會,新北市鶯歌區龍三路51號等,108鶯使字第00387號,108,00387,24.9726,121.33078
1,2020/07/10,印象時代公寓大廈管理委員會,新北市鶯歌區國中街2-1號,108鶯使字第00455號,108,00455,24.945022,121.341662
1,2020/07/15,中正名廈管理委員會,新北市鶯歌區中正三路33號等,083鶯使字第01342號,083,01342,24.942212,121.339152
1,2020/06/09,新御花園管理委員會-10907補登,新北市鶯歌區尖山路173巷1號,082鶯使字第00981號,082,00981,24.947298,121.344987
1,2020/07/20,金鶯家管理委員會,新北市鶯歌區光復街69-1號等,108鶯使字第00355號,108,00355,24.956491,121.350787
1,2020/08/17,黃金田公寓大廈管理委員會,新北市鶯歌區永明街67號,92鶯使字第257號,92,257,24.956168,121.340605
1,2020/08/24,i幸福公寓大廈管理委員會,新北市鶯歌區中正三路5巷60號,104鶯使字第00111號,104,00111,24.942705,121.340172
1,2020/09/07,幸福莊園社區管理委員會,新北市鶯歌區鳳福路155號,108鶯使字第00401號,108,00401,24.97513,121.33014
1,2020/11/06,深耕11期社區管理委員會,新北市鶯歌區永和街80號,106鶯使字第00248號,106,00248,24.968491,121.333895
1,2020/11/18,心自慢易居邦III期社區管理委員會,新北市鶯歌區國中街119-1號,109鶯使字第00208號,109,00208,24.940742,121.341525
1,2020/12/31,八方喜樂社區管理委員會,新北市鶯歌區鳳五路87號,109鶯使字第00194號,109,00194,24.972362,121.330202
1,2021/01/02,豐采玫瑰公寓大廈管理委員會,新北市鶯歌區高職西街38-1號,108鶯使字第00002號,108,00002,24.942466,121.337329
1,2021/01/25,台北捷韻公寓大廈管理委員會,新北市鶯歌區國光街57號,109鶯使字第00260號,109,00260,24.957151,121.340068
1,2021/03/09,金鶯居管理負責人,新北市鶯歌區尖山路215號,109鶯使字第00300號,109,00300,24.946152,121.342556
1,2021/03/16,鴻堂三期公寓大廈管理委員會,新北市鶯歌區大湖路85巷1號,109鶯使字第00226號,109,00226,24.962686,121.342097
1,2021/04/05,華登天美社區管理委員會,新北市鶯歌區高職西街1-10號等,109鶯使字第00331號,109,00331,24.941662,121.338207
1,2021/04/18,景程禾雅社區管理委員會,新北市鶯歌區鳳鳴路509號等,109鶯使字第00277號,109,00277,24.972337,121.331749
1,2021/06/09,中湖苑公寓大廈管理委員會,新北市鶯歌區中湖街55號,110鶯使字第27號,110,27,24.973531,121.349459
1,2021/09/21,金鶯花園社區管理委員會,新北市鶯歌區尖山路266-5號,109鶯使字第433號,109,433,24.946232,121.341461
1,2021/10/01,森晴社區管理委員會,新北市鶯歌區鳳七路282號等,109鶯使字第419號,109,419,24.973147,121.328907
1,2021/10/02,森朵社區管理委員會,新北市鶯歌區鶯歌路281號等,110鶯使字第004號,110,004,24.970824,121.334622
1,2021/10/03,森藏社區管理委會,新北市鶯歌區永和街91號等,109鶯使字第349號,109,349,24.968419,121.333417
1,2021/10/23,鳳茗HOYA社區管理委員會,新北市鶯歌區鶯歌路101號,110鶯使字第186號,110,186,24.969877,121.331577
1,2021/11/07,幸福莊園2社區管理委員會,新北市鶯歌區鳳福路177號,109鶯使字第430號,109,430,24.975473,121.330709
1,2021/11/08,日日社區管理委員會,新北市鶯歌區鳳福路215號等,110鶯使字第087號,110,087,24.975845,121.331452
1,2021/11/26,凱暉管理負責人,新北市鶯歌區環河路190號,109鶯使字第376號,109,376,24.933282,121.342122
1,2021/12/02,騰昱管理負責人,新北市鶯歌區建國路405巷12號,110鶯使字第111號,110,111,24.951369,121.336766
1,2021/12/23,戀戀陶城社區管理委員會,新北市鶯歌區尖山埔路239巷3號,110鶯使字第226號,110,226,24.949929,121.344731
1,2022/01/20,卓公館管理負責人,新北市鶯歌區永昌街118號,110鶯使字第330號,110,330,24.950056,121.340611
1,2022/01/19,泱泱社區管理委員會,新北市鶯歌區永和街161號,110鶯使字第088號,110,088,24.969714,121.335015
1,2022/02/11,青年城公寓大廈管理委員會,新北市鶯歌區尖山埔路165巷3弄12號,88鶯使字第056號,88,056,24.950626,121.346748
1,2022/03/10,公園翫社區管理委員會,新北市鶯歌區龍五路282號,110鶯使字第280號,110,280,24.971575,121.333374
1,2022/03/31,新由田管理負責人,新北市鶯歌區八德路3-8號,107鶯使字第428號,107,428,24.948535,121.337435
